game_id,player,team,subject,correct,negs,points
i1,Aniket Mangalampalli,Mission San Jose B,chemistry,0,0,0
i1,Aniket Mangalampalli,Mission San Jose B,biology,0,0,0
i1,Aniket Mangalampalli,Mission San Jose B,energy,0,0,0
i1,Aniket Mangalampalli,Mission San Jose B,physics,0,0,0
i1,Aniket Mangalampalli,Mission San Jose B,math,4,0,16
i1,Aniket Mangalampalli,Mission San Jose B,ess,1,0,4
i1,Aniket Mangalampalli,Mission San Jose B,overall,5,0,20
i1,Advai Srinivasan,Mission San Jose B,chemistry,0,0,0
i1,Advai Srinivasan,Mission San Jose B,biology,0,0,0
i1,Advai Srinivasan,Mission San Jose B,energy,0,0,0
i1,Advai Srinivasan,Mission San Jose B,physics,0,0,0
i1,Advai Srinivasan,Mission San Jose B,math,0,0,0
i1,Advai Srinivasan,Mission San Jose B,ess,0,0,0
i1,Advai Srinivasan,Mission San Jose B,overall,0,0,0
i1,Daniel Liu,Mission San Jose B,chemistry,0,0,0
i1,Daniel Liu,Mission San Jose B,biology,1,0,4
i1,Daniel Liu,Mission San Jose B,energy,0,0,0
i1,Daniel Liu,Mission San Jose B,physics,0,0,0
i1,Daniel Liu,Mission San Jose B,math,0,0,0
i1,Daniel Liu,Mission San Jose B,ess,1,0,4
i1,Daniel Liu,Mission San Jose B,overall,2,0,8
i1,Theenash Sengupta,Mission San Jose B,chemistry,2,0,8
i1,Theenash Sengupta,Mission San Jose B,biology,3,0,12
i1,Theenash Sengupta,Mission San Jose B,energy,2,1,4
i1,Theenash Sengupta,Mission San Jose B,physics,0,0,0
i1,Theenash Sengupta,Mission San Jose B,math,0,0,0
i1,Theenash Sengupta,Mission San Jose B,ess,0,0,0
i1,Theenash Sengupta,Mission San Jose B,overall,7,1,24
i1,Allie Jackson,Palo Alto B,chemistry,0,0,0
i1,Allie Jackson,Palo Alto B,biology,0,0,0
i1,Allie Jackson,Palo Alto B,energy,0,0,0
i1,Allie Jackson,Palo Alto B,physics,0,0,0
i1,Allie Jackson,Palo Alto B,math,0,0,0
i1,Allie Jackson,Palo Alto B,ess,0,0,0
i1,Allie Jackson,Palo Alto B,overall,0,0,0
i1,Inhoo Chang,Palo Alto B,chemistry,0,0,0
i1,Inhoo Chang,Palo Alto B,biology,0,0,0
i1,Inhoo Chang,Palo Alto B,energy,0,0,0
i1,Inhoo Chang,Palo Alto B,physics,0,0,0
i1,Inhoo Chang,Palo Alto B,math,0,0,0
i1,Inhoo Chang,Palo Alto B,ess,0,0,0
i1,Inhoo Chang,Palo Alto B,overall,0,0,0
i1,Andrew Wang,Palo Alto B,chemistry,0,0,0
i1,Andrew Wang,Palo Alto B,biology,0,0,0
i1,Andrew Wang,Palo Alto B,energy,0,0,0
i1,Andrew Wang,Palo Alto B,physics,1,0,4
i1,Andrew Wang,Palo Alto B,math,0,0,0
i1,Andrew Wang,Palo Alto B,ess,0,0,0
i1,Andrew Wang,Palo Alto B,overall,1,0,4
i1,Jonathan Yuen,Palo Alto B,chemistry,0,0,0
i1,Jonathan Yuen,Palo Alto B,biology,0,0,0
i1,Jonathan Yuen,Palo Alto B,energy,0,0,0
i1,Jonathan Yuen,Palo Alto B,physics,0,0,0
i1,Jonathan Yuen,Palo Alto B,math,0,0,0
i1,Jonathan Yuen,Palo Alto B,ess,0,0,0
i1,Jonathan Yuen,Palo Alto B,overall,0,0,0
i1,Arnav Gupta,Mission San Jose B,physics,0,0,0
i1,Arnav Gupta,Mission San Jose B,ess,0,0,0
i1,Arnav Gupta,Mission San Jose B,chemistry,0,0,0
i1,Arnav Gupta,Mission San Jose B,energy,0,0,0
i1,Arnav Gupta,Mission San Jose B,math,0,0,0
i1,Arnav Gupta,Mission San Jose B,overall,0,0,0
i1,Jeremy Yuen,Palo Alto B,physics,0,0,0
i1,Jeremy Yuen,Palo Alto B,ess,0,0,0
i1,Jeremy Yuen,Palo Alto B,chemistry,0,0,0
i1,Jeremy Yuen,Palo Alto B,energy,0,0,0
i1,Jeremy Yuen,Palo Alto B,math,0,0,0
i1,Jeremy Yuen,Palo Alto B,overall,0,0,0
i2,Caleb Obico,Saint Francis,chemistry,0,0,0
i2,Caleb Obico,Saint Francis,biology,0,0,0
i2,Caleb Obico,Saint Francis,energy,0,0,0
i2,Caleb Obico,Saint Francis,physics,0,0,0
i2,Caleb Obico,Saint Francis,math,0,0,0
i2,Caleb Obico,Saint Francis,ess,0,0,0
i2,Caleb Obico,Saint Francis,overall,0,0,0
i2,Alexander Xia,Saint Francis,chemistry,0,0,0
i2,Alexander Xia,Saint Francis,biology,0,0,0
i2,Alexander Xia,Saint Francis,energy,0,0,0
i2,Alexander Xia,Saint Francis,physics,0,0,0
i2,Alexander Xia,Saint Francis,math,0,0,0
i2,Alexander Xia,Saint Francis,ess,0,0,0
i2,Alexander Xia,Saint Francis,overall,0,0,0
i2,Ishan Pachauri,Saint Francis,chemistry,3,0,12
i2,Ishan Pachauri,Saint Francis,biology,3,0,12
i2,Ishan Pachauri,Saint Francis,energy,2,0,8
i2,Ishan Pachauri,Saint Francis,physics,0,0,0
i2,Ishan Pachauri,Saint Francis,math,0,0,0
i2,Ishan Pachauri,Saint Francis,ess,1,0,4
i2,Ishan Pachauri,Saint Francis,overall,9,0,36
i2,Anirudh Kannan,Saint Francis,chemistry,0,0,0
i2,Anirudh Kannan,Saint Francis,biology,0,0,0
i2,Anirudh Kannan,Saint Francis,energy,1,0,4
i2,Anirudh Kannan,Saint Francis,physics,1,0,4
i2,Anirudh Kannan,Saint Francis,math,0,0,0
i2,Anirudh Kannan,Saint Francis,ess,0,0,0
i2,Anirudh Kannan,Saint Francis,overall,2,0,8
i2,William Zhao,Dougherty Valley A,chemistry,0,0,0
i2,William Zhao,Dougherty Valley A,biology,0,0,0
i2,William Zhao,Dougherty Valley A,energy,0,0,0
i2,William Zhao,Dougherty Valley A,physics,2,0,8
i2,William Zhao,Dougherty Valley A,math,4,0,16
i2,William Zhao,Dougherty Valley A,ess,1,0,4
i2,William Zhao,Dougherty Valley A,overall,7,0,28
i2,Pleban Mishra,Dougherty Valley A,chemistry,0,0,0
i2,Pleban Mishra,Dougherty Valley A,biology,0,0,0
i2,Pleban Mishra,Dougherty Valley A,energy,0,0,0
i2,Pleban Mishra,Dougherty Valley A,physics,0,0,0
i2,Pleban Mishra,Dougherty Valley A,math,0,0,0
i2,Pleban Mishra,Dougherty Valley A,ess,0,0,0
i2,Pleban Mishra,Dougherty Valley A,overall,0,0,0
i2,Akshaj Challa,Dougherty Valley A,chemistry,0,0,0
i2,Akshaj Challa,Dougherty Valley A,biology,1,0,4
i2,Akshaj Challa,Dougherty Valley A,energy,0,0,0
i2,Akshaj Challa,Dougherty Valley A,physics,0,0,0
i2,Akshaj Challa,Dougherty Valley A,math,0,0,0
i2,Akshaj Challa,Dougherty Valley A,ess,0,0,0
i2,Akshaj Challa,Dougherty Valley A,overall,1,0,4
i2,Anthony Wei,Dougherty Valley A,chemistry,0,0,0
i2,Anthony Wei,Dougherty Valley A,biology,0,0,0
i2,Anthony Wei,Dougherty Valley A,energy,0,0,0
i2,Anthony Wei,Dougherty Valley A,physics,0,0,0
i2,Anthony Wei,Dougherty Valley A,math,0,0,0
i2,Anthony Wei,Dougherty Valley A,ess,0,0,0
i2,Anthony Wei,Dougherty Valley A,overall,0,0,0
i3,Yash Madireddy,BASIS Independent B,chemistry,0,0,0
i3,Yash Madireddy,BASIS Independent B,biology,0,0,0
i3,Yash Madireddy,BASIS Independent B,energy,0,0,0
i3,Yash Madireddy,BASIS Independent B,physics,0,0,0
i3,Yash Madireddy,BASIS Independent B,math,0,0,0
i3,Yash Madireddy,BASIS Independent B,ess,0,0,0
i3,Yash Madireddy,BASIS Independent B,overall,0,0,0
i3,Brady Yang,BASIS Independent B,chemistry,1,0,4
i3,Brady Yang,BASIS Independent B,biology,0,0,0
i3,Brady Yang,BASIS Independent B,energy,1,0,4
i3,Brady Yang,BASIS Independent B,physics,0,0,0
i3,Brady Yang,BASIS Independent B,math,1,0,4
i3,Brady Yang,BASIS Independent B,ess,0,0,0
i3,Brady Yang,BASIS Independent B,overall,3,0,12
i3,Aya Ahmad,BASIS Independent B,chemistry,0,0,0
i3,Aya Ahmad,BASIS Independent B,biology,0,0,0
i3,Aya Ahmad,BASIS Independent B,energy,0,0,0
i3,Aya Ahmad,BASIS Independent B,physics,0,0,0
i3,Aya Ahmad,BASIS Independent B,math,1,0,4
i3,Aya Ahmad,BASIS Independent B,ess,1,0,4
i3,Aya Ahmad,BASIS Independent B,overall,2,0,8
i3,Ashlee Zhou,BASIS Independent B,chemistry,0,0,0
i3,Ashlee Zhou,BASIS Independent B,biology,1,0,4
i3,Ashlee Zhou,BASIS Independent B,energy,0,0,0
i3,Ashlee Zhou,BASIS Independent B,physics,0,0,0
i3,Ashlee Zhou,BASIS Independent B,math,0,0,0
i3,Ashlee Zhou,BASIS Independent B,ess,0,0,0
i3,Ashlee Zhou,BASIS Independent B,overall,1,0,4
i3,Joshua Tittiranonda,Stanford Online,chemistry,1,0,4
i3,Joshua Tittiranonda,Stanford Online,biology,1,0,4
i3,Joshua Tittiranonda,Stanford Online,energy,0,0,0
i3,Joshua Tittiranonda,Stanford Online,physics,1,0,4
i3,Joshua Tittiranonda,Stanford Online,math,0,0,0
i3,Joshua Tittiranonda,Stanford Online,ess,0,0,0
i3,Joshua Tittiranonda,Stanford Online,overall,3,0,12
i3,Keshav Narang,Stanford Online,chemistry,1,0,4
i3,Keshav Narang,Stanford Online,biology,0,1,-4
i3,Keshav Narang,Stanford Online,energy,0,0,0
i3,Keshav Narang,Stanford Online,physics,1,0,4
i3,Keshav Narang,Stanford Online,math,0,0,0
i3,Keshav Narang,Stanford Online,ess,0,0,0
i3,Keshav Narang,Stanford Online,overall,2,1,4
i3,Nathan Bowman,Stanford Online,chemistry,0,0,0
i3,Nathan Bowman,Stanford Online,biology,0,0,0
i3,Nathan Bowman,Stanford Online,energy,0,0,0
i3,Nathan Bowman,Stanford Online,physics,0,0,0
i3,Nathan Bowman,Stanford Online,math,1,0,4
i3,Nathan Bowman,Stanford Online,ess,0,0,0
i3,Nathan Bowman,Stanford Online,overall,1,0,4
i3,Hannah Bowman,Stanford Online,chemistry,0,0,0
i3,Hannah Bowman,Stanford Online,biology,2,0,8
i3,Hannah Bowman,Stanford Online,energy,0,0,0
i3,Hannah Bowman,Stanford Online,physics,0,0,0
i3,Hannah Bowman,Stanford Online,math,0,0,0
i3,Hannah Bowman,Stanford Online,ess,1,0,4
i3,Hannah Bowman,Stanford Online,overall,3,0,12
i4,Vladislav Khitrov,California B,chemistry,0,0,0
i4,Vladislav Khitrov,California B,biology,0,0,0
i4,Vladislav Khitrov,California B,energy,0,0,0
i4,Vladislav Khitrov,California B,physics,0,0,0
i4,Vladislav Khitrov,California B,math,0,0,0
i4,Vladislav Khitrov,California B,ess,0,0,0
i4,Vladislav Khitrov,California B,overall,0,0,0
i4,Kavin Jain,California B,chemistry,0,0,0
i4,Kavin Jain,California B,biology,0,0,0
i4,Kavin Jain,California B,energy,0,0,0
i4,Kavin Jain,California B,physics,0,0,0
i4,Kavin Jain,California B,math,0,0,0
i4,Kavin Jain,California B,ess,0,0,0
i4,Kavin Jain,California B,overall,0,0,0
i4,Vihaan Tigadikar,California B,chemistry,1,0,4
i4,Vihaan Tigadikar,California B,biology,0,0,0
i4,Vihaan Tigadikar,California B,energy,0,0,0
i4,Vihaan Tigadikar,California B,physics,0,0,0
i4,Vihaan Tigadikar,California B,math,0,0,0
i4,Vihaan Tigadikar,California B,ess,0,0,0
i4,Vihaan Tigadikar,California B,overall,1,0,4
i4,Lucas Chi,California B,chemistry,0,0,0
i4,Lucas Chi,California B,biology,1,0,4
i4,Lucas Chi,California B,energy,0,0,0
i4,Lucas Chi,California B,physics,0,0,0
i4,Lucas Chi,California B,math,0,0,0
i4,Lucas Chi,California B,ess,1,0,4
i4,Lucas Chi,California B,overall,2,0,8
i4,Phoebe Xu,North Hollywood,chemistry,0,0,0
i4,Phoebe Xu,North Hollywood,biology,0,0,0
i4,Phoebe Xu,North Hollywood,energy,0,0,0
i4,Phoebe Xu,North Hollywood,physics,0,0,0
i4,Phoebe Xu,North Hollywood,math,1,0,4
i4,Phoebe Xu,North Hollywood,ess,0,0,0
i4,Phoebe Xu,North Hollywood,overall,1,0,4
i4,Boheng Cao,North Hollywood,chemistry,0,0,0
i4,Boheng Cao,North Hollywood,biology,0,0,0
i4,Boheng Cao,North Hollywood,energy,0,0,0
i4,Boheng Cao,North Hollywood,physics,4,0,16
i4,Boheng Cao,North Hollywood,math,3,0,12
i4,Boheng Cao,North Hollywood,ess,0,0,0
i4,Boheng Cao,North Hollywood,overall,7,0,28
i4,Connor Zhao,North Hollywood,chemistry,2,0,8
i4,Connor Zhao,North Hollywood,biology,0,0,0
i4,Connor Zhao,North Hollywood,energy,2,0,8
i4,Connor Zhao,North Hollywood,physics,0,0,0
i4,Connor Zhao,North Hollywood,math,0,0,0
i4,Connor Zhao,North Hollywood,ess,2,0,8
i4,Connor Zhao,North Hollywood,overall,6,0,24
i4,Suzuko Ohshima,North Hollywood,chemistry,0,0,0
i4,Suzuko Ohshima,North Hollywood,biology,3,0,12
i4,Suzuko Ohshima,North Hollywood,energy,0,0,0
i4,Suzuko Ohshima,North Hollywood,physics,0,0,0
i4,Suzuko Ohshima,North Hollywood,math,0,0,0
i4,Suzuko Ohshima,North Hollywood,ess,1,1,0
i4,Suzuko Ohshima,North Hollywood,overall,4,1,12
i5,Roland Pratt,Irvington,chemistry,0,0,0
i5,Roland Pratt,Irvington,biology,0,0,0
i5,Roland Pratt,Irvington,energy,0,0,0
i5,Roland Pratt,Irvington,physics,0,0,0
i5,Roland Pratt,Irvington,math,1,0,4
i5,Roland Pratt,Irvington,ess,0,0,0
i5,Roland Pratt,Irvington,overall,1,0,4
i5,Pearl Shah,Irvington,chemistry,0,0,0
i5,Pearl Shah,Irvington,biology,1,0,4
i5,Pearl Shah,Irvington,energy,1,0,4
i5,Pearl Shah,Irvington,physics,0,0,0
i5,Pearl Shah,Irvington,math,0,0,0
i5,Pearl Shah,Irvington,ess,0,0,0
i5,Pearl Shah,Irvington,overall,2,0,8
i5,Samyuktha Lakshmi,Irvington,chemistry,0,0,0
i5,Samyuktha Lakshmi,Irvington,biology,0,0,0
i5,Samyuktha Lakshmi,Irvington,energy,0,0,0
i5,Samyuktha Lakshmi,Irvington,physics,0,0,0
i5,Samyuktha Lakshmi,Irvington,math,0,0,0
i5,Samyuktha Lakshmi,Irvington,ess,0,0,0
i5,Samyuktha Lakshmi,Irvington,overall,0,0,0
i5,Arjun Murugappan,Irvington,chemistry,0,0,0
i5,Arjun Murugappan,Irvington,biology,1,0,4
i5,Arjun Murugappan,Irvington,energy,0,0,0
i5,Arjun Murugappan,Irvington,physics,0,0,0
i5,Arjun Murugappan,Irvington,math,0,0,0
i5,Arjun Murugappan,Irvington,ess,0,0,0
i5,Arjun Murugappan,Irvington,overall,1,0,4
i5,Anish Bayyapu,Monta Vista A,chemistry,0,0,0
i5,Anish Bayyapu,Monta Vista A,biology,0,0,0
i5,Anish Bayyapu,Monta Vista A,energy,2,0,8
i5,Anish Bayyapu,Monta Vista A,physics,1,0,4
i5,Anish Bayyapu,Monta Vista A,math,0,0,0
i5,Anish Bayyapu,Monta Vista A,ess,0,0,0
i5,Anish Bayyapu,Monta Vista A,overall,3,0,12
i5,Ishaan Desai,Monta Vista A,chemistry,0,0,0
i5,Ishaan Desai,Monta Vista A,biology,0,0,0
i5,Ishaan Desai,Monta Vista A,energy,0,0,0
i5,Ishaan Desai,Monta Vista A,physics,0,0,0
i5,Ishaan Desai,Monta Vista A,math,0,0,0
i5,Ishaan Desai,Monta Vista A,ess,0,0,0
i5,Ishaan Desai,Monta Vista A,overall,0,0,0
i5,Siddhant Jain,Monta Vista A,chemistry,2,0,8
i5,Siddhant Jain,Monta Vista A,biology,2,0,8
i5,Siddhant Jain,Monta Vista A,energy,0,0,0
i5,Siddhant Jain,Monta Vista A,physics,1,0,4
i5,Siddhant Jain,Monta Vista A,math,2,0,8
i5,Siddhant Jain,Monta Vista A,ess,3,0,12
i5,Siddhant Jain,Monta Vista A,overall,10,0,40
i5,Chinmay Raghvendran,Monta Vista A,chemistry,0,0,0
i5,Chinmay Raghvendran,Monta Vista A,biology,0,0,0
i5,Chinmay Raghvendran,Monta Vista A,energy,0,0,0
i5,Chinmay Raghvendran,Monta Vista A,physics,0,0,0
i5,Chinmay Raghvendran,Monta Vista A,math,0,0,0
i5,Chinmay Raghvendran,Monta Vista A,ess,0,0,0
i5,Chinmay Raghvendran,Monta Vista A,overall,0,0,0
i5,Evan Tung,Irvington,math,0,0,0
i5,Evan Tung,Irvington,biology,0,0,0
i5,Evan Tung,Irvington,physics,0,0,0
i5,Evan Tung,Irvington,ess,0,0,0
i5,Evan Tung,Irvington,chemistry,0,0,0
i5,Evan Tung,Irvington,energy,0,0,0
i5,Evan Tung,Irvington,overall,0,0,0
i5,Vibha Raghvendran,Monta Vista A,math,0,0,0
i5,Vibha Raghvendran,Monta Vista A,biology,0,0,0
i5,Vibha Raghvendran,Monta Vista A,physics,0,0,0
i5,Vibha Raghvendran,Monta Vista A,ess,0,0,0
i5,Vibha Raghvendran,Monta Vista A,chemistry,0,0,0
i5,Vibha Raghvendran,Monta Vista A,energy,0,0,0
i5,Vibha Raghvendran,Monta Vista A,overall,0,0,0
i6,Spencer Fang,Amador Valley A,chemistry,0,0,0
i6,Spencer Fang,Amador Valley A,biology,1,0,4
i6,Spencer Fang,Amador Valley A,energy,0,0,0
i6,Spencer Fang,Amador Valley A,physics,0,0,0
i6,Spencer Fang,Amador Valley A,math,0,0,0
i6,Spencer Fang,Amador Valley A,ess,0,0,0
i6,Spencer Fang,Amador Valley A,overall,1,0,4
i6,Edwin He,Amador Valley A,chemistry,0,0,0
i6,Edwin He,Amador Valley A,biology,3,0,12
i6,Edwin He,Amador Valley A,energy,1,0,4
i6,Edwin He,Amador Valley A,physics,0,0,0
i6,Edwin He,Amador Valley A,math,0,0,0
i6,Edwin He,Amador Valley A,ess,1,1,0
i6,Edwin He,Amador Valley A,overall,5,1,16
i6,Rohan Garg,Amador Valley A,chemistry,1,1,0
i6,Rohan Garg,Amador Valley A,biology,0,0,0
i6,Rohan Garg,Amador Valley A,energy,0,0,0
i6,Rohan Garg,Amador Valley A,physics,1,2,-4
i6,Rohan Garg,Amador Valley A,math,3,1,8
i6,Rohan Garg,Amador Valley A,ess,0,1,-4
i6,Rohan Garg,Amador Valley A,overall,5,5,0
i6,Gaurav Gupta,Amador Valley A,chemistry,1,1,0
i6,Gaurav Gupta,Amador Valley A,biology,0,0,0
i6,Gaurav Gupta,Amador Valley A,energy,1,0,4
i6,Gaurav Gupta,Amador Valley A,physics,0,0,0
i6,Gaurav Gupta,Amador Valley A,math,0,0,0
i6,Gaurav Gupta,Amador Valley A,ess,1,0,4
i6,Gaurav Gupta,Amador Valley A,overall,3,1,8
i6,Aanya Guthula,Foothill B,chemistry,1,0,4
i6,Aanya Guthula,Foothill B,biology,0,0,0
i6,Aanya Guthula,Foothill B,energy,0,1,-4
i6,Aanya Guthula,Foothill B,physics,0,0,0
i6,Aanya Guthula,Foothill B,math,0,0,0
i6,Aanya Guthula,Foothill B,ess,0,0,0
i6,Aanya Guthula,Foothill B,overall,1,1,0
i6,Shivani Swaminathan,Foothill B,chemistry,0,1,-4
i6,Shivani Swaminathan,Foothill B,biology,0,0,0
i6,Shivani Swaminathan,Foothill B,energy,0,0,0
i6,Shivani Swaminathan,Foothill B,physics,0,0,0
i6,Shivani Swaminathan,Foothill B,math,0,0,0
i6,Shivani Swaminathan,Foothill B,ess,0,0,0
i6,Shivani Swaminathan,Foothill B,overall,0,1,-4
i6,Brandon Kong,Foothill B,chemistry,0,0,0
i6,Brandon Kong,Foothill B,biology,0,0,0
i6,Brandon Kong,Foothill B,energy,0,0,0
i6,Brandon Kong,Foothill B,physics,0,0,0
i6,Brandon Kong,Foothill B,math,0,0,0
i6,Brandon Kong,Foothill B,ess,0,1,-4
i6,Brandon Kong,Foothill B,overall,0,1,-4
i6,Athithan Elamaran,Foothill B,chemistry,0,0,0
i6,Athithan Elamaran,Foothill B,biology,0,0,0
i6,Athithan Elamaran,Foothill B,energy,0,0,0
i6,Athithan Elamaran,Foothill B,physics,1,0,4
i6,Athithan Elamaran,Foothill B,math,1,0,4
i6,Athithan Elamaran,Foothill B,ess,0,0,0
i6,Athithan Elamaran,Foothill B,overall,2,0,8
i6,Ritwik Aeka,Amador Valley A,energy,0,0,0
i6,Ritwik Aeka,Amador Valley A,math,0,0,0
i6,Ritwik Aeka,Amador Valley A,biology,0,0,0
i6,Ritwik Aeka,Amador Valley A,physics,0,0,0
i6,Ritwik Aeka,Amador Valley A,ess,0,0,0
i6,Ritwik Aeka,Amador Valley A,chemistry,0,0,0
i6,Ritwik Aeka,Amador Valley A,overall,0,0,0
i7,Ethan Chu,Cupertino B,chemistry,0,0,0
i7,Ethan Chu,Cupertino B,biology,0,0,0
i7,Ethan Chu,Cupertino B,energy,0,0,0
i7,Ethan Chu,Cupertino B,physics,0,0,0
i7,Ethan Chu,Cupertino B,math,1,0,4
i7,Ethan Chu,Cupertino B,ess,0,0,0
i7,Ethan Chu,Cupertino B,overall,1,0,4
i7,Jaanya Annapureddy,Cupertino B,chemistry,0,0,0
i7,Jaanya Annapureddy,Cupertino B,biology,0,0,0
i7,Jaanya Annapureddy,Cupertino B,energy,0,0,0
i7,Jaanya Annapureddy,Cupertino B,physics,0,0,0
i7,Jaanya Annapureddy,Cupertino B,math,0,0,0
i7,Jaanya Annapureddy,Cupertino B,ess,0,0,0
i7,Jaanya Annapureddy,Cupertino B,overall,0,0,0
i7,Mithilesh Gopalakrishnan,Cupertino B,chemistry,1,0,4
i7,Mithilesh Gopalakrishnan,Cupertino B,biology,2,0,8
i7,Mithilesh Gopalakrishnan,Cupertino B,energy,0,0,0
i7,Mithilesh Gopalakrishnan,Cupertino B,physics,0,0,0
i7,Mithilesh Gopalakrishnan,Cupertino B,math,0,0,0
i7,Mithilesh Gopalakrishnan,Cupertino B,ess,0,0,0
i7,Mithilesh Gopalakrishnan,Cupertino B,overall,3,0,12
i7,Danica Au,Cupertino B,chemistry,0,0,0
i7,Danica Au,Cupertino B,biology,0,0,0
i7,Danica Au,Cupertino B,energy,0,0,0
i7,Danica Au,Cupertino B,physics,0,0,0
i7,Danica Au,Cupertino B,math,0,0,0
i7,Danica Au,Cupertino B,ess,0,0,0
i7,Danica Au,Cupertino B,overall,0,0,0
i7,Chaas Kandregula,Lynbrook B,chemistry,1,1,0
i7,Chaas Kandregula,Lynbrook B,biology,0,0,0
i7,Chaas Kandregula,Lynbrook B,energy,1,0,4
i7,Chaas Kandregula,Lynbrook B,physics,0,0,0
i7,Chaas Kandregula,Lynbrook B,math,0,0,0
i7,Chaas Kandregula,Lynbrook B,ess,0,0,0
i7,Chaas Kandregula,Lynbrook B,overall,2,1,4
i7,Ryan Bansal,Lynbrook B,chemistry,0,0,0
i7,Ryan Bansal,Lynbrook B,biology,0,0,0
i7,Ryan Bansal,Lynbrook B,energy,0,0,0
i7,Ryan Bansal,Lynbrook B,physics,0,1,-4
i7,Ryan Bansal,Lynbrook B,math,2,0,8
i7,Ryan Bansal,Lynbrook B,ess,0,0,0
i7,Ryan Bansal,Lynbrook B,overall,2,1,4
i7,Ian Chen,Lynbrook B,chemistry,0,0,0
i7,Ian Chen,Lynbrook B,biology,0,0,0
i7,Ian Chen,Lynbrook B,energy,0,0,0
i7,Ian Chen,Lynbrook B,physics,0,0,0
i7,Ian Chen,Lynbrook B,math,0,0,0
i7,Ian Chen,Lynbrook B,ess,1,0,4
i7,Ian Chen,Lynbrook B,overall,1,0,4
i7,Harold Wang,Lynbrook B,chemistry,0,0,0
i7,Harold Wang,Lynbrook B,biology,2,0,8
i7,Harold Wang,Lynbrook B,energy,1,0,4
i7,Harold Wang,Lynbrook B,physics,0,0,0
i7,Harold Wang,Lynbrook B,math,0,0,0
i7,Harold Wang,Lynbrook B,ess,1,0,4
i7,Harold Wang,Lynbrook B,overall,4,0,16
i7,Kira Liang,Cupertino B,chemistry,0,0,0
i7,Kira Liang,Cupertino B,energy,0,0,0
i7,Kira Liang,Cupertino B,math,0,0,0
i7,Kira Liang,Cupertino B,biology,0,0,0
i7,Kira Liang,Cupertino B,physics,0,0,0
i7,Kira Liang,Cupertino B,ess,0,0,0
i7,Kira Liang,Cupertino B,overall,0,0,0
i7,Brian Bi,Lynbrook B,chemistry,0,0,0
i7,Brian Bi,Lynbrook B,energy,0,0,0
i7,Brian Bi,Lynbrook B,math,1,0,4
i7,Brian Bi,Lynbrook B,biology,0,0,0
i7,Brian Bi,Lynbrook B,physics,1,0,4
i7,Brian Bi,Lynbrook B,ess,0,0,0
i7,Brian Bi,Lynbrook B,overall,2,0,8
i8,Aryan Morasa,Mira Loma A,chemistry,1,0,4
i8,Aryan Morasa,Mira Loma A,biology,0,0,0
i8,Aryan Morasa,Mira Loma A,energy,0,0,0
i8,Aryan Morasa,Mira Loma A,physics,0,0,0
i8,Aryan Morasa,Mira Loma A,math,0,0,0
i8,Aryan Morasa,Mira Loma A,ess,0,0,0
i8,Aryan Morasa,Mira Loma A,overall,1,0,4
i8,Elyas Nuh,Mira Loma A,chemistry,1,0,4
i8,Elyas Nuh,Mira Loma A,biology,0,0,0
i8,Elyas Nuh,Mira Loma A,energy,1,0,4
i8,Elyas Nuh,Mira Loma A,physics,0,1,-4
i8,Elyas Nuh,Mira Loma A,math,0,0,0
i8,Elyas Nuh,Mira Loma A,ess,1,1,0
i8,Elyas Nuh,Mira Loma A,overall,3,2,4
i8,Harish Premkumar,Mira Loma A,chemistry,0,0,0
i8,Harish Premkumar,Mira Loma A,biology,0,0,0
i8,Harish Premkumar,Mira Loma A,energy,1,0,4
i8,Harish Premkumar,Mira Loma A,physics,0,0,0
i8,Harish Premkumar,Mira Loma A,math,1,0,4
i8,Harish Premkumar,Mira Loma A,ess,0,0,0
i8,Harish Premkumar,Mira Loma A,overall,2,0,8
i8,Aatreyo Bhattacharyya,Mira Loma A,chemistry,0,0,0
i8,Aatreyo Bhattacharyya,Mira Loma A,biology,3,0,12
i8,Aatreyo Bhattacharyya,Mira Loma A,energy,1,0,4
i8,Aatreyo Bhattacharyya,Mira Loma A,physics,0,0,0
i8,Aatreyo Bhattacharyya,Mira Loma A,math,1,1,0
i8,Aatreyo Bhattacharyya,Mira Loma A,ess,1,0,4
i8,Aatreyo Bhattacharyya,Mira Loma A,overall,6,1,20
i8,Christopher Xia (sub),Amador Valley B,chemistry,0,0,0
i8,Christopher Xia (sub),Amador Valley B,biology,0,0,0
i8,Christopher Xia (sub),Amador Valley B,energy,0,0,0
i8,Christopher Xia (sub),Amador Valley B,physics,0,0,0
i8,Christopher Xia (sub),Amador Valley B,math,0,0,0
i8,Christopher Xia (sub),Amador Valley B,ess,1,0,4
i8,Christopher Xia (sub),Amador Valley B,overall,1,0,4
i8,Srijon Mandal,Amador Valley B,chemistry,0,0,0
i8,Srijon Mandal,Amador Valley B,biology,1,0,4
i8,Srijon Mandal,Amador Valley B,energy,0,0,0
i8,Srijon Mandal,Amador Valley B,physics,1,0,4
i8,Srijon Mandal,Amador Valley B,math,1,0,4
i8,Srijon Mandal,Amador Valley B,ess,1,0,4
i8,Srijon Mandal,Amador Valley B,overall,4,0,16
i8,Dalbert Wu,Amador Valley B,chemistry,0,0,0
i8,Dalbert Wu,Amador Valley B,biology,0,0,0
i8,Dalbert Wu,Amador Valley B,energy,0,0,0
i8,Dalbert Wu,Amador Valley B,physics,0,0,0
i8,Dalbert Wu,Amador Valley B,math,0,0,0
i8,Dalbert Wu,Amador Valley B,ess,0,0,0
i8,Dalbert Wu,Amador Valley B,overall,0,0,0
i8,Pratham Mehta,Amador Valley B,chemistry,0,0,0
i8,Pratham Mehta,Amador Valley B,biology,0,0,0
i8,Pratham Mehta,Amador Valley B,energy,0,0,0
i8,Pratham Mehta,Amador Valley B,physics,0,0,0
i8,Pratham Mehta,Amador Valley B,math,0,0,0
i8,Pratham Mehta,Amador Valley B,ess,0,0,0
i8,Pratham Mehta,Amador Valley B,overall,0,0,0
i8,Tanay Bodducherla,Mira Loma A,energy,0,0,0
i8,Tanay Bodducherla,Mira Loma A,math,0,0,0
i8,Tanay Bodducherla,Mira Loma A,biology,0,0,0
i8,Tanay Bodducherla,Mira Loma A,physics,0,0,0
i8,Tanay Bodducherla,Mira Loma A,ess,0,0,0
i8,Tanay Bodducherla,Mira Loma A,chemistry,1,0,4
i8,Tanay Bodducherla,Mira Loma A,overall,1,0,4
i9,Ajla Trumic,Archbishop Mitty B,chemistry,0,0,0
i9,Ajla Trumic,Archbishop Mitty B,biology,0,0,0
i9,Ajla Trumic,Archbishop Mitty B,energy,1,0,4
i9,Ajla Trumic,Archbishop Mitty B,physics,0,0,0
i9,Ajla Trumic,Archbishop Mitty B,math,0,0,0
i9,Ajla Trumic,Archbishop Mitty B,ess,0,0,0
i9,Ajla Trumic,Archbishop Mitty B,overall,1,0,4
i9,Raaghav Chakravarty,Archbishop Mitty B,chemistry,0,0,0
i9,Raaghav Chakravarty,Archbishop Mitty B,biology,0,0,0
i9,Raaghav Chakravarty,Archbishop Mitty B,energy,1,0,4
i9,Raaghav Chakravarty,Archbishop Mitty B,physics,0,0,0
i9,Raaghav Chakravarty,Archbishop Mitty B,math,0,0,0
i9,Raaghav Chakravarty,Archbishop Mitty B,ess,0,0,0
i9,Raaghav Chakravarty,Archbishop Mitty B,overall,1,0,4
i9,Jonathan Yu,Archbishop Mitty B,chemistry,0,0,0
i9,Jonathan Yu,Archbishop Mitty B,biology,0,0,0
i9,Jonathan Yu,Archbishop Mitty B,energy,0,0,0
i9,Jonathan Yu,Archbishop Mitty B,physics,0,0,0
i9,Jonathan Yu,Archbishop Mitty B,math,0,0,0
i9,Jonathan Yu,Archbishop Mitty B,ess,0,0,0
i9,Jonathan Yu,Archbishop Mitty B,overall,0,0,0
i9,Anish Roy,Archbishop Mitty B,chemistry,0,0,0
i9,Anish Roy,Archbishop Mitty B,biology,0,0,0
i9,Anish Roy,Archbishop Mitty B,energy,0,0,0
i9,Anish Roy,Archbishop Mitty B,physics,0,0,0
i9,Anish Roy,Archbishop Mitty B,math,2,0,8
i9,Anish Roy,Archbishop Mitty B,ess,0,0,0
i9,Anish Roy,Archbishop Mitty B,overall,2,0,8
i9,Flora Jiang,Canyon Crest A,chemistry,0,0,0
i9,Flora Jiang,Canyon Crest A,biology,0,0,0
i9,Flora Jiang,Canyon Crest A,energy,0,0,0
i9,Flora Jiang,Canyon Crest A,physics,0,0,0
i9,Flora Jiang,Canyon Crest A,math,0,0,0
i9,Flora Jiang,Canyon Crest A,ess,1,0,4
i9,Flora Jiang,Canyon Crest A,overall,1,0,4
i9,Alex Xu,Canyon Crest A,chemistry,4,0,16
i9,Alex Xu,Canyon Crest A,biology,1,0,4
i9,Alex Xu,Canyon Crest A,energy,1,0,4
i9,Alex Xu,Canyon Crest A,physics,0,0,0
i9,Alex Xu,Canyon Crest A,math,0,0,0
i9,Alex Xu,Canyon Crest A,ess,0,0,0
i9,Alex Xu,Canyon Crest A,overall,6,0,24
i9,Sean Yu,Canyon Crest A,chemistry,0,0,0
i9,Sean Yu,Canyon Crest A,biology,3,0,12
i9,Sean Yu,Canyon Crest A,energy,0,0,0
i9,Sean Yu,Canyon Crest A,physics,0,0,0
i9,Sean Yu,Canyon Crest A,math,0,0,0
i9,Sean Yu,Canyon Crest A,ess,1,0,4
i9,Sean Yu,Canyon Crest A,overall,4,0,16
i9,Michelle Liang,Canyon Crest A,chemistry,0,0,0
i9,Michelle Liang,Canyon Crest A,biology,0,0,0
i9,Michelle Liang,Canyon Crest A,energy,0,0,0
i9,Michelle Liang,Canyon Crest A,physics,3,0,12
i9,Michelle Liang,Canyon Crest A,math,2,0,8
i9,Michelle Liang,Canyon Crest A,ess,0,0,0
i9,Michelle Liang,Canyon Crest A,overall,5,0,20
i10,Arshiya Sen,Monta Vista B,chemistry,0,0,0
i10,Arshiya Sen,Monta Vista B,biology,0,0,0
i10,Arshiya Sen,Monta Vista B,energy,0,0,0
i10,Arshiya Sen,Monta Vista B,physics,0,0,0
i10,Arshiya Sen,Monta Vista B,math,0,0,0
i10,Arshiya Sen,Monta Vista B,ess,0,0,0
i10,Arshiya Sen,Monta Vista B,overall,0,0,0
i10,Aradhana Sekar,Monta Vista B,chemistry,0,0,0
i10,Aradhana Sekar,Monta Vista B,biology,1,0,4
i10,Aradhana Sekar,Monta Vista B,energy,0,0,0
i10,Aradhana Sekar,Monta Vista B,physics,0,0,0
i10,Aradhana Sekar,Monta Vista B,math,0,0,0
i10,Aradhana Sekar,Monta Vista B,ess,0,0,0
i10,Aradhana Sekar,Monta Vista B,overall,1,0,4
i10,Nicholas Pantino,Monta Vista B,chemistry,0,0,0
i10,Nicholas Pantino,Monta Vista B,biology,0,0,0
i10,Nicholas Pantino,Monta Vista B,energy,1,0,4
i10,Nicholas Pantino,Monta Vista B,physics,0,0,0
i10,Nicholas Pantino,Monta Vista B,math,1,0,4
i10,Nicholas Pantino,Monta Vista B,ess,2,0,8
i10,Nicholas Pantino,Monta Vista B,overall,4,0,16
i10,Maya Pullara,Monta Vista B,chemistry,0,0,0
i10,Maya Pullara,Monta Vista B,biology,0,0,0
i10,Maya Pullara,Monta Vista B,energy,0,0,0
i10,Maya Pullara,Monta Vista B,physics,0,0,0
i10,Maya Pullara,Monta Vista B,math,0,0,0
i10,Maya Pullara,Monta Vista B,ess,0,0,0
i10,Maya Pullara,Monta Vista B,overall,0,0,0
i10,Larry Wu,Canyon Crest B,chemistry,0,0,0
i10,Larry Wu,Canyon Crest B,biology,0,0,0
i10,Larry Wu,Canyon Crest B,energy,0,0,0
i10,Larry Wu,Canyon Crest B,physics,1,0,4
i10,Larry Wu,Canyon Crest B,math,1,0,4
i10,Larry Wu,Canyon Crest B,ess,0,0,0
i10,Larry Wu,Canyon Crest B,overall,2,0,8
i10,Austin Xu,Canyon Crest B,chemistry,0,0,0
i10,Austin Xu,Canyon Crest B,biology,2,0,8
i10,Austin Xu,Canyon Crest B,energy,1,0,4
i10,Austin Xu,Canyon Crest B,physics,0,0,0
i10,Austin Xu,Canyon Crest B,math,2,0,8
i10,Austin Xu,Canyon Crest B,ess,0,1,-4
i10,Austin Xu,Canyon Crest B,overall,5,1,16
i10,Alex Backues,Canyon Crest B,chemistry,0,0,0
i10,Alex Backues,Canyon Crest B,biology,0,0,0
i10,Alex Backues,Canyon Crest B,energy,0,0,0
i10,Alex Backues,Canyon Crest B,physics,0,0,0
i10,Alex Backues,Canyon Crest B,math,0,0,0
i10,Alex Backues,Canyon Crest B,ess,0,0,0
i10,Alex Backues,Canyon Crest B,overall,0,0,0
i10,Ishank Kadadi,Canyon Crest B,chemistry,1,0,4
i10,Ishank Kadadi,Canyon Crest B,biology,1,0,4
i10,Ishank Kadadi,Canyon Crest B,energy,0,0,0
i10,Ishank Kadadi,Canyon Crest B,physics,0,0,0
i10,Ishank Kadadi,Canyon Crest B,math,0,0,0
i10,Ishank Kadadi,Canyon Crest B,ess,0,0,0
i10,Ishank Kadadi,Canyon Crest B,overall,2,0,8
i11,Claire Shi,Palo Alto A,chemistry,0,0,0
i11,Claire Shi,Palo Alto A,biology,2,0,8
i11,Claire Shi,Palo Alto A,energy,0,0,0
i11,Claire Shi,Palo Alto A,physics,0,0,0
i11,Claire Shi,Palo Alto A,math,0,0,0
i11,Claire Shi,Palo Alto A,ess,0,0,0
i11,Claire Shi,Palo Alto A,overall,2,0,8
i11,Andrew Wen,Palo Alto A,chemistry,0,0,0
i11,Andrew Wen,Palo Alto A,biology,0,0,0
i11,Andrew Wen,Palo Alto A,energy,0,0,0
i11,Andrew Wen,Palo Alto A,physics,0,0,0
i11,Andrew Wen,Palo Alto A,math,2,0,8
i11,Andrew Wen,Palo Alto A,ess,0,0,0
i11,Andrew Wen,Palo Alto A,overall,2,0,8
i11,Forrest Chou,Palo Alto A,chemistry,0,0,0
i11,Forrest Chou,Palo Alto A,biology,0,0,0
i11,Forrest Chou,Palo Alto A,energy,1,0,4
i11,Forrest Chou,Palo Alto A,physics,0,1,-4
i11,Forrest Chou,Palo Alto A,math,0,0,0
i11,Forrest Chou,Palo Alto A,ess,0,0,0
i11,Forrest Chou,Palo Alto A,overall,1,1,0
i11,Carissa Tsui,Palo Alto A,chemistry,0,0,0
i11,Carissa Tsui,Palo Alto A,biology,0,0,0
i11,Carissa Tsui,Palo Alto A,energy,0,0,0
i11,Carissa Tsui,Palo Alto A,physics,0,0,0
i11,Carissa Tsui,Palo Alto A,math,0,0,0
i11,Carissa Tsui,Palo Alto A,ess,0,0,0
i11,Carissa Tsui,Palo Alto A,overall,0,0,0
i11,Steve Yang,Lynbrook A,chemistry,1,0,4
i11,Steve Yang,Lynbrook A,biology,0,0,0
i11,Steve Yang,Lynbrook A,energy,0,0,0
i11,Steve Yang,Lynbrook A,physics,0,0,0
i11,Steve Yang,Lynbrook A,math,0,0,0
i11,Steve Yang,Lynbrook A,ess,1,0,4
i11,Steve Yang,Lynbrook A,overall,2,0,8
i11,Sohil Rathi,Lynbrook A,chemistry,1,0,4
i11,Sohil Rathi,Lynbrook A,biology,0,0,0
i11,Sohil Rathi,Lynbrook A,energy,1,0,4
i11,Sohil Rathi,Lynbrook A,physics,2,0,8
i11,Sohil Rathi,Lynbrook A,math,2,1,4
i11,Sohil Rathi,Lynbrook A,ess,0,0,0
i11,Sohil Rathi,Lynbrook A,overall,6,1,20
i11,Selena Yang,Lynbrook A,chemistry,0,0,0
i11,Selena Yang,Lynbrook A,biology,2,2,0
i11,Selena Yang,Lynbrook A,energy,1,0,4
i11,Selena Yang,Lynbrook A,physics,0,0,0
i11,Selena Yang,Lynbrook A,math,0,0,0
i11,Selena Yang,Lynbrook A,ess,0,0,0
i11,Selena Yang,Lynbrook A,overall,3,2,4
i11,Samuel Wang,Lynbrook A,chemistry,0,0,0
i11,Samuel Wang,Lynbrook A,biology,0,0,0
i11,Samuel Wang,Lynbrook A,energy,0,0,0
i11,Samuel Wang,Lynbrook A,physics,0,0,0
i11,Samuel Wang,Lynbrook A,math,0,0,0
i11,Samuel Wang,Lynbrook A,ess,2,0,8
i11,Samuel Wang,Lynbrook A,overall,2,0,8
i11,Jianyu Wang,Lynbrook A,chemistry,2,0,8
i11,Jianyu Wang,Lynbrook A,energy,0,0,0
i11,Jianyu Wang,Lynbrook A,math,0,0,0
i11,Jianyu Wang,Lynbrook A,biology,0,0,0
i11,Jianyu Wang,Lynbrook A,physics,1,0,4
i11,Jianyu Wang,Lynbrook A,ess,1,0,4
i11,Jianyu Wang,Lynbrook A,overall,4,0,16
i12,Rohan Hablani,Arnold O. Beckman A,chemistry,0,0,0
i12,Rohan Hablani,Arnold O. Beckman A,biology,0,0,0
i12,Rohan Hablani,Arnold O. Beckman A,energy,0,0,0
i12,Rohan Hablani,Arnold O. Beckman A,physics,1,0,4
i12,Rohan Hablani,Arnold O. Beckman A,math,0,0,0
i12,Rohan Hablani,Arnold O. Beckman A,ess,1,0,4
i12,Rohan Hablani,Arnold O. Beckman A,overall,2,0,8
i12,Diego Pons,Arnold O. Beckman A,chemistry,0,0,0
i12,Diego Pons,Arnold O. Beckman A,biology,1,0,4
i12,Diego Pons,Arnold O. Beckman A,energy,0,0,0
i12,Diego Pons,Arnold O. Beckman A,physics,0,0,0
i12,Diego Pons,Arnold O. Beckman A,math,0,0,0
i12,Diego Pons,Arnold O. Beckman A,ess,0,0,0
i12,Diego Pons,Arnold O. Beckman A,overall,1,0,4
i12,Aadhya Shenoy,Arnold O. Beckman A,chemistry,0,0,0
i12,Aadhya Shenoy,Arnold O. Beckman A,biology,0,0,0
i12,Aadhya Shenoy,Arnold O. Beckman A,energy,0,0,0
i12,Aadhya Shenoy,Arnold O. Beckman A,physics,0,0,0
i12,Aadhya Shenoy,Arnold O. Beckman A,math,0,0,0
i12,Aadhya Shenoy,Arnold O. Beckman A,ess,0,0,0
i12,Aadhya Shenoy,Arnold O. Beckman A,overall,0,0,0
i12,Ranju Raghavan,Arnold O. Beckman A,chemistry,0,0,0
i12,Ranju Raghavan,Arnold O. Beckman A,biology,0,0,0
i12,Ranju Raghavan,Arnold O. Beckman A,energy,0,0,0
i12,Ranju Raghavan,Arnold O. Beckman A,physics,0,0,0
i12,Ranju Raghavan,Arnold O. Beckman A,math,0,0,0
i12,Ranju Raghavan,Arnold O. Beckman A,ess,0,0,0
i12,Ranju Raghavan,Arnold O. Beckman A,overall,0,0,0
i12,Ivan Zhang,BASIS Independent A,chemistry,0,0,0
i12,Ivan Zhang,BASIS Independent A,biology,3,0,12
i12,Ivan Zhang,BASIS Independent A,energy,1,0,4
i12,Ivan Zhang,BASIS Independent A,physics,0,0,0
i12,Ivan Zhang,BASIS Independent A,math,0,0,0
i12,Ivan Zhang,BASIS Independent A,ess,0,0,0
i12,Ivan Zhang,BASIS Independent A,overall,4,0,16
i12,Sidhant Chaliha,BASIS Independent A,chemistry,2,0,8
i12,Sidhant Chaliha,BASIS Independent A,biology,0,0,0
i12,Sidhant Chaliha,BASIS Independent A,energy,1,0,4
i12,Sidhant Chaliha,BASIS Independent A,physics,0,0,0
i12,Sidhant Chaliha,BASIS Independent A,math,1,0,4
i12,Sidhant Chaliha,BASIS Independent A,ess,2,0,8
i12,Sidhant Chaliha,BASIS Independent A,overall,6,0,24
i12,Yueqian Zhang,BASIS Independent A,chemistry,0,0,0
i12,Yueqian Zhang,BASIS Independent A,biology,0,0,0
i12,Yueqian Zhang,BASIS Independent A,energy,0,0,0
i12,Yueqian Zhang,BASIS Independent A,physics,0,0,0
i12,Yueqian Zhang,BASIS Independent A,math,3,0,12
i12,Yueqian Zhang,BASIS Independent A,ess,0,0,0
i12,Yueqian Zhang,BASIS Independent A,overall,3,0,12
i12,Anoushka Thamane,BASIS Independent A,chemistry,0,0,0
i12,Anoushka Thamane,BASIS Independent A,biology,0,0,0
i12,Anoushka Thamane,BASIS Independent A,energy,0,0,0
i12,Anoushka Thamane,BASIS Independent A,physics,0,0,0
i12,Anoushka Thamane,BASIS Independent A,math,0,0,0
i12,Anoushka Thamane,BASIS Independent A,ess,1,0,4
i12,Anoushka Thamane,BASIS Independent A,overall,1,0,4
i13,Roshan Annamalai,Mission San Jose A,chemistry,0,0,0
i13,Roshan Annamalai,Mission San Jose A,biology,1,0,4
i13,Roshan Annamalai,Mission San Jose A,energy,0,0,0
i13,Roshan Annamalai,Mission San Jose A,physics,0,0,0
i13,Roshan Annamalai,Mission San Jose A,math,0,0,0
i13,Roshan Annamalai,Mission San Jose A,ess,2,0,8
i13,Roshan Annamalai,Mission San Jose A,overall,3,0,12
i13,Advaith Mopuri,Mission San Jose A,chemistry,0,0,0
i13,Advaith Mopuri,Mission San Jose A,biology,0,0,0
i13,Advaith Mopuri,Mission San Jose A,energy,0,0,0
i13,Advaith Mopuri,Mission San Jose A,physics,1,0,4
i13,Advaith Mopuri,Mission San Jose A,math,0,0,0
i13,Advaith Mopuri,Mission San Jose A,ess,0,0,0
i13,Advaith Mopuri,Mission San Jose A,overall,1,0,4
i13,Gokulanath Mahesh Kumar,Mission San Jose A,chemistry,0,0,0
i13,Gokulanath Mahesh Kumar,Mission San Jose A,biology,2,0,8
i13,Gokulanath Mahesh Kumar,Mission San Jose A,energy,0,0,0
i13,Gokulanath Mahesh Kumar,Mission San Jose A,physics,0,0,0
i13,Gokulanath Mahesh Kumar,Mission San Jose A,math,0,0,0
i13,Gokulanath Mahesh Kumar,Mission San Jose A,ess,0,0,0
i13,Gokulanath Mahesh Kumar,Mission San Jose A,overall,2,0,8
i13,Annie Xu,Mission San Jose A,chemistry,3,0,12
i13,Annie Xu,Mission San Jose A,biology,0,0,0
i13,Annie Xu,Mission San Jose A,energy,0,0,0
i13,Annie Xu,Mission San Jose A,physics,0,0,0
i13,Annie Xu,Mission San Jose A,math,0,0,0
i13,Annie Xu,Mission San Jose A,ess,0,0,0
i13,Annie Xu,Mission San Jose A,overall,3,0,12
i13,Warren Chee,Saratoga,chemistry,0,0,0
i13,Warren Chee,Saratoga,biology,0,0,0
i13,Warren Chee,Saratoga,energy,0,0,0
i13,Warren Chee,Saratoga,physics,0,0,0
i13,Warren Chee,Saratoga,math,0,0,0
i13,Warren Chee,Saratoga,ess,0,0,0
i13,Warren Chee,Saratoga,overall,0,0,0
i13,Skyler Mao,Saratoga,chemistry,1,0,4
i13,Skyler Mao,Saratoga,biology,1,0,4
i13,Skyler Mao,Saratoga,energy,0,0,0
i13,Skyler Mao,Saratoga,physics,0,0,0
i13,Skyler Mao,Saratoga,math,4,0,16
i13,Skyler Mao,Saratoga,ess,1,1,0
i13,Skyler Mao,Saratoga,overall,7,1,24
i13,Alex Ge,Saratoga,chemistry,0,0,0
i13,Alex Ge,Saratoga,biology,0,0,0
i13,Alex Ge,Saratoga,energy,0,0,0
i13,Alex Ge,Saratoga,physics,0,0,0
i13,Alex Ge,Saratoga,math,0,0,0
i13,Alex Ge,Saratoga,ess,0,0,0
i13,Alex Ge,Saratoga,overall,0,0,0
i13,Alan Cai,Saratoga,chemistry,0,1,-4
i13,Alan Cai,Saratoga,biology,0,0,0
i13,Alan Cai,Saratoga,energy,1,0,4
i13,Alan Cai,Saratoga,physics,0,0,0
i13,Alan Cai,Saratoga,math,0,0,0
i13,Alan Cai,Saratoga,ess,1,0,4
i13,Alan Cai,Saratoga,overall,2,1,4
i13,Jeffrey Li,Mission San Jose A,chemistry,0,0,0
i13,Jeffrey Li,Mission San Jose A,energy,1,0,4
i13,Jeffrey Li,Mission San Jose A,math,0,0,0
i13,Jeffrey Li,Mission San Jose A,biology,0,0,0
i13,Jeffrey Li,Mission San Jose A,physics,1,0,4
i13,Jeffrey Li,Mission San Jose A,ess,0,0,0
i13,Jeffrey Li,Mission San Jose A,overall,2,0,8
i13,Willis Chung,Saratoga,chemistry,0,0,0
i13,Willis Chung,Saratoga,energy,0,0,0
i13,Willis Chung,Saratoga,math,0,0,0
i13,Willis Chung,Saratoga,biology,0,0,0
i13,Willis Chung,Saratoga,physics,0,0,0
i13,Willis Chung,Saratoga,ess,0,0,0
i13,Willis Chung,Saratoga,overall,0,0,0
i14,Rex Ouyang,California A,chemistry,0,0,0
i14,Rex Ouyang,California A,biology,0,0,0
i14,Rex Ouyang,California A,energy,0,0,0
i14,Rex Ouyang,California A,physics,2,0,8
i14,Rex Ouyang,California A,math,0,0,0
i14,Rex Ouyang,California A,ess,0,0,0
i14,Rex Ouyang,California A,overall,2,0,8
i14,Mukund Senthil Kumar,California A,chemistry,0,0,0
i14,Mukund Senthil Kumar,California A,biology,0,0,0
i14,Mukund Senthil Kumar,California A,energy,0,0,0
i14,Mukund Senthil Kumar,California A,physics,0,0,0
i14,Mukund Senthil Kumar,California A,math,0,0,0
i14,Mukund Senthil Kumar,California A,ess,0,0,0
i14,Mukund Senthil Kumar,California A,overall,0,0,0
i14,Jax Milasincic,California A,chemistry,0,0,0
i14,Jax Milasincic,California A,biology,0,0,0
i14,Jax Milasincic,California A,energy,0,0,0
i14,Jax Milasincic,California A,physics,0,0,0
i14,Jax Milasincic,California A,math,1,0,4
i14,Jax Milasincic,California A,ess,0,0,0
i14,Jax Milasincic,California A,overall,1,0,4
i14,Jishnu Balaji,California A,chemistry,0,0,0
i14,Jishnu Balaji,California A,biology,3,0,12
i14,Jishnu Balaji,California A,energy,0,0,0
i14,Jishnu Balaji,California A,physics,0,0,0
i14,Jishnu Balaji,California A,math,0,0,0
i14,Jishnu Balaji,California A,ess,0,0,0
i14,Jishnu Balaji,California A,overall,3,0,12
i14,Steven Su,Abraham Lincoln,chemistry,0,0,0
i14,Steven Su,Abraham Lincoln,biology,0,0,0
i14,Steven Su,Abraham Lincoln,energy,0,0,0
i14,Steven Su,Abraham Lincoln,physics,0,0,0
i14,Steven Su,Abraham Lincoln,math,0,0,0
i14,Steven Su,Abraham Lincoln,ess,0,0,0
i14,Steven Su,Abraham Lincoln,overall,0,0,0
i14,Kyle Li,Abraham Lincoln,chemistry,0,0,0
i14,Kyle Li,Abraham Lincoln,biology,0,0,0
i14,Kyle Li,Abraham Lincoln,energy,1,0,4
i14,Kyle Li,Abraham Lincoln,physics,0,0,0
i14,Kyle Li,Abraham Lincoln,math,0,0,0
i14,Kyle Li,Abraham Lincoln,ess,0,0,0
i14,Kyle Li,Abraham Lincoln,overall,1,0,4
i14,Shridavi Raghavan,Abraham Lincoln,chemistry,0,0,0
i14,Shridavi Raghavan,Abraham Lincoln,biology,1,0,4
i14,Shridavi Raghavan,Abraham Lincoln,energy,0,0,0
i14,Shridavi Raghavan,Abraham Lincoln,physics,0,0,0
i14,Shridavi Raghavan,Abraham Lincoln,math,0,0,0
i14,Shridavi Raghavan,Abraham Lincoln,ess,0,0,0
i14,Shridavi Raghavan,Abraham Lincoln,overall,1,0,4
i14,Garen Yang,Abraham Lincoln,chemistry,0,0,0
i14,Garen Yang,Abraham Lincoln,biology,0,0,0
i14,Garen Yang,Abraham Lincoln,energy,0,0,0
i14,Garen Yang,Abraham Lincoln,physics,0,0,0
i14,Garen Yang,Abraham Lincoln,math,0,0,0
i14,Garen Yang,Abraham Lincoln,ess,0,0,0
i14,Garen Yang,Abraham Lincoln,overall,0,0,0
i14,Veerein Pala,California A,biology,0,0,0
i14,Veerein Pala,California A,physics,0,0,0
i14,Veerein Pala,California A,ess,0,0,0
i14,Veerein Pala,California A,chemistry,0,0,0
i14,Veerein Pala,California A,energy,0,0,0
i14,Veerein Pala,California A,math,0,0,0
i14,Veerein Pala,California A,overall,0,0,0
i14,Miranda Feng Cai,Abraham Lincoln,biology,0,0,0
i14,Miranda Feng Cai,Abraham Lincoln,physics,0,0,0
i14,Miranda Feng Cai,Abraham Lincoln,ess,0,0,0
i14,Miranda Feng Cai,Abraham Lincoln,chemistry,0,0,0
i14,Miranda Feng Cai,Abraham Lincoln,energy,0,0,0
i14,Miranda Feng Cai,Abraham Lincoln,math,0,0,0
i14,Miranda Feng Cai,Abraham Lincoln,overall,0,0,0
i15,Suvan Chauhan,Archbishop Mitty A,chemistry,0,0,0
i15,Suvan Chauhan,Archbishop Mitty A,biology,0,0,0
i15,Suvan Chauhan,Archbishop Mitty A,energy,0,0,0
i15,Suvan Chauhan,Archbishop Mitty A,physics,0,0,0
i15,Suvan Chauhan,Archbishop Mitty A,math,0,0,0
i15,Suvan Chauhan,Archbishop Mitty A,ess,0,0,0
i15,Suvan Chauhan,Archbishop Mitty A,overall,0,0,0
i15,Sebastian Leung,Archbishop Mitty A,chemistry,0,0,0
i15,Sebastian Leung,Archbishop Mitty A,biology,2,1,4
i15,Sebastian Leung,Archbishop Mitty A,energy,0,0,0
i15,Sebastian Leung,Archbishop Mitty A,physics,0,0,0
i15,Sebastian Leung,Archbishop Mitty A,math,0,0,0
i15,Sebastian Leung,Archbishop Mitty A,ess,0,0,0
i15,Sebastian Leung,Archbishop Mitty A,overall,2,1,4
i15,Suyog Vibhuti,Archbishop Mitty A,chemistry,0,0,0
i15,Suyog Vibhuti,Archbishop Mitty A,biology,0,0,0
i15,Suyog Vibhuti,Archbishop Mitty A,energy,1,1,0
i15,Suyog Vibhuti,Archbishop Mitty A,physics,0,0,0
i15,Suyog Vibhuti,Archbishop Mitty A,math,0,0,0
i15,Suyog Vibhuti,Archbishop Mitty A,ess,0,0,0
i15,Suyog Vibhuti,Archbishop Mitty A,overall,1,1,0
i15,Mahit Karadigudda,Archbishop Mitty A,chemistry,0,0,0
i15,Mahit Karadigudda,Archbishop Mitty A,biology,0,1,-4
i15,Mahit Karadigudda,Archbishop Mitty A,energy,0,0,0
i15,Mahit Karadigudda,Archbishop Mitty A,physics,0,0,0
i15,Mahit Karadigudda,Archbishop Mitty A,math,0,0,0
i15,Mahit Karadigudda,Archbishop Mitty A,ess,1,0,4
i15,Mahit Karadigudda,Archbishop Mitty A,overall,1,1,0
i15,Shripriya Kalbhavi,Lynbrook C,chemistry,0,0,0
i15,Shripriya Kalbhavi,Lynbrook C,biology,2,0,8
i15,Shripriya Kalbhavi,Lynbrook C,energy,0,0,0
i15,Shripriya Kalbhavi,Lynbrook C,physics,0,0,0
i15,Shripriya Kalbhavi,Lynbrook C,math,1,0,4
i15,Shripriya Kalbhavi,Lynbrook C,ess,0,0,0
i15,Shripriya Kalbhavi,Lynbrook C,overall,3,0,12
i15,Thomas Wu,Lynbrook C,chemistry,1,0,4
i15,Thomas Wu,Lynbrook C,biology,0,0,0
i15,Thomas Wu,Lynbrook C,energy,0,0,0
i15,Thomas Wu,Lynbrook C,physics,0,0,0
i15,Thomas Wu,Lynbrook C,math,0,0,0
i15,Thomas Wu,Lynbrook C,ess,2,1,4
i15,Thomas Wu,Lynbrook C,overall,3,1,8
i15,Evan Liu,Lynbrook C,chemistry,2,0,8
i15,Evan Liu,Lynbrook C,biology,0,0,0
i15,Evan Liu,Lynbrook C,energy,1,0,4
i15,Evan Liu,Lynbrook C,physics,2,0,8
i15,Evan Liu,Lynbrook C,math,1,0,4
i15,Evan Liu,Lynbrook C,ess,0,0,0
i15,Evan Liu,Lynbrook C,overall,6,0,24
i15,Siwen Luo,Lynbrook C,chemistry,0,0,0
i15,Siwen Luo,Lynbrook C,biology,0,0,0
i15,Siwen Luo,Lynbrook C,energy,0,0,0
i15,Siwen Luo,Lynbrook C,physics,0,0,0
i15,Siwen Luo,Lynbrook C,math,0,0,0
i15,Siwen Luo,Lynbrook C,ess,0,0,0
i15,Siwen Luo,Lynbrook C,overall,0,0,0
i16,Victoria Xu,Dougherty Valley B,chemistry,0,0,0
i16,Victoria Xu,Dougherty Valley B,biology,0,0,0
i16,Victoria Xu,Dougherty Valley B,energy,0,0,0
i16,Victoria Xu,Dougherty Valley B,physics,0,0,0
i16,Victoria Xu,Dougherty Valley B,math,0,0,0
i16,Victoria Xu,Dougherty Valley B,ess,0,0,0
i16,Victoria Xu,Dougherty Valley B,overall,0,0,0
i16,Varun Challa,Dougherty Valley B,chemistry,0,0,0
i16,Varun Challa,Dougherty Valley B,biology,0,0,0
i16,Varun Challa,Dougherty Valley B,energy,1,0,4
i16,Varun Challa,Dougherty Valley B,physics,0,0,0
i16,Varun Challa,Dougherty Valley B,math,1,0,4
i16,Varun Challa,Dougherty Valley B,ess,2,1,4
i16,Varun Challa,Dougherty Valley B,overall,4,1,12
i16,Jayden Lee,Dougherty Valley B,chemistry,0,0,0
i16,Jayden Lee,Dougherty Valley B,biology,1,1,0
i16,Jayden Lee,Dougherty Valley B,energy,0,0,0
i16,Jayden Lee,Dougherty Valley B,physics,0,0,0
i16,Jayden Lee,Dougherty Valley B,math,0,0,0
i16,Jayden Lee,Dougherty Valley B,ess,0,0,0
i16,Jayden Lee,Dougherty Valley B,overall,1,1,0
i16,Harini Penumuchu,Foothill A,chemistry,0,0,0
i16,Harini Penumuchu,Foothill A,biology,0,0,0
i16,Harini Penumuchu,Foothill A,energy,0,0,0
i16,Harini Penumuchu,Foothill A,physics,0,0,0
i16,Harini Penumuchu,Foothill A,math,0,0,0
i16,Harini Penumuchu,Foothill A,ess,0,0,0
i16,Harini Penumuchu,Foothill A,overall,0,0,0
i16,Lakshanya Palani,Foothill A,chemistry,0,0,0
i16,Lakshanya Palani,Foothill A,biology,2,0,8
i16,Lakshanya Palani,Foothill A,energy,0,0,0
i16,Lakshanya Palani,Foothill A,physics,0,0,0
i16,Lakshanya Palani,Foothill A,math,0,0,0
i16,Lakshanya Palani,Foothill A,ess,0,0,0
i16,Lakshanya Palani,Foothill A,overall,2,0,8
i16,Sreekar Sreeram,Foothill A,chemistry,0,0,0
i16,Sreekar Sreeram,Foothill A,biology,1,0,4
i16,Sreekar Sreeram,Foothill A,energy,1,0,4
i16,Sreekar Sreeram,Foothill A,physics,0,0,0
i16,Sreekar Sreeram,Foothill A,math,0,0,0
i16,Sreekar Sreeram,Foothill A,ess,0,1,-4
i16,Sreekar Sreeram,Foothill A,overall,2,1,4
i16,Jake Nguyen,Foothill A,chemistry,0,0,0
i16,Jake Nguyen,Foothill A,biology,0,0,0
i16,Jake Nguyen,Foothill A,energy,0,0,0
i16,Jake Nguyen,Foothill A,physics,0,0,0
i16,Jake Nguyen,Foothill A,math,0,0,0
i16,Jake Nguyen,Foothill A,ess,0,0,0
i16,Jake Nguyen,Foothill A,overall,0,0,0
i16,Sahil Deshmukh,Foothill A,math,2,0,8
i16,Sahil Deshmukh,Foothill A,biology,0,0,0
i16,Sahil Deshmukh,Foothill A,physics,0,0,0
i16,Sahil Deshmukh,Foothill A,ess,0,0,0
i16,Sahil Deshmukh,Foothill A,chemistry,0,0,0
i16,Sahil Deshmukh,Foothill A,energy,0,0,0
i16,Sahil Deshmukh,Foothill A,overall,2,0,8
i17,Nishanth Karanam,Mira Loma B,chemistry,1,0,4
i17,Nishanth Karanam,Mira Loma B,biology,0,0,0
i17,Nishanth Karanam,Mira Loma B,energy,0,0,0
i17,Nishanth Karanam,Mira Loma B,physics,1,0,4
i17,Nishanth Karanam,Mira Loma B,math,1,0,4
i17,Nishanth Karanam,Mira Loma B,ess,0,1,-4
i17,Nishanth Karanam,Mira Loma B,overall,3,1,8
i17,Kapilan Karunakaran,Mira Loma B,chemistry,0,0,0
i17,Kapilan Karunakaran,Mira Loma B,biology,0,0,0
i17,Kapilan Karunakaran,Mira Loma B,energy,0,0,0
i17,Kapilan Karunakaran,Mira Loma B,physics,0,0,0
i17,Kapilan Karunakaran,Mira Loma B,math,1,0,4
i17,Kapilan Karunakaran,Mira Loma B,ess,0,0,0
i17,Kapilan Karunakaran,Mira Loma B,overall,1,0,4
i17,Ashrith Beeravelli,Mira Loma B,chemistry,1,0,4
i17,Ashrith Beeravelli,Mira Loma B,biology,2,0,8
i17,Ashrith Beeravelli,Mira Loma B,energy,1,0,4
i17,Ashrith Beeravelli,Mira Loma B,physics,0,0,0
i17,Ashrith Beeravelli,Mira Loma B,math,0,0,0
i17,Ashrith Beeravelli,Mira Loma B,ess,1,0,4
i17,Ashrith Beeravelli,Mira Loma B,overall,5,0,20
i17,Vishwas Charan,Mira Loma B,chemistry,0,0,0
i17,Vishwas Charan,Mira Loma B,biology,0,0,0
i17,Vishwas Charan,Mira Loma B,energy,0,1,-4
i17,Vishwas Charan,Mira Loma B,physics,0,0,0
i17,Vishwas Charan,Mira Loma B,math,1,0,4
i17,Vishwas Charan,Mira Loma B,ess,0,0,0
i17,Vishwas Charan,Mira Loma B,overall,1,1,0
i17,Vishruth Dinesh,American B,chemistry,0,0,0
i17,Vishruth Dinesh,American B,biology,0,0,0
i17,Vishruth Dinesh,American B,energy,0,0,0
i17,Vishruth Dinesh,American B,physics,0,0,0
i17,Vishruth Dinesh,American B,math,0,1,-4
i17,Vishruth Dinesh,American B,ess,0,0,0
i17,Vishruth Dinesh,American B,overall,0,1,-4
i17,Nikhil Sinha,American B,chemistry,0,0,0
i17,Nikhil Sinha,American B,biology,0,0,0
i17,Nikhil Sinha,American B,energy,0,0,0
i17,Nikhil Sinha,American B,physics,0,0,0
i17,Nikhil Sinha,American B,math,0,0,0
i17,Nikhil Sinha,American B,ess,0,0,0
i17,Nikhil Sinha,American B,overall,0,0,0
i17,Mahesh Karthikeyan,American B,chemistry,0,0,0
i17,Mahesh Karthikeyan,American B,biology,0,0,0
i17,Mahesh Karthikeyan,American B,energy,0,0,0
i17,Mahesh Karthikeyan,American B,physics,0,0,0
i17,Mahesh Karthikeyan,American B,math,1,0,4
i17,Mahesh Karthikeyan,American B,ess,1,0,4
i17,Mahesh Karthikeyan,American B,overall,2,0,8
i17,Arnava Bharadwaja,American B,chemistry,0,0,0
i17,Arnava Bharadwaja,American B,biology,2,0,8
i17,Arnava Bharadwaja,American B,energy,0,0,0
i17,Arnava Bharadwaja,American B,physics,0,0,0
i17,Arnava Bharadwaja,American B,math,0,0,0
i17,Arnava Bharadwaja,American B,ess,0,0,0
i17,Arnava Bharadwaja,American B,overall,2,0,8
i18,Ayati Vyas,American A,chemistry,0,0,0
i18,Ayati Vyas,American A,biology,0,0,0
i18,Ayati Vyas,American A,energy,0,0,0
i18,Ayati Vyas,American A,physics,0,0,0
i18,Ayati Vyas,American A,math,0,0,0
i18,Ayati Vyas,American A,ess,1,0,4
i18,Ayati Vyas,American A,overall,1,0,4
i18,Amaan Mohammad,American A,chemistry,0,0,0
i18,Amaan Mohammad,American A,biology,0,0,0
i18,Amaan Mohammad,American A,energy,0,0,0
i18,Amaan Mohammad,American A,physics,0,0,0
i18,Amaan Mohammad,American A,math,1,0,4
i18,Amaan Mohammad,American A,ess,0,0,0
i18,Amaan Mohammad,American A,overall,1,0,4
i18,Stavya Gaonkar,American A,chemistry,1,0,4
i18,Stavya Gaonkar,American A,biology,2,0,8
i18,Stavya Gaonkar,American A,energy,0,0,0
i18,Stavya Gaonkar,American A,physics,1,0,4
i18,Stavya Gaonkar,American A,math,0,0,0
i18,Stavya Gaonkar,American A,ess,0,0,0
i18,Stavya Gaonkar,American A,overall,4,0,16
i18,Krishay Garg,American A,chemistry,0,0,0
i18,Krishay Garg,American A,biology,0,0,0
i18,Krishay Garg,American A,energy,1,0,4
i18,Krishay Garg,American A,physics,0,0,0
i18,Krishay Garg,American A,math,1,0,4
i18,Krishay Garg,American A,ess,0,0,0
i18,Krishay Garg,American A,overall,2,0,8
i18,Jake Wang,Cupertino A,chemistry,0,0,0
i18,Jake Wang,Cupertino A,biology,1,0,4
i18,Jake Wang,Cupertino A,energy,1,0,4
i18,Jake Wang,Cupertino A,physics,0,0,0
i18,Jake Wang,Cupertino A,math,1,0,4
i18,Jake Wang,Cupertino A,ess,3,0,12
i18,Jake Wang,Cupertino A,overall,6,0,24
i18,Aaditya Karnataki,Cupertino A,chemistry,3,0,12
i18,Aaditya Karnataki,Cupertino A,biology,0,0,0
i18,Aaditya Karnataki,Cupertino A,energy,1,0,4
i18,Aaditya Karnataki,Cupertino A,physics,0,0,0
i18,Aaditya Karnataki,Cupertino A,math,0,0,0
i18,Aaditya Karnataki,Cupertino A,ess,0,0,0
i18,Aaditya Karnataki,Cupertino A,overall,4,0,16
i18,Minseo Park,Cupertino A,chemistry,0,0,0
i18,Minseo Park,Cupertino A,biology,0,0,0
i18,Minseo Park,Cupertino A,energy,0,0,0
i18,Minseo Park,Cupertino A,physics,0,0,0
i18,Minseo Park,Cupertino A,math,0,0,0
i18,Minseo Park,Cupertino A,ess,0,0,0
i18,Minseo Park,Cupertino A,overall,0,0,0
i18,Aditi Gargeshwari,Cupertino A,chemistry,0,0,0
i18,Aditi Gargeshwari,Cupertino A,biology,1,0,4
i18,Aditi Gargeshwari,Cupertino A,energy,0,0,0
i18,Aditi Gargeshwari,Cupertino A,physics,0,0,0
i18,Aditi Gargeshwari,Cupertino A,math,1,0,4
i18,Aditi Gargeshwari,Cupertino A,ess,0,0,0
i18,Aditi Gargeshwari,Cupertino A,overall,2,0,8
i19,Aniket Mangalampalli,Mission San Jose B,biology,0,0,0
i19,Aniket Mangalampalli,Mission San Jose B,energy,0,0,0
i19,Aniket Mangalampalli,Mission San Jose B,math,1,0,4
i19,Aniket Mangalampalli,Mission San Jose B,physics,1,0,4
i19,Aniket Mangalampalli,Mission San Jose B,ess,0,0,0
i19,Aniket Mangalampalli,Mission San Jose B,chemistry,0,0,0
i19,Aniket Mangalampalli,Mission San Jose B,overall,2,0,8
i19,Advai Srinivasan,Mission San Jose B,biology,0,0,0
i19,Advai Srinivasan,Mission San Jose B,energy,0,0,0
i19,Advai Srinivasan,Mission San Jose B,math,0,0,0
i19,Advai Srinivasan,Mission San Jose B,physics,0,0,0
i19,Advai Srinivasan,Mission San Jose B,ess,1,1,0
i19,Advai Srinivasan,Mission San Jose B,chemistry,0,1,-4
i19,Advai Srinivasan,Mission San Jose B,overall,1,2,-4
i19,Daniel Liu,Mission San Jose B,biology,0,0,0
i19,Daniel Liu,Mission San Jose B,energy,0,0,0
i19,Daniel Liu,Mission San Jose B,math,0,0,0
i19,Daniel Liu,Mission San Jose B,physics,0,0,0
i19,Daniel Liu,Mission San Jose B,ess,0,0,0
i19,Daniel Liu,Mission San Jose B,chemistry,0,0,0
i19,Daniel Liu,Mission San Jose B,overall,0,0,0
i19,Theenash Sengupta,Mission San Jose B,biology,2,1,4
i19,Theenash Sengupta,Mission San Jose B,energy,1,1,0
i19,Theenash Sengupta,Mission San Jose B,math,1,0,4
i19,Theenash Sengupta,Mission San Jose B,physics,1,0,4
i19,Theenash Sengupta,Mission San Jose B,ess,1,0,4
i19,Theenash Sengupta,Mission San Jose B,chemistry,2,0,8
i19,Theenash Sengupta,Mission San Jose B,overall,8,2,24
i19,William Zhao,Dougherty Valley A,biology,0,0,0
i19,William Zhao,Dougherty Valley A,energy,0,0,0
i19,William Zhao,Dougherty Valley A,math,1,0,4
i19,William Zhao,Dougherty Valley A,physics,1,1,0
i19,William Zhao,Dougherty Valley A,ess,1,0,4
i19,William Zhao,Dougherty Valley A,chemistry,0,0,0
i19,William Zhao,Dougherty Valley A,overall,3,1,8
i19,Pleban Mishra,Dougherty Valley A,biology,0,0,0
i19,Pleban Mishra,Dougherty Valley A,energy,0,0,0
i19,Pleban Mishra,Dougherty Valley A,math,0,0,0
i19,Pleban Mishra,Dougherty Valley A,physics,0,0,0
i19,Pleban Mishra,Dougherty Valley A,ess,1,0,4
i19,Pleban Mishra,Dougherty Valley A,chemistry,2,0,8
i19,Pleban Mishra,Dougherty Valley A,overall,3,0,12
i19,Akshaj Challa,Dougherty Valley A,biology,0,1,-4
i19,Akshaj Challa,Dougherty Valley A,energy,1,0,4
i19,Akshaj Challa,Dougherty Valley A,math,0,0,0
i19,Akshaj Challa,Dougherty Valley A,physics,0,0,0
i19,Akshaj Challa,Dougherty Valley A,ess,0,0,0
i19,Akshaj Challa,Dougherty Valley A,chemistry,0,0,0
i19,Akshaj Challa,Dougherty Valley A,overall,1,1,0
i19,Anthony Wei,Dougherty Valley A,biology,0,1,-4
i19,Anthony Wei,Dougherty Valley A,energy,0,0,0
i19,Anthony Wei,Dougherty Valley A,math,0,0,0
i19,Anthony Wei,Dougherty Valley A,physics,0,0,0
i19,Anthony Wei,Dougherty Valley A,ess,0,0,0
i19,Anthony Wei,Dougherty Valley A,chemistry,0,0,0
i19,Anthony Wei,Dougherty Valley A,overall,0,1,-4
i20,Yash Madireddy,BASIS Independent B,biology,0,0,0
i20,Yash Madireddy,BASIS Independent B,energy,1,0,4
i20,Yash Madireddy,BASIS Independent B,math,0,0,0
i20,Yash Madireddy,BASIS Independent B,physics,0,0,0
i20,Yash Madireddy,BASIS Independent B,ess,0,0,0
i20,Yash Madireddy,BASIS Independent B,chemistry,1,0,4
i20,Yash Madireddy,BASIS Independent B,overall,2,0,8
i20,Brady Yang,BASIS Independent B,biology,0,0,0
i20,Brady Yang,BASIS Independent B,energy,1,0,4
i20,Brady Yang,BASIS Independent B,math,0,0,0
i20,Brady Yang,BASIS Independent B,physics,0,0,0
i20,Brady Yang,BASIS Independent B,ess,0,0,0
i20,Brady Yang,BASIS Independent B,chemistry,1,0,4
i20,Brady Yang,BASIS Independent B,overall,2,0,8
i20,Aya Ahmad,BASIS Independent B,biology,1,0,4
i20,Aya Ahmad,BASIS Independent B,energy,0,0,0
i20,Aya Ahmad,BASIS Independent B,math,0,0,0
i20,Aya Ahmad,BASIS Independent B,physics,0,0,0
i20,Aya Ahmad,BASIS Independent B,ess,2,0,8
i20,Aya Ahmad,BASIS Independent B,chemistry,0,0,0
i20,Aya Ahmad,BASIS Independent B,overall,3,0,12
i20,Ashlee Zhou,BASIS Independent B,biology,0,0,0
i20,Ashlee Zhou,BASIS Independent B,energy,0,0,0
i20,Ashlee Zhou,BASIS Independent B,math,0,0,0
i20,Ashlee Zhou,BASIS Independent B,physics,0,0,0
i20,Ashlee Zhou,BASIS Independent B,ess,0,0,0
i20,Ashlee Zhou,BASIS Independent B,chemistry,0,0,0
i20,Ashlee Zhou,BASIS Independent B,overall,0,0,0
i20,Allie Jackson,Palo Alto B,biology,0,0,0
i20,Allie Jackson,Palo Alto B,energy,0,0,0
i20,Allie Jackson,Palo Alto B,math,0,0,0
i20,Allie Jackson,Palo Alto B,physics,0,0,0
i20,Allie Jackson,Palo Alto B,ess,0,0,0
i20,Allie Jackson,Palo Alto B,chemistry,1,0,4
i20,Allie Jackson,Palo Alto B,overall,1,0,4
i20,Inhoo Chang,Palo Alto B,biology,0,0,0
i20,Inhoo Chang,Palo Alto B,energy,0,0,0
i20,Inhoo Chang,Palo Alto B,math,0,0,0
i20,Inhoo Chang,Palo Alto B,physics,1,0,4
i20,Inhoo Chang,Palo Alto B,ess,0,0,0
i20,Inhoo Chang,Palo Alto B,chemistry,0,0,0
i20,Inhoo Chang,Palo Alto B,overall,1,0,4
i20,Jonathan Yuen,Palo Alto B,biology,1,1,0
i20,Jonathan Yuen,Palo Alto B,energy,0,0,0
i20,Jonathan Yuen,Palo Alto B,math,0,0,0
i20,Jonathan Yuen,Palo Alto B,physics,0,0,0
i20,Jonathan Yuen,Palo Alto B,ess,0,1,-4
i20,Jonathan Yuen,Palo Alto B,chemistry,0,0,0
i20,Jonathan Yuen,Palo Alto B,overall,1,2,-4
i20,Jeremy Yuen,Palo Alto B,biology,1,1,0
i20,Jeremy Yuen,Palo Alto B,energy,0,0,0
i20,Jeremy Yuen,Palo Alto B,math,0,0,0
i20,Jeremy Yuen,Palo Alto B,physics,0,0,0
i20,Jeremy Yuen,Palo Alto B,ess,1,0,4
i20,Jeremy Yuen,Palo Alto B,chemistry,0,0,0
i20,Jeremy Yuen,Palo Alto B,overall,2,1,4
i20,Andrew Wang,Palo Alto B,math,0,0,0
i20,Andrew Wang,Palo Alto B,energy,0,0,0
i20,Andrew Wang,Palo Alto B,biology,0,0,0
i20,Andrew Wang,Palo Alto B,ess,0,0,0
i20,Andrew Wang,Palo Alto B,physics,1,0,4
i20,Andrew Wang,Palo Alto B,chemistry,0,0,0
i20,Andrew Wang,Palo Alto B,overall,1,0,4
i21,Viyan Dabke,Saint Francis,biology,0,0,0
i21,Viyan Dabke,Saint Francis,energy,0,0,0
i21,Viyan Dabke,Saint Francis,math,0,0,0
i21,Viyan Dabke,Saint Francis,physics,1,0,4
i21,Viyan Dabke,Saint Francis,ess,1,0,4
i21,Viyan Dabke,Saint Francis,chemistry,0,0,0
i21,Viyan Dabke,Saint Francis,overall,2,0,8
i21,Alexander Xia,Saint Francis,biology,1,0,4
i21,Alexander Xia,Saint Francis,energy,0,0,0
i21,Alexander Xia,Saint Francis,math,1,0,4
i21,Alexander Xia,Saint Francis,physics,1,0,4
i21,Alexander Xia,Saint Francis,ess,0,0,0
i21,Alexander Xia,Saint Francis,chemistry,0,0,0
i21,Alexander Xia,Saint Francis,overall,3,0,12
i21,Ishan Pachauri,Saint Francis,biology,1,0,4
i21,Ishan Pachauri,Saint Francis,energy,2,0,8
i21,Ishan Pachauri,Saint Francis,math,1,0,4
i21,Ishan Pachauri,Saint Francis,physics,0,0,0
i21,Ishan Pachauri,Saint Francis,ess,2,0,8
i21,Ishan Pachauri,Saint Francis,chemistry,3,0,12
i21,Ishan Pachauri,Saint Francis,overall,9,0,36
i21,Anirudh Kannan,Saint Francis,biology,0,0,0
i21,Anirudh Kannan,Saint Francis,energy,0,0,0
i21,Anirudh Kannan,Saint Francis,math,0,0,0
i21,Anirudh Kannan,Saint Francis,physics,1,0,4
i21,Anirudh Kannan,Saint Francis,ess,0,0,0
i21,Anirudh Kannan,Saint Francis,chemistry,0,0,0
i21,Anirudh Kannan,Saint Francis,overall,1,0,4
i21,Joshua Tittiranonda,Stanford Online,biology,0,0,0
i21,Joshua Tittiranonda,Stanford Online,energy,1,0,4
i21,Joshua Tittiranonda,Stanford Online,math,1,0,4
i21,Joshua Tittiranonda,Stanford Online,physics,0,0,0
i21,Joshua Tittiranonda,Stanford Online,ess,0,0,0
i21,Joshua Tittiranonda,Stanford Online,chemistry,0,0,0
i21,Joshua Tittiranonda,Stanford Online,overall,2,0,8
i21,Keshav Narang,Stanford Online,biology,0,0,0
i21,Keshav Narang,Stanford Online,energy,0,0,0
i21,Keshav Narang,Stanford Online,math,0,0,0
i21,Keshav Narang,Stanford Online,physics,0,0,0
i21,Keshav Narang,Stanford Online,ess,0,0,0
i21,Keshav Narang,Stanford Online,chemistry,1,0,4
i21,Keshav Narang,Stanford Online,overall,1,0,4
i21,Nathan Bowman,Stanford Online,biology,0,0,0
i21,Nathan Bowman,Stanford Online,energy,0,0,0
i21,Nathan Bowman,Stanford Online,math,0,0,0
i21,Nathan Bowman,Stanford Online,physics,0,0,0
i21,Nathan Bowman,Stanford Online,ess,0,0,0
i21,Nathan Bowman,Stanford Online,chemistry,0,0,0
i21,Nathan Bowman,Stanford Online,overall,0,0,0
i21,Hannah Bowman,Stanford Online,biology,0,0,0
i21,Hannah Bowman,Stanford Online,energy,0,0,0
i21,Hannah Bowman,Stanford Online,math,0,0,0
i21,Hannah Bowman,Stanford Online,physics,0,0,0
i21,Hannah Bowman,Stanford Online,ess,0,0,0
i21,Hannah Bowman,Stanford Online,chemistry,0,0,0
i21,Hannah Bowman,Stanford Online,overall,0,0,0
i22,Kavin Jain,California B,biology,0,0,0
i22,Kavin Jain,California B,energy,0,0,0
i22,Kavin Jain,California B,math,0,0,0
i22,Kavin Jain,California B,physics,0,0,0
i22,Kavin Jain,California B,ess,0,0,0
i22,Kavin Jain,California B,chemistry,0,0,0
i22,Kavin Jain,California B,overall,0,0,0
i22,Amritha Srinivasan,California B,biology,0,1,-4
i22,Amritha Srinivasan,California B,energy,0,0,0
i22,Amritha Srinivasan,California B,math,0,0,0
i22,Amritha Srinivasan,California B,physics,0,0,0
i22,Amritha Srinivasan,California B,ess,0,0,0
i22,Amritha Srinivasan,California B,chemistry,0,0,0
i22,Amritha Srinivasan,California B,overall,0,1,-4
i22,Lucas Chi,California B,biology,1,0,4
i22,Lucas Chi,California B,energy,0,0,0
i22,Lucas Chi,California B,math,0,0,0
i22,Lucas Chi,California B,physics,0,0,0
i22,Lucas Chi,California B,ess,0,0,0
i22,Lucas Chi,California B,chemistry,0,0,0
i22,Lucas Chi,California B,overall,1,0,4
i22,Vihaan Tigadikar,California B,biology,0,0,0
i22,Vihaan Tigadikar,California B,energy,1,0,4
i22,Vihaan Tigadikar,California B,math,0,0,0
i22,Vihaan Tigadikar,California B,physics,0,0,0
i22,Vihaan Tigadikar,California B,ess,1,0,4
i22,Vihaan Tigadikar,California B,chemistry,0,0,0
i22,Vihaan Tigadikar,California B,overall,2,0,8
i22,Anish Bayyapu,Monta Vista A,biology,1,0,4
i22,Anish Bayyapu,Monta Vista A,energy,0,0,0
i22,Anish Bayyapu,Monta Vista A,math,0,0,0
i22,Anish Bayyapu,Monta Vista A,physics,0,0,0
i22,Anish Bayyapu,Monta Vista A,ess,0,0,0
i22,Anish Bayyapu,Monta Vista A,chemistry,2,0,8
i22,Anish Bayyapu,Monta Vista A,overall,3,0,12
i22,Ishaan Desai,Monta Vista A,biology,0,0,0
i22,Ishaan Desai,Monta Vista A,energy,0,0,0
i22,Ishaan Desai,Monta Vista A,math,2,0,8
i22,Ishaan Desai,Monta Vista A,physics,0,0,0
i22,Ishaan Desai,Monta Vista A,ess,0,0,0
i22,Ishaan Desai,Monta Vista A,chemistry,0,0,0
i22,Ishaan Desai,Monta Vista A,overall,2,0,8
i22,Siddhant Jain,Monta Vista A,biology,1,1,0
i22,Siddhant Jain,Monta Vista A,energy,1,1,0
i22,Siddhant Jain,Monta Vista A,math,0,0,0
i22,Siddhant Jain,Monta Vista A,physics,3,0,12
i22,Siddhant Jain,Monta Vista A,ess,0,0,0
i22,Siddhant Jain,Monta Vista A,chemistry,2,0,8
i22,Siddhant Jain,Monta Vista A,overall,7,2,20
i22,Chinmay Raghvendran,Monta Vista A,biology,0,0,0
i22,Chinmay Raghvendran,Monta Vista A,energy,0,0,0
i22,Chinmay Raghvendran,Monta Vista A,math,0,0,0
i22,Chinmay Raghvendran,Monta Vista A,physics,0,0,0
i22,Chinmay Raghvendran,Monta Vista A,ess,0,0,0
i22,Chinmay Raghvendran,Monta Vista A,chemistry,0,0,0
i22,Chinmay Raghvendran,Monta Vista A,overall,0,0,0
i22,Vibha Raghvendran,Monta Vista A,math,0,0,0
i22,Vibha Raghvendran,Monta Vista A,biology,0,0,0
i22,Vibha Raghvendran,Monta Vista A,ess,2,0,8
i22,Vibha Raghvendran,Monta Vista A,physics,0,0,0
i22,Vibha Raghvendran,Monta Vista A,chemistry,0,0,0
i22,Vibha Raghvendran,Monta Vista A,energy,0,0,0
i22,Vibha Raghvendran,Monta Vista A,overall,2,0,8
i23,Spencer Fang,Amador Valley A,biology,0,0,0
i23,Spencer Fang,Amador Valley A,energy,0,0,0
i23,Spencer Fang,Amador Valley A,math,0,0,0
i23,Spencer Fang,Amador Valley A,physics,0,0,0
i23,Spencer Fang,Amador Valley A,ess,0,0,0
i23,Spencer Fang,Amador Valley A,chemistry,0,0,0
i23,Spencer Fang,Amador Valley A,overall,0,0,0
i23,Edwin He,Amador Valley A,biology,2,1,4
i23,Edwin He,Amador Valley A,energy,1,0,4
i23,Edwin He,Amador Valley A,math,0,0,0
i23,Edwin He,Amador Valley A,physics,0,0,0
i23,Edwin He,Amador Valley A,ess,1,0,4
i23,Edwin He,Amador Valley A,chemistry,0,1,-4
i23,Edwin He,Amador Valley A,overall,4,2,8
i23,Rohan Garg,Amador Valley A,biology,0,0,0
i23,Rohan Garg,Amador Valley A,energy,0,0,0
i23,Rohan Garg,Amador Valley A,math,2,0,8
i23,Rohan Garg,Amador Valley A,physics,2,0,8
i23,Rohan Garg,Amador Valley A,ess,0,0,0
i23,Rohan Garg,Amador Valley A,chemistry,1,0,4
i23,Rohan Garg,Amador Valley A,overall,5,0,20
i23,Gaurav Gupta,Amador Valley A,biology,0,0,0
i23,Gaurav Gupta,Amador Valley A,energy,0,0,0
i23,Gaurav Gupta,Amador Valley A,math,0,0,0
i23,Gaurav Gupta,Amador Valley A,physics,1,0,4
i23,Gaurav Gupta,Amador Valley A,ess,2,0,8
i23,Gaurav Gupta,Amador Valley A,chemistry,1,0,4
i23,Gaurav Gupta,Amador Valley A,overall,4,0,16
i23,Phoebe Xu,North Hollywood,biology,0,0,0
i23,Phoebe Xu,North Hollywood,energy,0,0,0
i23,Phoebe Xu,North Hollywood,math,1,0,4
i23,Phoebe Xu,North Hollywood,physics,0,0,0
i23,Phoebe Xu,North Hollywood,ess,0,0,0
i23,Phoebe Xu,North Hollywood,chemistry,0,0,0
i23,Phoebe Xu,North Hollywood,overall,1,0,4
i23,Boheng Cao,North Hollywood,biology,0,0,0
i23,Boheng Cao,North Hollywood,energy,0,0,0
i23,Boheng Cao,North Hollywood,math,1,0,4
i23,Boheng Cao,North Hollywood,physics,0,0,0
i23,Boheng Cao,North Hollywood,ess,0,0,0
i23,Boheng Cao,North Hollywood,chemistry,0,0,0
i23,Boheng Cao,North Hollywood,overall,1,0,4
i23,Connor Zhao,North Hollywood,biology,0,0,0
i23,Connor Zhao,North Hollywood,energy,1,0,4
i23,Connor Zhao,North Hollywood,math,0,0,0
i23,Connor Zhao,North Hollywood,physics,0,0,0
i23,Connor Zhao,North Hollywood,ess,0,0,0
i23,Connor Zhao,North Hollywood,chemistry,1,1,0
i23,Connor Zhao,North Hollywood,overall,2,1,4
i23,Suzuko Ohshima,North Hollywood,biology,1,2,-4
i23,Suzuko Ohshima,North Hollywood,energy,1,0,4
i23,Suzuko Ohshima,North Hollywood,math,0,1,-4
i23,Suzuko Ohshima,North Hollywood,physics,0,0,0
i23,Suzuko Ohshima,North Hollywood,ess,1,0,4
i23,Suzuko Ohshima,North Hollywood,chemistry,0,0,0
i23,Suzuko Ohshima,North Hollywood,overall,3,3,0
i23,Ritwik Aeka,Amador Valley A,math,0,0,0
i23,Ritwik Aeka,Amador Valley A,energy,0,0,0
i23,Ritwik Aeka,Amador Valley A,biology,0,0,0
i23,Ritwik Aeka,Amador Valley A,ess,0,0,0
i23,Ritwik Aeka,Amador Valley A,physics,0,0,0
i23,Ritwik Aeka,Amador Valley A,chemistry,0,0,0
i23,Ritwik Aeka,Amador Valley A,overall,0,0,0
i24,Roland Pratt,Irvington,biology,0,0,0
i24,Roland Pratt,Irvington,energy,0,0,0
i24,Roland Pratt,Irvington,math,1,1,0
i24,Roland Pratt,Irvington,physics,0,0,0
i24,Roland Pratt,Irvington,ess,0,0,0
i24,Roland Pratt,Irvington,chemistry,0,0,0
i24,Roland Pratt,Irvington,overall,1,1,0
i24,Pearl Shah,Irvington,biology,0,1,-4
i24,Pearl Shah,Irvington,energy,0,0,0
i24,Pearl Shah,Irvington,math,0,0,0
i24,Pearl Shah,Irvington,physics,0,0,0
i24,Pearl Shah,Irvington,ess,0,0,0
i24,Pearl Shah,Irvington,chemistry,0,0,0
i24,Pearl Shah,Irvington,overall,0,1,-4
i24,Samyuktha Lakshmi,Irvington,biology,0,0,0
i24,Samyuktha Lakshmi,Irvington,energy,0,0,0
i24,Samyuktha Lakshmi,Irvington,math,0,0,0
i24,Samyuktha Lakshmi,Irvington,physics,0,0,0
i24,Samyuktha Lakshmi,Irvington,ess,1,0,4
i24,Samyuktha Lakshmi,Irvington,chemistry,0,0,0
i24,Samyuktha Lakshmi,Irvington,overall,1,0,4
i24,Arjun Murugappan,Irvington,biology,2,0,8
i24,Arjun Murugappan,Irvington,energy,1,0,4
i24,Arjun Murugappan,Irvington,math,0,0,0
i24,Arjun Murugappan,Irvington,physics,0,0,0
i24,Arjun Murugappan,Irvington,ess,1,0,4
i24,Arjun Murugappan,Irvington,chemistry,0,0,0
i24,Arjun Murugappan,Irvington,overall,4,0,16
i24,Shivani Swaminathan,Foothill B,biology,0,0,0
i24,Shivani Swaminathan,Foothill B,energy,0,0,0
i24,Shivani Swaminathan,Foothill B,math,0,0,0
i24,Shivani Swaminathan,Foothill B,physics,0,0,0
i24,Shivani Swaminathan,Foothill B,ess,0,0,0
i24,Shivani Swaminathan,Foothill B,chemistry,1,0,4
i24,Shivani Swaminathan,Foothill B,overall,1,0,4
i24,Aahana Biswal,Foothill B,biology,0,0,0
i24,Aahana Biswal,Foothill B,energy,0,0,0
i24,Aahana Biswal,Foothill B,math,0,0,0
i24,Aahana Biswal,Foothill B,physics,0,0,0
i24,Aahana Biswal,Foothill B,ess,0,0,0
i24,Aahana Biswal,Foothill B,chemistry,1,0,4
i24,Aahana Biswal,Foothill B,overall,1,0,4
i24,Brandon Kong,Foothill B,biology,0,1,-4
i24,Brandon Kong,Foothill B,energy,1,1,0
i24,Brandon Kong,Foothill B,math,0,0,0
i24,Brandon Kong,Foothill B,physics,0,0,0
i24,Brandon Kong,Foothill B,ess,1,0,4
i24,Brandon Kong,Foothill B,chemistry,1,0,4
i24,Brandon Kong,Foothill B,overall,3,2,4
i24,Athithan Elamaran,Foothill B,biology,1,0,4
i24,Athithan Elamaran,Foothill B,energy,0,0,0
i24,Athithan Elamaran,Foothill B,math,1,0,4
i24,Athithan Elamaran,Foothill B,physics,3,0,12
i24,Athithan Elamaran,Foothill B,ess,0,0,0
i24,Athithan Elamaran,Foothill B,chemistry,0,0,0
i24,Athithan Elamaran,Foothill B,overall,5,0,20
i25,Ethan Chu,Cupertino B,biology,0,0,0
i25,Ethan Chu,Cupertino B,energy,1,0,4
i25,Ethan Chu,Cupertino B,math,0,0,0
i25,Ethan Chu,Cupertino B,physics,1,0,4
i25,Ethan Chu,Cupertino B,ess,0,0,0
i25,Ethan Chu,Cupertino B,chemistry,0,0,0
i25,Ethan Chu,Cupertino B,overall,2,0,8
i25,Kira Liang,Cupertino B,biology,1,0,4
i25,Kira Liang,Cupertino B,energy,1,0,4
i25,Kira Liang,Cupertino B,math,0,0,0
i25,Kira Liang,Cupertino B,physics,0,0,0
i25,Kira Liang,Cupertino B,ess,0,0,0
i25,Kira Liang,Cupertino B,chemistry,0,0,0
i25,Kira Liang,Cupertino B,overall,2,0,8
i25,Mithilesh Gopalakrishnan,Cupertino B,biology,1,0,4
i25,Mithilesh Gopalakrishnan,Cupertino B,energy,1,0,4
i25,Mithilesh Gopalakrishnan,Cupertino B,math,1,0,4
i25,Mithilesh Gopalakrishnan,Cupertino B,physics,0,0,0
i25,Mithilesh Gopalakrishnan,Cupertino B,ess,1,0,4
i25,Mithilesh Gopalakrishnan,Cupertino B,chemistry,0,1,-4
i25,Mithilesh Gopalakrishnan,Cupertino B,overall,4,1,12
i25,Danica Au,Cupertino B,biology,0,0,0
i25,Danica Au,Cupertino B,energy,0,0,0
i25,Danica Au,Cupertino B,math,0,0,0
i25,Danica Au,Cupertino B,physics,0,0,0
i25,Danica Au,Cupertino B,ess,0,0,0
i25,Danica Au,Cupertino B,chemistry,0,0,0
i25,Danica Au,Cupertino B,overall,0,0,0
i25,Christopher Xia (sub),Amador Valley B,biology,1,0,4
i25,Christopher Xia (sub),Amador Valley B,energy,0,0,0
i25,Christopher Xia (sub),Amador Valley B,math,0,0,0
i25,Christopher Xia (sub),Amador Valley B,physics,0,0,0
i25,Christopher Xia (sub),Amador Valley B,ess,0,0,0
i25,Christopher Xia (sub),Amador Valley B,chemistry,0,0,0
i25,Christopher Xia (sub),Amador Valley B,overall,1,0,4
i25,Srijon Mandal,Amador Valley B,biology,0,0,0
i25,Srijon Mandal,Amador Valley B,energy,0,0,0
i25,Srijon Mandal,Amador Valley B,math,2,0,8
i25,Srijon Mandal,Amador Valley B,physics,1,0,4
i25,Srijon Mandal,Amador Valley B,ess,1,0,4
i25,Srijon Mandal,Amador Valley B,chemistry,1,0,4
i25,Srijon Mandal,Amador Valley B,overall,5,0,20
i25,Pratham Mehta,Amador Valley B,biology,0,0,0
i25,Pratham Mehta,Amador Valley B,energy,0,0,0
i25,Pratham Mehta,Amador Valley B,math,0,0,0
i25,Pratham Mehta,Amador Valley B,physics,0,0,0
i25,Pratham Mehta,Amador Valley B,ess,0,0,0
i25,Pratham Mehta,Amador Valley B,chemistry,1,0,4
i25,Pratham Mehta,Amador Valley B,overall,1,0,4
i25,Dalbert Wu,Amador Valley B,biology,0,0,0
i25,Dalbert Wu,Amador Valley B,energy,0,1,-4
i25,Dalbert Wu,Amador Valley B,math,0,0,0
i25,Dalbert Wu,Amador Valley B,physics,0,0,0
i25,Dalbert Wu,Amador Valley B,ess,0,1,-4
i25,Dalbert Wu,Amador Valley B,chemistry,0,0,0
i25,Dalbert Wu,Amador Valley B,overall,0,2,-8
i26,Ajla Trumic,Archbishop Mitty B,biology,0,0,0
i26,Ajla Trumic,Archbishop Mitty B,energy,0,0,0
i26,Ajla Trumic,Archbishop Mitty B,math,0,0,0
i26,Ajla Trumic,Archbishop Mitty B,physics,0,0,0
i26,Ajla Trumic,Archbishop Mitty B,ess,0,0,0
i26,Ajla Trumic,Archbishop Mitty B,chemistry,0,0,0
i26,Ajla Trumic,Archbishop Mitty B,overall,0,0,0
i26,Raaghav Chakravarty,Archbishop Mitty B,biology,0,0,0
i26,Raaghav Chakravarty,Archbishop Mitty B,energy,1,0,4
i26,Raaghav Chakravarty,Archbishop Mitty B,math,0,0,0
i26,Raaghav Chakravarty,Archbishop Mitty B,physics,0,0,0
i26,Raaghav Chakravarty,Archbishop Mitty B,ess,0,0,0
i26,Raaghav Chakravarty,Archbishop Mitty B,chemistry,0,0,0
i26,Raaghav Chakravarty,Archbishop Mitty B,overall,1,0,4
i26,Jonathan Yu,Archbishop Mitty B,biology,0,2,-8
i26,Jonathan Yu,Archbishop Mitty B,energy,1,0,4
i26,Jonathan Yu,Archbishop Mitty B,math,0,0,0
i26,Jonathan Yu,Archbishop Mitty B,physics,0,0,0
i26,Jonathan Yu,Archbishop Mitty B,ess,0,0,0
i26,Jonathan Yu,Archbishop Mitty B,chemistry,0,1,-4
i26,Jonathan Yu,Archbishop Mitty B,overall,1,3,-8
i26,Anish Roy,Archbishop Mitty B,biology,0,0,0
i26,Anish Roy,Archbishop Mitty B,energy,0,0,0
i26,Anish Roy,Archbishop Mitty B,math,2,0,8
i26,Anish Roy,Archbishop Mitty B,physics,1,0,4
i26,Anish Roy,Archbishop Mitty B,ess,0,0,0
i26,Anish Roy,Archbishop Mitty B,chemistry,0,0,0
i26,Anish Roy,Archbishop Mitty B,overall,3,0,12
i26,Chaas Kandregula,Lynbrook B,biology,1,0,4
i26,Chaas Kandregula,Lynbrook B,energy,0,0,0
i26,Chaas Kandregula,Lynbrook B,math,0,0,0
i26,Chaas Kandregula,Lynbrook B,physics,0,0,0
i26,Chaas Kandregula,Lynbrook B,ess,1,0,4
i26,Chaas Kandregula,Lynbrook B,chemistry,4,0,16
i26,Chaas Kandregula,Lynbrook B,overall,6,0,24
i26,Brian Bi,Lynbrook B,biology,0,0,0
i26,Brian Bi,Lynbrook B,energy,0,0,0
i26,Brian Bi,Lynbrook B,math,1,0,4
i26,Brian Bi,Lynbrook B,physics,0,0,0
i26,Brian Bi,Lynbrook B,ess,0,0,0
i26,Brian Bi,Lynbrook B,chemistry,0,0,0
i26,Brian Bi,Lynbrook B,overall,1,0,4
i26,Ian Chen,Lynbrook B,biology,2,0,8
i26,Ian Chen,Lynbrook B,energy,0,0,0
i26,Ian Chen,Lynbrook B,math,0,0,0
i26,Ian Chen,Lynbrook B,physics,1,0,4
i26,Ian Chen,Lynbrook B,ess,3,0,12
i26,Ian Chen,Lynbrook B,chemistry,0,0,0
i26,Ian Chen,Lynbrook B,overall,6,0,24
i26,Harold Wang,Lynbrook B,biology,1,0,4
i26,Harold Wang,Lynbrook B,energy,0,0,0
i26,Harold Wang,Lynbrook B,math,0,0,0
i26,Harold Wang,Lynbrook B,physics,0,0,0
i26,Harold Wang,Lynbrook B,ess,0,0,0
i26,Harold Wang,Lynbrook B,chemistry,0,0,0
i26,Harold Wang,Lynbrook B,overall,1,0,4
i26,Ryan Bansal,Lynbrook B,energy,1,0,4
i26,Ryan Bansal,Lynbrook B,math,1,0,4
i26,Ryan Bansal,Lynbrook B,biology,0,0,0
i26,Ryan Bansal,Lynbrook B,ess,0,0,0
i26,Ryan Bansal,Lynbrook B,physics,1,0,4
i26,Ryan Bansal,Lynbrook B,chemistry,0,0,0
i26,Ryan Bansal,Lynbrook B,overall,3,0,12
i27,Aryan Morasa,Mira Loma A,biology,0,0,0
i27,Aryan Morasa,Mira Loma A,energy,0,0,0
i27,Aryan Morasa,Mira Loma A,math,0,0,0
i27,Aryan Morasa,Mira Loma A,physics,0,0,0
i27,Aryan Morasa,Mira Loma A,ess,0,0,0
i27,Aryan Morasa,Mira Loma A,chemistry,0,0,0
i27,Aryan Morasa,Mira Loma A,overall,0,0,0
i27,Tanay Bodducherla,Mira Loma A,biology,0,0,0
i27,Tanay Bodducherla,Mira Loma A,energy,0,0,0
i27,Tanay Bodducherla,Mira Loma A,math,0,0,0
i27,Tanay Bodducherla,Mira Loma A,physics,0,0,0
i27,Tanay Bodducherla,Mira Loma A,ess,0,0,0
i27,Tanay Bodducherla,Mira Loma A,chemistry,1,0,4
i27,Tanay Bodducherla,Mira Loma A,overall,1,0,4
i27,Harish Premkumar,Mira Loma A,biology,0,0,0
i27,Harish Premkumar,Mira Loma A,energy,0,0,0
i27,Harish Premkumar,Mira Loma A,math,0,0,0
i27,Harish Premkumar,Mira Loma A,physics,1,0,4
i27,Harish Premkumar,Mira Loma A,ess,0,0,0
i27,Harish Premkumar,Mira Loma A,chemistry,0,0,0
i27,Harish Premkumar,Mira Loma A,overall,1,0,4
i27,Aatreyo Bhattacharyya,Mira Loma A,biology,0,1,-4
i27,Aatreyo Bhattacharyya,Mira Loma A,energy,2,0,8
i27,Aatreyo Bhattacharyya,Mira Loma A,math,1,0,4
i27,Aatreyo Bhattacharyya,Mira Loma A,physics,1,0,4
i27,Aatreyo Bhattacharyya,Mira Loma A,ess,0,0,0
i27,Aatreyo Bhattacharyya,Mira Loma A,chemistry,1,0,4
i27,Aatreyo Bhattacharyya,Mira Loma A,overall,5,1,16
i27,Flora Jiang,Canyon Crest A,biology,0,0,0
i27,Flora Jiang,Canyon Crest A,energy,0,0,0
i27,Flora Jiang,Canyon Crest A,math,0,0,0
i27,Flora Jiang,Canyon Crest A,physics,0,0,0
i27,Flora Jiang,Canyon Crest A,ess,2,0,8
i27,Flora Jiang,Canyon Crest A,chemistry,0,0,0
i27,Flora Jiang,Canyon Crest A,overall,2,0,8
i27,Alex Xu,Canyon Crest A,biology,2,0,8
i27,Alex Xu,Canyon Crest A,energy,1,1,0
i27,Alex Xu,Canyon Crest A,math,0,0,0
i27,Alex Xu,Canyon Crest A,physics,2,0,8
i27,Alex Xu,Canyon Crest A,ess,2,0,8
i27,Alex Xu,Canyon Crest A,chemistry,1,1,0
i27,Alex Xu,Canyon Crest A,overall,8,2,24
i27,Sean Yu,Canyon Crest A,biology,1,0,4
i27,Sean Yu,Canyon Crest A,energy,0,0,0
i27,Sean Yu,Canyon Crest A,math,0,0,0
i27,Sean Yu,Canyon Crest A,physics,0,0,0
i27,Sean Yu,Canyon Crest A,ess,0,0,0
i27,Sean Yu,Canyon Crest A,chemistry,0,0,0
i27,Sean Yu,Canyon Crest A,overall,1,0,4
i27,Michelle Liang,Canyon Crest A,biology,0,0,0
i27,Michelle Liang,Canyon Crest A,energy,0,0,0
i27,Michelle Liang,Canyon Crest A,math,1,0,4
i27,Michelle Liang,Canyon Crest A,physics,0,0,0
i27,Michelle Liang,Canyon Crest A,ess,0,0,0
i27,Michelle Liang,Canyon Crest A,chemistry,0,0,0
i27,Michelle Liang,Canyon Crest A,overall,1,0,4
i27,Elyas Nuh,Mira Loma A,math,0,0,0
i27,Elyas Nuh,Mira Loma A,energy,0,0,0
i27,Elyas Nuh,Mira Loma A,biology,0,0,0
i27,Elyas Nuh,Mira Loma A,ess,0,0,0
i27,Elyas Nuh,Mira Loma A,physics,0,0,0
i27,Elyas Nuh,Mira Loma A,chemistry,0,0,0
i27,Elyas Nuh,Mira Loma A,overall,0,0,0
i28,Arshiya Sen,Monta Vista B,biology,0,0,0
i28,Arshiya Sen,Monta Vista B,energy,0,0,0
i28,Arshiya Sen,Monta Vista B,math,0,0,0
i28,Arshiya Sen,Monta Vista B,physics,0,0,0
i28,Arshiya Sen,Monta Vista B,ess,0,0,0
i28,Arshiya Sen,Monta Vista B,chemistry,0,0,0
i28,Arshiya Sen,Monta Vista B,overall,0,0,0
i28,Meghana Somu,Monta Vista B,biology,0,0,0
i28,Meghana Somu,Monta Vista B,energy,0,0,0
i28,Meghana Somu,Monta Vista B,math,0,0,0
i28,Meghana Somu,Monta Vista B,physics,0,0,0
i28,Meghana Somu,Monta Vista B,ess,0,0,0
i28,Meghana Somu,Monta Vista B,chemistry,0,0,0
i28,Meghana Somu,Monta Vista B,overall,0,0,0
i28,Maya Pullara,Monta Vista B,biology,0,0,0
i28,Maya Pullara,Monta Vista B,energy,0,0,0
i28,Maya Pullara,Monta Vista B,math,1,0,4
i28,Maya Pullara,Monta Vista B,physics,0,0,0
i28,Maya Pullara,Monta Vista B,ess,0,0,0
i28,Maya Pullara,Monta Vista B,chemistry,0,0,0
i28,Maya Pullara,Monta Vista B,overall,1,0,4
i28,Nicholas Pantino,Monta Vista B,biology,0,0,0
i28,Nicholas Pantino,Monta Vista B,energy,0,0,0
i28,Nicholas Pantino,Monta Vista B,math,0,0,0
i28,Nicholas Pantino,Monta Vista B,physics,0,0,0
i28,Nicholas Pantino,Monta Vista B,ess,1,0,4
i28,Nicholas Pantino,Monta Vista B,chemistry,0,0,0
i28,Nicholas Pantino,Monta Vista B,overall,1,0,4
i28,Jianyu Wang,Lynbrook A,biology,0,0,0
i28,Jianyu Wang,Lynbrook A,energy,1,0,4
i28,Jianyu Wang,Lynbrook A,math,0,0,0
i28,Jianyu Wang,Lynbrook A,physics,1,0,4
i28,Jianyu Wang,Lynbrook A,ess,0,0,0
i28,Jianyu Wang,Lynbrook A,chemistry,2,0,8
i28,Jianyu Wang,Lynbrook A,overall,4,0,16
i28,Sohil Rathi,Lynbrook A,biology,0,0,0
i28,Sohil Rathi,Lynbrook A,energy,0,0,0
i28,Sohil Rathi,Lynbrook A,math,1,0,4
i28,Sohil Rathi,Lynbrook A,physics,2,0,8
i28,Sohil Rathi,Lynbrook A,ess,0,0,0
i28,Sohil Rathi,Lynbrook A,chemistry,0,0,0
i28,Sohil Rathi,Lynbrook A,overall,3,0,12
i28,Steve Yang,Lynbrook A,biology,1,0,4
i28,Steve Yang,Lynbrook A,energy,1,0,4
i28,Steve Yang,Lynbrook A,math,0,0,0
i28,Steve Yang,Lynbrook A,physics,0,0,0
i28,Steve Yang,Lynbrook A,ess,0,1,-4
i28,Steve Yang,Lynbrook A,chemistry,1,0,4
i28,Steve Yang,Lynbrook A,overall,3,1,8
i28,Samuel Wang,Lynbrook A,biology,0,0,0
i28,Samuel Wang,Lynbrook A,energy,1,0,4
i28,Samuel Wang,Lynbrook A,math,0,0,0
i28,Samuel Wang,Lynbrook A,physics,0,0,0
i28,Samuel Wang,Lynbrook A,ess,2,1,4
i28,Samuel Wang,Lynbrook A,chemistry,0,0,0
i28,Samuel Wang,Lynbrook A,overall,3,1,8
i28,Selena Yang,Lynbrook A,math,0,1,-4
i28,Selena Yang,Lynbrook A,energy,0,0,0
i28,Selena Yang,Lynbrook A,biology,1,0,4
i28,Selena Yang,Lynbrook A,ess,0,0,0
i28,Selena Yang,Lynbrook A,physics,0,0,0
i28,Selena Yang,Lynbrook A,chemistry,0,0,0
i28,Selena Yang,Lynbrook A,overall,1,1,0
i29,Rohan Hablani,Arnold O. Beckman A,biology,1,0,4
i29,Rohan Hablani,Arnold O. Beckman A,energy,0,0,0
i29,Rohan Hablani,Arnold O. Beckman A,math,0,0,0
i29,Rohan Hablani,Arnold O. Beckman A,physics,0,0,0
i29,Rohan Hablani,Arnold O. Beckman A,ess,1,0,4
i29,Rohan Hablani,Arnold O. Beckman A,chemistry,2,0,8
i29,Rohan Hablani,Arnold O. Beckman A,overall,4,0,16
i29,Diego Pons,Arnold O. Beckman A,biology,0,0,0
i29,Diego Pons,Arnold O. Beckman A,energy,0,0,0
i29,Diego Pons,Arnold O. Beckman A,math,0,0,0
i29,Diego Pons,Arnold O. Beckman A,physics,0,0,0
i29,Diego Pons,Arnold O. Beckman A,ess,0,0,0
i29,Diego Pons,Arnold O. Beckman A,chemistry,0,0,0
i29,Diego Pons,Arnold O. Beckman A,overall,0,0,0
i29,Aadhya Shenoy,Arnold O. Beckman A,biology,0,0,0
i29,Aadhya Shenoy,Arnold O. Beckman A,energy,0,0,0
i29,Aadhya Shenoy,Arnold O. Beckman A,math,1,0,4
i29,Aadhya Shenoy,Arnold O. Beckman A,physics,0,0,0
i29,Aadhya Shenoy,Arnold O. Beckman A,ess,0,0,0
i29,Aadhya Shenoy,Arnold O. Beckman A,chemistry,0,0,0
i29,Aadhya Shenoy,Arnold O. Beckman A,overall,1,0,4
i29,Ranju Raghavan,Arnold O. Beckman A,biology,0,0,0
i29,Ranju Raghavan,Arnold O. Beckman A,energy,0,0,0
i29,Ranju Raghavan,Arnold O. Beckman A,math,0,0,0
i29,Ranju Raghavan,Arnold O. Beckman A,physics,0,0,0
i29,Ranju Raghavan,Arnold O. Beckman A,ess,0,0,0
i29,Ranju Raghavan,Arnold O. Beckman A,chemistry,0,0,0
i29,Ranju Raghavan,Arnold O. Beckman A,overall,0,0,0
i29,Larry Wu,Canyon Crest B,biology,0,0,0
i29,Larry Wu,Canyon Crest B,energy,0,0,0
i29,Larry Wu,Canyon Crest B,math,0,0,0
i29,Larry Wu,Canyon Crest B,physics,2,0,8
i29,Larry Wu,Canyon Crest B,ess,1,0,4
i29,Larry Wu,Canyon Crest B,chemistry,0,0,0
i29,Larry Wu,Canyon Crest B,overall,3,0,12
i29,Austin Xu,Canyon Crest B,biology,2,0,8
i29,Austin Xu,Canyon Crest B,energy,3,0,12
i29,Austin Xu,Canyon Crest B,math,2,0,8
i29,Austin Xu,Canyon Crest B,physics,0,0,0
i29,Austin Xu,Canyon Crest B,ess,0,0,0
i29,Austin Xu,Canyon Crest B,chemistry,1,0,4
i29,Austin Xu,Canyon Crest B,overall,8,0,32
i29,Alex Backues,Canyon Crest B,biology,0,0,0
i29,Alex Backues,Canyon Crest B,energy,0,0,0
i29,Alex Backues,Canyon Crest B,math,0,0,0
i29,Alex Backues,Canyon Crest B,physics,0,0,0
i29,Alex Backues,Canyon Crest B,ess,0,0,0
i29,Alex Backues,Canyon Crest B,chemistry,0,0,0
i29,Alex Backues,Canyon Crest B,overall,0,0,0
i29,Ishank Kadadi,Canyon Crest B,biology,0,0,0
i29,Ishank Kadadi,Canyon Crest B,energy,0,0,0
i29,Ishank Kadadi,Canyon Crest B,math,0,0,0
i29,Ishank Kadadi,Canyon Crest B,physics,0,0,0
i29,Ishank Kadadi,Canyon Crest B,ess,1,0,4
i29,Ishank Kadadi,Canyon Crest B,chemistry,1,0,4
i29,Ishank Kadadi,Canyon Crest B,overall,2,0,8
i30,Surya Gannerkote,Palo Alto A,biology,1,0,4
i30,Surya Gannerkote,Palo Alto A,energy,0,0,0
i30,Surya Gannerkote,Palo Alto A,math,0,0,0
i30,Surya Gannerkote,Palo Alto A,physics,0,0,0
i30,Surya Gannerkote,Palo Alto A,ess,0,0,0
i30,Surya Gannerkote,Palo Alto A,chemistry,0,0,0
i30,Surya Gannerkote,Palo Alto A,overall,1,0,4
i30,Andrew Wen,Palo Alto A,biology,0,0,0
i30,Andrew Wen,Palo Alto A,energy,0,0,0
i30,Andrew Wen,Palo Alto A,math,1,0,4
i30,Andrew Wen,Palo Alto A,physics,0,0,0
i30,Andrew Wen,Palo Alto A,ess,0,0,0
i30,Andrew Wen,Palo Alto A,chemistry,0,0,0
i30,Andrew Wen,Palo Alto A,overall,1,0,4
i30,Forrest Chou,Palo Alto A,biology,0,0,0
i30,Forrest Chou,Palo Alto A,energy,0,0,0
i30,Forrest Chou,Palo Alto A,math,0,0,0
i30,Forrest Chou,Palo Alto A,physics,2,0,8
i30,Forrest Chou,Palo Alto A,ess,0,0,0
i30,Forrest Chou,Palo Alto A,chemistry,1,0,4
i30,Forrest Chou,Palo Alto A,overall,3,0,12
i30,Carissa Tsui,Palo Alto A,biology,0,0,0
i30,Carissa Tsui,Palo Alto A,energy,0,0,0
i30,Carissa Tsui,Palo Alto A,math,0,0,0
i30,Carissa Tsui,Palo Alto A,physics,0,0,0
i30,Carissa Tsui,Palo Alto A,ess,0,0,0
i30,Carissa Tsui,Palo Alto A,chemistry,0,0,0
i30,Carissa Tsui,Palo Alto A,overall,0,0,0
i30,Ivan Zhang,BASIS Independent A,biology,0,0,0
i30,Ivan Zhang,BASIS Independent A,energy,1,0,4
i30,Ivan Zhang,BASIS Independent A,math,0,0,0
i30,Ivan Zhang,BASIS Independent A,physics,0,0,0
i30,Ivan Zhang,BASIS Independent A,ess,0,1,-4
i30,Ivan Zhang,BASIS Independent A,chemistry,0,0,0
i30,Ivan Zhang,BASIS Independent A,overall,1,1,0
i30,Sidhant Chaliha,BASIS Independent A,biology,0,0,0
i30,Sidhant Chaliha,BASIS Independent A,energy,1,0,4
i30,Sidhant Chaliha,BASIS Independent A,math,0,0,0
i30,Sidhant Chaliha,BASIS Independent A,physics,0,0,0
i30,Sidhant Chaliha,BASIS Independent A,ess,2,0,8
i30,Sidhant Chaliha,BASIS Independent A,chemistry,2,0,8
i30,Sidhant Chaliha,BASIS Independent A,overall,5,0,20
i30,Yueqian Zhang,BASIS Independent A,biology,0,0,0
i30,Yueqian Zhang,BASIS Independent A,energy,0,0,0
i30,Yueqian Zhang,BASIS Independent A,math,3,0,12
i30,Yueqian Zhang,BASIS Independent A,physics,1,0,4
i30,Yueqian Zhang,BASIS Independent A,ess,0,0,0
i30,Yueqian Zhang,BASIS Independent A,chemistry,0,0,0
i30,Yueqian Zhang,BASIS Independent A,overall,4,0,16
i30,Meryl Zhang,BASIS Independent A,biology,0,0,0
i30,Meryl Zhang,BASIS Independent A,energy,0,0,0
i30,Meryl Zhang,BASIS Independent A,math,0,0,0
i30,Meryl Zhang,BASIS Independent A,physics,0,0,0
i30,Meryl Zhang,BASIS Independent A,ess,0,0,0
i30,Meryl Zhang,BASIS Independent A,chemistry,0,0,0
i30,Meryl Zhang,BASIS Independent A,overall,0,0,0
i31,Roshan Annamalai,Mission San Jose A,biology,0,0,0
i31,Roshan Annamalai,Mission San Jose A,energy,0,0,0
i31,Roshan Annamalai,Mission San Jose A,math,1,0,4
i31,Roshan Annamalai,Mission San Jose A,physics,1,0,4
i31,Roshan Annamalai,Mission San Jose A,ess,3,0,12
i31,Roshan Annamalai,Mission San Jose A,chemistry,0,0,0
i31,Roshan Annamalai,Mission San Jose A,overall,5,0,20
i31,Advaith Mopuri,Mission San Jose A,biology,0,0,0
i31,Advaith Mopuri,Mission San Jose A,energy,0,0,0
i31,Advaith Mopuri,Mission San Jose A,math,1,0,4
i31,Advaith Mopuri,Mission San Jose A,physics,1,0,4
i31,Advaith Mopuri,Mission San Jose A,ess,0,0,0
i31,Advaith Mopuri,Mission San Jose A,chemistry,0,0,0
i31,Advaith Mopuri,Mission San Jose A,overall,2,0,8
i31,Gokulanath Mahesh Kumar,Mission San Jose A,biology,2,1,4
i31,Gokulanath Mahesh Kumar,Mission San Jose A,energy,1,0,4
i31,Gokulanath Mahesh Kumar,Mission San Jose A,math,0,0,0
i31,Gokulanath Mahesh Kumar,Mission San Jose A,physics,0,0,0
i31,Gokulanath Mahesh Kumar,Mission San Jose A,ess,0,0,0
i31,Gokulanath Mahesh Kumar,Mission San Jose A,chemistry,0,0,0
i31,Gokulanath Mahesh Kumar,Mission San Jose A,overall,3,1,8
i31,Annie Xu,Mission San Jose A,biology,0,0,0
i31,Annie Xu,Mission San Jose A,energy,1,0,4
i31,Annie Xu,Mission San Jose A,math,0,0,0
i31,Annie Xu,Mission San Jose A,physics,0,0,0
i31,Annie Xu,Mission San Jose A,ess,1,0,4
i31,Annie Xu,Mission San Jose A,chemistry,4,0,16
i31,Annie Xu,Mission San Jose A,overall,6,0,24
i31,Steven Su,Abraham Lincoln,biology,0,0,0
i31,Steven Su,Abraham Lincoln,energy,0,0,0
i31,Steven Su,Abraham Lincoln,math,0,0,0
i31,Steven Su,Abraham Lincoln,physics,0,0,0
i31,Steven Su,Abraham Lincoln,ess,0,0,0
i31,Steven Su,Abraham Lincoln,chemistry,0,0,0
i31,Steven Su,Abraham Lincoln,overall,0,0,0
i31,Kyle Li,Abraham Lincoln,biology,0,0,0
i31,Kyle Li,Abraham Lincoln,energy,1,0,4
i31,Kyle Li,Abraham Lincoln,math,0,0,0
i31,Kyle Li,Abraham Lincoln,physics,0,1,-4
i31,Kyle Li,Abraham Lincoln,ess,0,0,0
i31,Kyle Li,Abraham Lincoln,chemistry,0,0,0
i31,Kyle Li,Abraham Lincoln,overall,1,1,0
i31,Shridavi Raghavan,Abraham Lincoln,biology,0,0,0
i31,Shridavi Raghavan,Abraham Lincoln,energy,0,0,0
i31,Shridavi Raghavan,Abraham Lincoln,math,0,0,0
i31,Shridavi Raghavan,Abraham Lincoln,physics,0,0,0
i31,Shridavi Raghavan,Abraham Lincoln,ess,0,0,0
i31,Shridavi Raghavan,Abraham Lincoln,chemistry,0,0,0
i31,Shridavi Raghavan,Abraham Lincoln,overall,0,0,0
i31,Garen Yang,Abraham Lincoln,biology,0,0,0
i31,Garen Yang,Abraham Lincoln,energy,0,0,0
i31,Garen Yang,Abraham Lincoln,math,0,0,0
i31,Garen Yang,Abraham Lincoln,physics,0,0,0
i31,Garen Yang,Abraham Lincoln,ess,0,0,0
i31,Garen Yang,Abraham Lincoln,chemistry,0,0,0
i31,Garen Yang,Abraham Lincoln,overall,0,0,0
i31,Jeffrey Li,Mission San Jose A,energy,0,0,0
i31,Jeffrey Li,Mission San Jose A,math,1,0,4
i31,Jeffrey Li,Mission San Jose A,biology,0,0,0
i31,Jeffrey Li,Mission San Jose A,ess,0,0,0
i31,Jeffrey Li,Mission San Jose A,physics,1,0,4
i31,Jeffrey Li,Mission San Jose A,chemistry,0,0,0
i31,Jeffrey Li,Mission San Jose A,overall,2,0,8
i31,Miranda Feng Cai,Abraham Lincoln,energy,0,0,0
i31,Miranda Feng Cai,Abraham Lincoln,math,0,0,0
i31,Miranda Feng Cai,Abraham Lincoln,biology,0,0,0
i31,Miranda Feng Cai,Abraham Lincoln,ess,0,0,0
i31,Miranda Feng Cai,Abraham Lincoln,physics,0,0,0
i31,Miranda Feng Cai,Abraham Lincoln,chemistry,0,0,0
i31,Miranda Feng Cai,Abraham Lincoln,overall,0,0,0
i32,Suvan Chauhan,Archbishop Mitty A,biology,0,0,0
i32,Suvan Chauhan,Archbishop Mitty A,energy,0,0,0
i32,Suvan Chauhan,Archbishop Mitty A,math,0,0,0
i32,Suvan Chauhan,Archbishop Mitty A,physics,0,0,0
i32,Suvan Chauhan,Archbishop Mitty A,ess,0,0,0
i32,Suvan Chauhan,Archbishop Mitty A,chemistry,0,0,0
i32,Suvan Chauhan,Archbishop Mitty A,overall,0,0,0
i32,Sebastian Leung,Archbishop Mitty A,biology,2,0,8
i32,Sebastian Leung,Archbishop Mitty A,energy,0,0,0
i32,Sebastian Leung,Archbishop Mitty A,math,0,0,0
i32,Sebastian Leung,Archbishop Mitty A,physics,0,0,0
i32,Sebastian Leung,Archbishop Mitty A,ess,0,0,0
i32,Sebastian Leung,Archbishop Mitty A,chemistry,1,0,4
i32,Sebastian Leung,Archbishop Mitty A,overall,3,0,12
i32,Suyog Vibhuti,Archbishop Mitty A,biology,1,0,4
i32,Suyog Vibhuti,Archbishop Mitty A,energy,0,0,0
i32,Suyog Vibhuti,Archbishop Mitty A,math,0,0,0
i32,Suyog Vibhuti,Archbishop Mitty A,physics,0,0,0
i32,Suyog Vibhuti,Archbishop Mitty A,ess,1,0,4
i32,Suyog Vibhuti,Archbishop Mitty A,chemistry,1,0,4
i32,Suyog Vibhuti,Archbishop Mitty A,overall,3,0,12
i32,Mahit Karadigudda,Archbishop Mitty A,biology,0,0,0
i32,Mahit Karadigudda,Archbishop Mitty A,energy,0,0,0
i32,Mahit Karadigudda,Archbishop Mitty A,math,0,0,0
i32,Mahit Karadigudda,Archbishop Mitty A,physics,1,0,4
i32,Mahit Karadigudda,Archbishop Mitty A,ess,0,0,0
i32,Mahit Karadigudda,Archbishop Mitty A,chemistry,0,0,0
i32,Mahit Karadigudda,Archbishop Mitty A,overall,1,0,4
i32,Warren Chee,Saratoga,biology,0,0,0
i32,Warren Chee,Saratoga,energy,1,0,4
i32,Warren Chee,Saratoga,math,0,0,0
i32,Warren Chee,Saratoga,physics,1,0,4
i32,Warren Chee,Saratoga,ess,0,0,0
i32,Warren Chee,Saratoga,chemistry,0,0,0
i32,Warren Chee,Saratoga,overall,2,0,8
i32,Skyler Mao,Saratoga,biology,0,0,0
i32,Skyler Mao,Saratoga,energy,2,0,8
i32,Skyler Mao,Saratoga,math,3,0,12
i32,Skyler Mao,Saratoga,physics,0,1,-4
i32,Skyler Mao,Saratoga,ess,2,0,8
i32,Skyler Mao,Saratoga,chemistry,2,2,0
i32,Skyler Mao,Saratoga,overall,9,3,24
i32,Willis Chung,Saratoga,biology,0,0,0
i32,Willis Chung,Saratoga,energy,0,0,0
i32,Willis Chung,Saratoga,math,0,0,0
i32,Willis Chung,Saratoga,physics,0,0,0
i32,Willis Chung,Saratoga,ess,0,0,0
i32,Willis Chung,Saratoga,chemistry,0,0,0
i32,Willis Chung,Saratoga,overall,0,0,0
i32,Alan Cai,Saratoga,biology,1,0,4
i32,Alan Cai,Saratoga,energy,0,0,0
i32,Alan Cai,Saratoga,math,0,0,0
i32,Alan Cai,Saratoga,physics,0,0,0
i32,Alan Cai,Saratoga,ess,0,0,0
i32,Alan Cai,Saratoga,chemistry,0,0,0
i32,Alan Cai,Saratoga,overall,1,0,4
i32,Alex Ge,Saratoga,energy,0,0,0
i32,Alex Ge,Saratoga,math,0,0,0
i32,Alex Ge,Saratoga,biology,0,2,-8
i32,Alex Ge,Saratoga,ess,0,0,0
i32,Alex Ge,Saratoga,physics,0,0,0
i32,Alex Ge,Saratoga,chemistry,0,0,0
i32,Alex Ge,Saratoga,overall,0,2,-8
i33,Rex Ouyang,California A,biology,0,0,0
i33,Rex Ouyang,California A,energy,0,0,0
i33,Rex Ouyang,California A,math,0,0,0
i33,Rex Ouyang,California A,physics,0,0,0
i33,Rex Ouyang,California A,ess,0,0,0
i33,Rex Ouyang,California A,chemistry,0,0,0
i33,Rex Ouyang,California A,overall,0,0,0
i33,Mukund Senthil Kumar,California A,biology,0,0,0
i33,Mukund Senthil Kumar,California A,energy,0,0,0
i33,Mukund Senthil Kumar,California A,math,0,0,0
i33,Mukund Senthil Kumar,California A,physics,0,0,0
i33,Mukund Senthil Kumar,California A,ess,0,0,0
i33,Mukund Senthil Kumar,California A,chemistry,0,0,0
i33,Mukund Senthil Kumar,California A,overall,0,0,0
i33,Jax Milasincic,California A,biology,0,0,0
i33,Jax Milasincic,California A,energy,1,0,4
i33,Jax Milasincic,California A,math,0,0,0
i33,Jax Milasincic,California A,physics,1,0,4
i33,Jax Milasincic,California A,ess,0,0,0
i33,Jax Milasincic,California A,chemistry,0,0,0
i33,Jax Milasincic,California A,overall,2,0,8
i33,Jishnu Balaji,California A,biology,1,1,0
i33,Jishnu Balaji,California A,energy,1,0,4
i33,Jishnu Balaji,California A,math,0,0,0
i33,Jishnu Balaji,California A,physics,0,0,0
i33,Jishnu Balaji,California A,ess,0,0,0
i33,Jishnu Balaji,California A,chemistry,0,0,0
i33,Jishnu Balaji,California A,overall,2,1,4
i33,Shripriya Kalbhavi,Lynbrook C,biology,1,0,4
i33,Shripriya Kalbhavi,Lynbrook C,energy,0,0,0
i33,Shripriya Kalbhavi,Lynbrook C,math,0,0,0
i33,Shripriya Kalbhavi,Lynbrook C,physics,0,0,0
i33,Shripriya Kalbhavi,Lynbrook C,ess,1,0,4
i33,Shripriya Kalbhavi,Lynbrook C,chemistry,0,0,0
i33,Shripriya Kalbhavi,Lynbrook C,overall,2,0,8
i33,Thomas Wu,Lynbrook C,biology,1,0,4
i33,Thomas Wu,Lynbrook C,energy,1,0,4
i33,Thomas Wu,Lynbrook C,math,0,0,0
i33,Thomas Wu,Lynbrook C,physics,0,0,0
i33,Thomas Wu,Lynbrook C,ess,2,0,8
i33,Thomas Wu,Lynbrook C,chemistry,1,0,4
i33,Thomas Wu,Lynbrook C,overall,5,0,20
i33,Evan Liu,Lynbrook C,biology,0,0,0
i33,Evan Liu,Lynbrook C,energy,0,0,0
i33,Evan Liu,Lynbrook C,math,1,0,4
i33,Evan Liu,Lynbrook C,physics,1,0,4
i33,Evan Liu,Lynbrook C,ess,0,0,0
i33,Evan Liu,Lynbrook C,chemistry,2,0,8
i33,Evan Liu,Lynbrook C,overall,4,0,16
i33,Siwen Luo,Lynbrook C,biology,0,0,0
i33,Siwen Luo,Lynbrook C,energy,0,0,0
i33,Siwen Luo,Lynbrook C,math,0,0,0
i33,Siwen Luo,Lynbrook C,physics,0,0,0
i33,Siwen Luo,Lynbrook C,ess,0,0,0
i33,Siwen Luo,Lynbrook C,chemistry,1,0,4
i33,Siwen Luo,Lynbrook C,overall,1,0,4
i33,Veerein Pala,California A,energy,0,0,0
i33,Veerein Pala,California A,math,0,0,0
i33,Veerein Pala,California A,biology,0,0,0
i33,Veerein Pala,California A,ess,0,0,0
i33,Veerein Pala,California A,physics,0,0,0
i33,Veerein Pala,California A,chemistry,0,0,0
i33,Veerein Pala,California A,overall,0,0,0
i33,Matthew Yuan,Lynbrook C,energy,0,0,0
i33,Matthew Yuan,Lynbrook C,math,2,0,8
i33,Matthew Yuan,Lynbrook C,biology,0,0,0
i33,Matthew Yuan,Lynbrook C,ess,0,0,0
i33,Matthew Yuan,Lynbrook C,physics,0,0,0
i33,Matthew Yuan,Lynbrook C,chemistry,0,0,0
i33,Matthew Yuan,Lynbrook C,overall,2,0,8
i34,Victoria Xu,Dougherty Valley B,biology,0,0,0
i34,Victoria Xu,Dougherty Valley B,energy,0,0,0
i34,Victoria Xu,Dougherty Valley B,math,0,0,0
i34,Victoria Xu,Dougherty Valley B,physics,0,0,0
i34,Victoria Xu,Dougherty Valley B,ess,0,0,0
i34,Victoria Xu,Dougherty Valley B,chemistry,0,0,0
i34,Victoria Xu,Dougherty Valley B,overall,0,0,0
i34,Varun Challa,Dougherty Valley B,biology,1,0,4
i34,Varun Challa,Dougherty Valley B,energy,1,0,4
i34,Varun Challa,Dougherty Valley B,math,0,0,0
i34,Varun Challa,Dougherty Valley B,physics,0,0,0
i34,Varun Challa,Dougherty Valley B,ess,2,0,8
i34,Varun Challa,Dougherty Valley B,chemistry,1,0,4
i34,Varun Challa,Dougherty Valley B,overall,5,0,20
i34,Jayden Lee,Dougherty Valley B,biology,2,0,8
i34,Jayden Lee,Dougherty Valley B,energy,1,0,4
i34,Jayden Lee,Dougherty Valley B,math,1,0,4
i34,Jayden Lee,Dougherty Valley B,physics,1,0,4
i34,Jayden Lee,Dougherty Valley B,ess,0,0,0
i34,Jayden Lee,Dougherty Valley B,chemistry,0,0,0
i34,Jayden Lee,Dougherty Valley B,overall,5,0,20
i34,Ryan Manocha,American B,biology,0,0,0
i34,Ryan Manocha,American B,energy,0,0,0
i34,Ryan Manocha,American B,math,0,0,0
i34,Ryan Manocha,American B,physics,0,0,0
i34,Ryan Manocha,American B,ess,0,0,0
i34,Ryan Manocha,American B,chemistry,1,0,4
i34,Ryan Manocha,American B,overall,1,0,4
i34,Vishruth Dinesh,American B,biology,0,0,0
i34,Vishruth Dinesh,American B,energy,0,0,0
i34,Vishruth Dinesh,American B,math,0,0,0
i34,Vishruth Dinesh,American B,physics,0,0,0
i34,Vishruth Dinesh,American B,ess,0,0,0
i34,Vishruth Dinesh,American B,chemistry,2,0,8
i34,Vishruth Dinesh,American B,overall,2,0,8
i34,Mahesh Karthikeyan,American B,biology,0,0,0
i34,Mahesh Karthikeyan,American B,energy,1,0,4
i34,Mahesh Karthikeyan,American B,math,0,0,0
i34,Mahesh Karthikeyan,American B,physics,0,0,0
i34,Mahesh Karthikeyan,American B,ess,1,0,4
i34,Mahesh Karthikeyan,American B,chemistry,0,0,0
i34,Mahesh Karthikeyan,American B,overall,2,0,8
i34,Arnava Bharadwaja,American B,biology,1,1,0
i34,Arnava Bharadwaja,American B,energy,0,0,0
i34,Arnava Bharadwaja,American B,math,0,0,0
i34,Arnava Bharadwaja,American B,physics,0,0,0
i34,Arnava Bharadwaja,American B,ess,0,0,0
i34,Arnava Bharadwaja,American B,chemistry,0,0,0
i34,Arnava Bharadwaja,American B,overall,1,1,0
i35,Ayati Vyas,American A,biology,0,0,0
i35,Ayati Vyas,American A,energy,0,0,0
i35,Ayati Vyas,American A,math,0,0,0
i35,Ayati Vyas,American A,physics,0,0,0
i35,Ayati Vyas,American A,ess,0,0,0
i35,Ayati Vyas,American A,chemistry,0,0,0
i35,Ayati Vyas,American A,overall,0,0,0
i35,Amaan Mohammad,American A,biology,0,0,0
i35,Amaan Mohammad,American A,energy,0,0,0
i35,Amaan Mohammad,American A,math,2,0,8
i35,Amaan Mohammad,American A,physics,0,0,0
i35,Amaan Mohammad,American A,ess,1,0,4
i35,Amaan Mohammad,American A,chemistry,0,0,0
i35,Amaan Mohammad,American A,overall,3,0,12
i35,Stavya Gaonkar,American A,biology,1,0,4
i35,Stavya Gaonkar,American A,energy,2,0,8
i35,Stavya Gaonkar,American A,math,0,0,0
i35,Stavya Gaonkar,American A,physics,2,0,8
i35,Stavya Gaonkar,American A,ess,0,0,0
i35,Stavya Gaonkar,American A,chemistry,0,0,0
i35,Stavya Gaonkar,American A,overall,5,0,20
i35,Krishay Garg,American A,biology,0,0,0
i35,Krishay Garg,American A,energy,0,0,0
i35,Krishay Garg,American A,math,1,0,4
i35,Krishay Garg,American A,physics,1,0,4
i35,Krishay Garg,American A,ess,0,0,0
i35,Krishay Garg,American A,chemistry,1,0,4
i35,Krishay Garg,American A,overall,3,0,12
i35,Harini Penumuchu,Foothill A,biology,0,0,0
i35,Harini Penumuchu,Foothill A,energy,0,0,0
i35,Harini Penumuchu,Foothill A,math,0,0,0
i35,Harini Penumuchu,Foothill A,physics,0,0,0
i35,Harini Penumuchu,Foothill A,ess,0,0,0
i35,Harini Penumuchu,Foothill A,chemistry,0,0,0
i35,Harini Penumuchu,Foothill A,overall,0,0,0
i35,Lakshanya Palani,Foothill A,biology,0,0,0
i35,Lakshanya Palani,Foothill A,energy,0,0,0
i35,Lakshanya Palani,Foothill A,math,0,0,0
i35,Lakshanya Palani,Foothill A,physics,0,0,0
i35,Lakshanya Palani,Foothill A,ess,0,0,0
i35,Lakshanya Palani,Foothill A,chemistry,0,0,0
i35,Lakshanya Palani,Foothill A,overall,0,0,0
i35,Sahil Deshmukh,Foothill A,biology,0,0,0
i35,Sahil Deshmukh,Foothill A,energy,0,0,0
i35,Sahil Deshmukh,Foothill A,math,0,0,0
i35,Sahil Deshmukh,Foothill A,physics,0,0,0
i35,Sahil Deshmukh,Foothill A,ess,0,0,0
i35,Sahil Deshmukh,Foothill A,chemistry,0,0,0
i35,Sahil Deshmukh,Foothill A,overall,0,0,0
i35,Jake Nguyen,Foothill A,biology,1,0,4
i35,Jake Nguyen,Foothill A,energy,0,0,0
i35,Jake Nguyen,Foothill A,math,0,0,0
i35,Jake Nguyen,Foothill A,physics,0,0,0
i35,Jake Nguyen,Foothill A,ess,0,0,0
i35,Jake Nguyen,Foothill A,chemistry,1,1,0
i35,Jake Nguyen,Foothill A,overall,2,1,4
i35,Sriram Venkatesh,American A,energy,0,0,0
i35,Sriram Venkatesh,American A,math,0,0,0
i35,Sriram Venkatesh,American A,biology,0,0,0
i35,Sriram Venkatesh,American A,ess,0,0,0
i35,Sriram Venkatesh,American A,physics,0,0,0
i35,Sriram Venkatesh,American A,chemistry,1,0,4
i35,Sriram Venkatesh,American A,overall,1,0,4
i35,Sreekar Sreeram,Foothill A,energy,1,0,4
i35,Sreekar Sreeram,Foothill A,math,0,0,0
i35,Sreekar Sreeram,Foothill A,biology,0,0,0
i35,Sreekar Sreeram,Foothill A,ess,2,0,8
i35,Sreekar Sreeram,Foothill A,physics,0,0,0
i35,Sreekar Sreeram,Foothill A,chemistry,0,0,0
i35,Sreekar Sreeram,Foothill A,overall,3,0,12
i36,Nishanth Karanam,Mira Loma B,biology,0,0,0
i36,Nishanth Karanam,Mira Loma B,energy,0,0,0
i36,Nishanth Karanam,Mira Loma B,math,0,0,0
i36,Nishanth Karanam,Mira Loma B,physics,0,0,0
i36,Nishanth Karanam,Mira Loma B,ess,0,0,0
i36,Nishanth Karanam,Mira Loma B,chemistry,0,0,0
i36,Nishanth Karanam,Mira Loma B,overall,0,0,0
i36,Kapilan Karunakaran,Mira Loma B,biology,0,0,0
i36,Kapilan Karunakaran,Mira Loma B,energy,1,0,4
i36,Kapilan Karunakaran,Mira Loma B,math,0,0,0
i36,Kapilan Karunakaran,Mira Loma B,physics,0,0,0
i36,Kapilan Karunakaran,Mira Loma B,ess,0,0,0
i36,Kapilan Karunakaran,Mira Loma B,chemistry,0,0,0
i36,Kapilan Karunakaran,Mira Loma B,overall,1,0,4
i36,Ashrith Beeravelli,Mira Loma B,biology,2,0,8
i36,Ashrith Beeravelli,Mira Loma B,energy,0,0,0
i36,Ashrith Beeravelli,Mira Loma B,math,2,0,8
i36,Ashrith Beeravelli,Mira Loma B,physics,0,0,0
i36,Ashrith Beeravelli,Mira Loma B,ess,1,0,4
i36,Ashrith Beeravelli,Mira Loma B,chemistry,0,1,-4
i36,Ashrith Beeravelli,Mira Loma B,overall,5,1,16
i36,Benjamin Mark,Mira Loma B,biology,0,0,0
i36,Benjamin Mark,Mira Loma B,energy,0,0,0
i36,Benjamin Mark,Mira Loma B,math,0,0,0
i36,Benjamin Mark,Mira Loma B,physics,0,0,0
i36,Benjamin Mark,Mira Loma B,ess,0,0,0
i36,Benjamin Mark,Mira Loma B,chemistry,0,0,0
i36,Benjamin Mark,Mira Loma B,overall,0,0,0
i36,Jake Wang,Cupertino A,biology,0,0,0
i36,Jake Wang,Cupertino A,energy,1,0,4
i36,Jake Wang,Cupertino A,math,0,0,0
i36,Jake Wang,Cupertino A,physics,3,0,12
i36,Jake Wang,Cupertino A,ess,2,0,8
i36,Jake Wang,Cupertino A,chemistry,2,0,8
i36,Jake Wang,Cupertino A,overall,8,0,32
i36,Aaditya Karnataki,Cupertino A,biology,1,0,4
i36,Aaditya Karnataki,Cupertino A,energy,1,0,4
i36,Aaditya Karnataki,Cupertino A,math,0,0,0
i36,Aaditya Karnataki,Cupertino A,physics,0,0,0
i36,Aaditya Karnataki,Cupertino A,ess,0,0,0
i36,Aaditya Karnataki,Cupertino A,chemistry,2,0,8
i36,Aaditya Karnataki,Cupertino A,overall,4,0,16
i36,Minseo Park,Cupertino A,biology,0,0,0
i36,Minseo Park,Cupertino A,energy,0,0,0
i36,Minseo Park,Cupertino A,math,0,0,0
i36,Minseo Park,Cupertino A,physics,0,0,0
i36,Minseo Park,Cupertino A,ess,0,0,0
i36,Minseo Park,Cupertino A,chemistry,0,0,0
i36,Minseo Park,Cupertino A,overall,0,0,0
i36,Namita Gaidhani,Cupertino A,biology,0,0,0
i36,Namita Gaidhani,Cupertino A,energy,0,0,0
i36,Namita Gaidhani,Cupertino A,math,0,0,0
i36,Namita Gaidhani,Cupertino A,physics,0,0,0
i36,Namita Gaidhani,Cupertino A,ess,0,0,0
i36,Namita Gaidhani,Cupertino A,chemistry,0,0,0
i36,Namita Gaidhani,Cupertino A,overall,0,0,0
i36,Vishwas Charan,Mira Loma B,math,0,0,0
i36,Vishwas Charan,Mira Loma B,biology,0,0,0
i36,Vishwas Charan,Mira Loma B,ess,0,0,0
i36,Vishwas Charan,Mira Loma B,physics,0,0,0
i36,Vishwas Charan,Mira Loma B,chemistry,0,0,0
i36,Vishwas Charan,Mira Loma B,energy,0,0,0
i36,Vishwas Charan,Mira Loma B,overall,0,0,0
i36,Aditi Gargeshwari,Cupertino A,math,0,0,0
i36,Aditi Gargeshwari,Cupertino A,biology,0,0,0
i36,Aditi Gargeshwari,Cupertino A,ess,0,0,0
i36,Aditi Gargeshwari,Cupertino A,physics,0,0,0
i36,Aditi Gargeshwari,Cupertino A,chemistry,0,0,0
i36,Aditi Gargeshwari,Cupertino A,energy,0,0,0
i36,Aditi Gargeshwari,Cupertino A,overall,0,0,0
i37,Hannah Bowman,Stanford Online,physics,0,0,0
i37,Hannah Bowman,Stanford Online,ess,0,0,0
i37,Hannah Bowman,Stanford Online,chemistry,0,0,0
i37,Hannah Bowman,Stanford Online,biology,0,0,0
i37,Hannah Bowman,Stanford Online,energy,0,0,0
i37,Hannah Bowman,Stanford Online,math,0,0,0
i37,Hannah Bowman,Stanford Online,overall,0,0,0
i37,Nathan Bowman,Stanford Online,physics,0,0,0
i37,Nathan Bowman,Stanford Online,ess,0,0,0
i37,Nathan Bowman,Stanford Online,chemistry,0,0,0
i37,Nathan Bowman,Stanford Online,biology,0,0,0
i37,Nathan Bowman,Stanford Online,energy,0,0,0
i37,Nathan Bowman,Stanford Online,math,0,0,0
i37,Nathan Bowman,Stanford Online,overall,0,0,0
i37,Joshua Tittiranonda,Stanford Online,physics,1,0,4
i37,Joshua Tittiranonda,Stanford Online,ess,0,0,0
i37,Joshua Tittiranonda,Stanford Online,chemistry,0,0,0
i37,Joshua Tittiranonda,Stanford Online,biology,2,0,8
i37,Joshua Tittiranonda,Stanford Online,energy,0,0,0
i37,Joshua Tittiranonda,Stanford Online,math,0,0,0
i37,Joshua Tittiranonda,Stanford Online,overall,3,0,12
i37,Keshav Narang,Stanford Online,physics,0,1,-4
i37,Keshav Narang,Stanford Online,ess,1,0,4
i37,Keshav Narang,Stanford Online,chemistry,0,1,-4
i37,Keshav Narang,Stanford Online,biology,2,0,8
i37,Keshav Narang,Stanford Online,energy,1,0,4
i37,Keshav Narang,Stanford Online,math,1,0,4
i37,Keshav Narang,Stanford Online,overall,5,2,12
i37,William Zhao,Dougherty Valley A,physics,2,0,8
i37,William Zhao,Dougherty Valley A,ess,0,0,0
i37,William Zhao,Dougherty Valley A,chemistry,0,0,0
i37,William Zhao,Dougherty Valley A,biology,0,0,0
i37,William Zhao,Dougherty Valley A,energy,0,0,0
i37,William Zhao,Dougherty Valley A,math,2,1,4
i37,William Zhao,Dougherty Valley A,overall,4,1,12
i37,Pleban Mishra,Dougherty Valley A,physics,0,0,0
i37,Pleban Mishra,Dougherty Valley A,ess,0,0,0
i37,Pleban Mishra,Dougherty Valley A,chemistry,2,0,8
i37,Pleban Mishra,Dougherty Valley A,biology,0,0,0
i37,Pleban Mishra,Dougherty Valley A,energy,0,0,0
i37,Pleban Mishra,Dougherty Valley A,math,0,0,0
i37,Pleban Mishra,Dougherty Valley A,overall,2,0,8
i37,Akshaj Challa,Dougherty Valley A,physics,0,0,0
i37,Akshaj Challa,Dougherty Valley A,ess,1,0,4
i37,Akshaj Challa,Dougherty Valley A,chemistry,0,0,0
i37,Akshaj Challa,Dougherty Valley A,biology,1,0,4
i37,Akshaj Challa,Dougherty Valley A,energy,0,0,0
i37,Akshaj Challa,Dougherty Valley A,math,0,0,0
i37,Akshaj Challa,Dougherty Valley A,overall,2,0,8
i37,Anthony Wei,Dougherty Valley A,physics,0,0,0
i37,Anthony Wei,Dougherty Valley A,ess,0,0,0
i37,Anthony Wei,Dougherty Valley A,chemistry,0,0,0
i37,Anthony Wei,Dougherty Valley A,biology,0,1,-4
i37,Anthony Wei,Dougherty Valley A,energy,0,1,-4
i37,Anthony Wei,Dougherty Valley A,math,0,0,0
i37,Anthony Wei,Dougherty Valley A,overall,0,2,-8
i38,Aniket Mangalampalli,Mission San Jose B,physics,0,0,0
i38,Aniket Mangalampalli,Mission San Jose B,ess,0,0,0
i38,Aniket Mangalampalli,Mission San Jose B,chemistry,0,0,0
i38,Aniket Mangalampalli,Mission San Jose B,biology,0,0,0
i38,Aniket Mangalampalli,Mission San Jose B,energy,0,0,0
i38,Aniket Mangalampalli,Mission San Jose B,math,2,0,8
i38,Aniket Mangalampalli,Mission San Jose B,overall,2,0,8
i38,Arnav Gupta,Mission San Jose B,physics,0,0,0
i38,Arnav Gupta,Mission San Jose B,ess,0,0,0
i38,Arnav Gupta,Mission San Jose B,chemistry,0,0,0
i38,Arnav Gupta,Mission San Jose B,biology,0,0,0
i38,Arnav Gupta,Mission San Jose B,energy,0,0,0
i38,Arnav Gupta,Mission San Jose B,math,0,0,0
i38,Arnav Gupta,Mission San Jose B,overall,0,0,0
i38,Daniel Liu,Mission San Jose B,physics,0,0,0
i38,Daniel Liu,Mission San Jose B,ess,2,0,8
i38,Daniel Liu,Mission San Jose B,chemistry,0,0,0
i38,Daniel Liu,Mission San Jose B,biology,2,0,8
i38,Daniel Liu,Mission San Jose B,energy,0,0,0
i38,Daniel Liu,Mission San Jose B,math,0,0,0
i38,Daniel Liu,Mission San Jose B,overall,4,0,16
i38,Theenash Sengupta,Mission San Jose B,physics,0,1,-4
i38,Theenash Sengupta,Mission San Jose B,ess,1,1,0
i38,Theenash Sengupta,Mission San Jose B,chemistry,1,2,-4
i38,Theenash Sengupta,Mission San Jose B,biology,3,0,12
i38,Theenash Sengupta,Mission San Jose B,energy,0,1,-4
i38,Theenash Sengupta,Mission San Jose B,math,0,0,0
i38,Theenash Sengupta,Mission San Jose B,overall,5,5,0
i38,Ashlee Zhou,BASIS Independent B,physics,0,0,0
i38,Ashlee Zhou,BASIS Independent B,ess,0,0,0
i38,Ashlee Zhou,BASIS Independent B,chemistry,0,0,0
i38,Ashlee Zhou,BASIS Independent B,biology,0,0,0
i38,Ashlee Zhou,BASIS Independent B,energy,0,0,0
i38,Ashlee Zhou,BASIS Independent B,math,0,0,0
i38,Ashlee Zhou,BASIS Independent B,overall,0,0,0
i38,Aya Ahmad,BASIS Independent B,physics,0,0,0
i38,Aya Ahmad,BASIS Independent B,ess,1,0,4
i38,Aya Ahmad,BASIS Independent B,chemistry,0,0,0
i38,Aya Ahmad,BASIS Independent B,biology,0,0,0
i38,Aya Ahmad,BASIS Independent B,energy,0,0,0
i38,Aya Ahmad,BASIS Independent B,math,0,0,0
i38,Aya Ahmad,BASIS Independent B,overall,1,0,4
i38,Brady Yang,BASIS Independent B,physics,0,0,0
i38,Brady Yang,BASIS Independent B,ess,0,0,0
i38,Brady Yang,BASIS Independent B,chemistry,1,0,4
i38,Brady Yang,BASIS Independent B,biology,0,0,0
i38,Brady Yang,BASIS Independent B,energy,0,0,0
i38,Brady Yang,BASIS Independent B,math,0,0,0
i38,Brady Yang,BASIS Independent B,overall,1,0,4
i38,Yash Madireddy,BASIS Independent B,physics,0,0,0
i38,Yash Madireddy,BASIS Independent B,ess,0,0,0
i38,Yash Madireddy,BASIS Independent B,chemistry,1,0,4
i38,Yash Madireddy,BASIS Independent B,biology,0,0,0
i38,Yash Madireddy,BASIS Independent B,energy,0,0,0
i38,Yash Madireddy,BASIS Independent B,math,0,0,0
i38,Yash Madireddy,BASIS Independent B,overall,1,0,4
i39,Caleb Obico,Saint Francis,physics,0,0,0
i39,Caleb Obico,Saint Francis,ess,0,0,0
i39,Caleb Obico,Saint Francis,chemistry,0,0,0
i39,Caleb Obico,Saint Francis,biology,0,0,0
i39,Caleb Obico,Saint Francis,energy,0,0,0
i39,Caleb Obico,Saint Francis,math,0,0,0
i39,Caleb Obico,Saint Francis,overall,0,0,0
i39,Alexander Xia,Saint Francis,physics,0,0,0
i39,Alexander Xia,Saint Francis,ess,0,0,0
i39,Alexander Xia,Saint Francis,chemistry,1,0,4
i39,Alexander Xia,Saint Francis,biology,0,0,0
i39,Alexander Xia,Saint Francis,energy,0,0,0
i39,Alexander Xia,Saint Francis,math,1,0,4
i39,Alexander Xia,Saint Francis,overall,2,0,8
i39,Ishan Pachauri,Saint Francis,physics,0,0,0
i39,Ishan Pachauri,Saint Francis,ess,2,0,8
i39,Ishan Pachauri,Saint Francis,chemistry,0,1,-4
i39,Ishan Pachauri,Saint Francis,biology,3,0,12
i39,Ishan Pachauri,Saint Francis,energy,1,0,4
i39,Ishan Pachauri,Saint Francis,math,1,0,4
i39,Ishan Pachauri,Saint Francis,overall,7,1,24
i39,Anirudh Kannan,Saint Francis,physics,0,1,-4
i39,Anirudh Kannan,Saint Francis,ess,0,0,0
i39,Anirudh Kannan,Saint Francis,chemistry,0,0,0
i39,Anirudh Kannan,Saint Francis,biology,0,0,0
i39,Anirudh Kannan,Saint Francis,energy,0,0,0
i39,Anirudh Kannan,Saint Francis,math,0,0,0
i39,Anirudh Kannan,Saint Francis,overall,0,1,-4
i39,Andrew Wang,Palo Alto B,physics,0,0,0
i39,Andrew Wang,Palo Alto B,ess,0,0,0
i39,Andrew Wang,Palo Alto B,chemistry,1,0,4
i39,Andrew Wang,Palo Alto B,biology,0,0,0
i39,Andrew Wang,Palo Alto B,energy,0,0,0
i39,Andrew Wang,Palo Alto B,math,0,0,0
i39,Andrew Wang,Palo Alto B,overall,1,0,4
i39,Inhoo Chang,Palo Alto B,physics,1,0,4
i39,Inhoo Chang,Palo Alto B,ess,0,0,0
i39,Inhoo Chang,Palo Alto B,chemistry,0,0,0
i39,Inhoo Chang,Palo Alto B,biology,0,0,0
i39,Inhoo Chang,Palo Alto B,energy,0,0,0
i39,Inhoo Chang,Palo Alto B,math,0,0,0
i39,Inhoo Chang,Palo Alto B,overall,1,0,4
i39,Jeremy Yuen,Palo Alto B,physics,1,0,4
i39,Jeremy Yuen,Palo Alto B,ess,0,0,0
i39,Jeremy Yuen,Palo Alto B,chemistry,0,0,0
i39,Jeremy Yuen,Palo Alto B,biology,2,0,8
i39,Jeremy Yuen,Palo Alto B,energy,0,0,0
i39,Jeremy Yuen,Palo Alto B,math,0,0,0
i39,Jeremy Yuen,Palo Alto B,overall,3,0,12
i39,Jonathan Yuen,Palo Alto B,physics,0,0,0
i39,Jonathan Yuen,Palo Alto B,ess,0,0,0
i39,Jonathan Yuen,Palo Alto B,chemistry,0,0,0
i39,Jonathan Yuen,Palo Alto B,biology,0,0,0
i39,Jonathan Yuen,Palo Alto B,energy,0,0,0
i39,Jonathan Yuen,Palo Alto B,math,0,0,0
i39,Jonathan Yuen,Palo Alto B,overall,0,0,0
i39,Viyan Dabke,Saint Francis,math,0,0,0
i39,Viyan Dabke,Saint Francis,biology,0,0,0
i39,Viyan Dabke,Saint Francis,ess,0,0,0
i39,Viyan Dabke,Saint Francis,chemistry,0,0,0
i39,Viyan Dabke,Saint Francis,physics,0,0,0
i39,Viyan Dabke,Saint Francis,overall,0,0,0
i39,Allie Jackson,Palo Alto B,math,0,0,0
i39,Allie Jackson,Palo Alto B,biology,0,0,0
i39,Allie Jackson,Palo Alto B,ess,0,0,0
i39,Allie Jackson,Palo Alto B,chemistry,0,0,0
i39,Allie Jackson,Palo Alto B,physics,0,0,0
i39,Allie Jackson,Palo Alto B,overall,0,0,0
i40,Aanya Guthula,Foothill B,physics,0,0,0
i40,Aanya Guthula,Foothill B,ess,2,0,8
i40,Aanya Guthula,Foothill B,chemistry,0,0,0
i40,Aanya Guthula,Foothill B,biology,1,0,4
i40,Aanya Guthula,Foothill B,energy,0,0,0
i40,Aanya Guthula,Foothill B,math,0,0,0
i40,Aanya Guthula,Foothill B,overall,3,0,12
i40,Aahana Biswal,Foothill B,physics,0,0,0
i40,Aahana Biswal,Foothill B,ess,0,0,0
i40,Aahana Biswal,Foothill B,chemistry,1,0,4
i40,Aahana Biswal,Foothill B,biology,0,0,0
i40,Aahana Biswal,Foothill B,energy,1,0,4
i40,Aahana Biswal,Foothill B,math,0,0,0
i40,Aahana Biswal,Foothill B,overall,2,0,8
i40,Athithan Elamaran,Foothill B,physics,0,0,0
i40,Athithan Elamaran,Foothill B,ess,0,0,0
i40,Athithan Elamaran,Foothill B,chemistry,0,0,0
i40,Athithan Elamaran,Foothill B,biology,0,0,0
i40,Athithan Elamaran,Foothill B,energy,0,0,0
i40,Athithan Elamaran,Foothill B,math,2,0,8
i40,Athithan Elamaran,Foothill B,overall,2,0,8
i40,Brandon Kong,Foothill B,physics,0,0,0
i40,Brandon Kong,Foothill B,ess,0,0,0
i40,Brandon Kong,Foothill B,chemistry,0,0,0
i40,Brandon Kong,Foothill B,biology,0,0,0
i40,Brandon Kong,Foothill B,energy,1,0,4
i40,Brandon Kong,Foothill B,math,0,0,0
i40,Brandon Kong,Foothill B,overall,1,0,4
i40,Anish Bayyapu,Monta Vista A,physics,0,0,0
i40,Anish Bayyapu,Monta Vista A,ess,0,0,0
i40,Anish Bayyapu,Monta Vista A,chemistry,0,0,0
i40,Anish Bayyapu,Monta Vista A,biology,1,0,4
i40,Anish Bayyapu,Monta Vista A,energy,0,0,0
i40,Anish Bayyapu,Monta Vista A,math,0,0,0
i40,Anish Bayyapu,Monta Vista A,overall,1,0,4
i40,Ishaan Desai,Monta Vista A,physics,1,0,4
i40,Ishaan Desai,Monta Vista A,ess,0,0,0
i40,Ishaan Desai,Monta Vista A,chemistry,0,0,0
i40,Ishaan Desai,Monta Vista A,biology,0,0,0
i40,Ishaan Desai,Monta Vista A,energy,0,0,0
i40,Ishaan Desai,Monta Vista A,math,0,0,0
i40,Ishaan Desai,Monta Vista A,overall,1,0,4
i40,Siddhant Jain,Monta Vista A,physics,1,1,0
i40,Siddhant Jain,Monta Vista A,ess,0,0,0
i40,Siddhant Jain,Monta Vista A,chemistry,3,1,8
i40,Siddhant Jain,Monta Vista A,biology,2,0,8
i40,Siddhant Jain,Monta Vista A,energy,0,0,0
i40,Siddhant Jain,Monta Vista A,math,0,0,0
i40,Siddhant Jain,Monta Vista A,overall,6,2,16
i40,Chinmay Raghvendran,Monta Vista A,physics,0,0,0
i40,Chinmay Raghvendran,Monta Vista A,ess,0,0,0
i40,Chinmay Raghvendran,Monta Vista A,chemistry,0,0,0
i40,Chinmay Raghvendran,Monta Vista A,biology,0,0,0
i40,Chinmay Raghvendran,Monta Vista A,energy,0,0,0
i40,Chinmay Raghvendran,Monta Vista A,math,0,0,0
i40,Chinmay Raghvendran,Monta Vista A,overall,0,0,0
i40,Shivani Swaminathan,Foothill B,biology,1,0,4
i40,Shivani Swaminathan,Foothill B,ess,0,0,0
i40,Shivani Swaminathan,Foothill B,chemistry,0,0,0
i40,Shivani Swaminathan,Foothill B,math,0,0,0
i40,Shivani Swaminathan,Foothill B,physics,0,0,0
i40,Shivani Swaminathan,Foothill B,overall,1,0,4
i40,Vibha Raghvendran,Monta Vista A,biology,0,0,0
i40,Vibha Raghvendran,Monta Vista A,ess,1,0,4
i40,Vibha Raghvendran,Monta Vista A,chemistry,0,0,0
i40,Vibha Raghvendran,Monta Vista A,math,0,0,0
i40,Vibha Raghvendran,Monta Vista A,physics,0,0,0
i40,Vibha Raghvendran,Monta Vista A,overall,1,0,4
i41,Lucas Chi,California B,physics,0,0,0
i41,Lucas Chi,California B,ess,0,0,0
i41,Lucas Chi,California B,chemistry,1,0,4
i41,Lucas Chi,California B,biology,0,0,0
i41,Lucas Chi,California B,energy,0,0,0
i41,Lucas Chi,California B,math,0,0,0
i41,Lucas Chi,California B,overall,1,0,4
i41,Vladislav Khitrov,California B,physics,0,0,0
i41,Vladislav Khitrov,California B,ess,0,0,0
i41,Vladislav Khitrov,California B,chemistry,1,0,4
i41,Vladislav Khitrov,California B,biology,0,0,0
i41,Vladislav Khitrov,California B,energy,0,0,0
i41,Vladislav Khitrov,California B,math,0,0,0
i41,Vladislav Khitrov,California B,overall,1,0,4
i41,Amritha Srinivasan,California B,physics,0,0,0
i41,Amritha Srinivasan,California B,ess,0,0,0
i41,Amritha Srinivasan,California B,chemistry,0,0,0
i41,Amritha Srinivasan,California B,biology,0,0,0
i41,Amritha Srinivasan,California B,energy,0,0,0
i41,Amritha Srinivasan,California B,math,0,0,0
i41,Amritha Srinivasan,California B,overall,0,0,0
i41,Vihaan Tigadikar,California B,physics,1,2,-4
i41,Vihaan Tigadikar,California B,ess,1,0,4
i41,Vihaan Tigadikar,California B,chemistry,0,0,0
i41,Vihaan Tigadikar,California B,biology,2,0,8
i41,Vihaan Tigadikar,California B,energy,0,0,0
i41,Vihaan Tigadikar,California B,math,0,0,0
i41,Vihaan Tigadikar,California B,overall,4,2,8
i41,Gaurav Gupta,Amador Valley A,physics,0,0,0
i41,Gaurav Gupta,Amador Valley A,ess,0,0,0
i41,Gaurav Gupta,Amador Valley A,chemistry,1,1,0
i41,Gaurav Gupta,Amador Valley A,biology,0,0,0
i41,Gaurav Gupta,Amador Valley A,energy,0,0,0
i41,Gaurav Gupta,Amador Valley A,math,0,0,0
i41,Gaurav Gupta,Amador Valley A,overall,1,1,0
i41,Rohan Garg,Amador Valley A,physics,1,1,0
i41,Rohan Garg,Amador Valley A,ess,1,0,4
i41,Rohan Garg,Amador Valley A,chemistry,0,0,0
i41,Rohan Garg,Amador Valley A,biology,0,0,0
i41,Rohan Garg,Amador Valley A,energy,0,0,0
i41,Rohan Garg,Amador Valley A,math,1,1,0
i41,Rohan Garg,Amador Valley A,overall,3,2,4
i41,Edwin He,Amador Valley A,physics,0,0,0
i41,Edwin He,Amador Valley A,ess,1,0,4
i41,Edwin He,Amador Valley A,chemistry,0,1,-4
i41,Edwin He,Amador Valley A,biology,1,1,0
i41,Edwin He,Amador Valley A,energy,1,1,0
i41,Edwin He,Amador Valley A,math,0,0,0
i41,Edwin He,Amador Valley A,overall,3,3,0
i41,Spencer Fang,Amador Valley A,physics,0,0,0
i41,Spencer Fang,Amador Valley A,ess,0,0,0
i41,Spencer Fang,Amador Valley A,chemistry,0,1,-4
i41,Spencer Fang,Amador Valley A,biology,1,0,4
i41,Spencer Fang,Amador Valley A,energy,0,0,0
i41,Spencer Fang,Amador Valley A,math,0,0,0
i41,Spencer Fang,Amador Valley A,overall,1,1,0
i41,Ritwik Aeka,Amador Valley A,ess,0,1,-4
i41,Ritwik Aeka,Amador Valley A,math,0,0,0
i41,Ritwik Aeka,Amador Valley A,biology,1,0,4
i41,Ritwik Aeka,Amador Valley A,chemistry,0,0,0
i41,Ritwik Aeka,Amador Valley A,physics,0,0,0
i41,Ritwik Aeka,Amador Valley A,overall,1,1,0
i42,Roland Pratt,Irvington,physics,0,0,0
i42,Roland Pratt,Irvington,ess,0,0,0
i42,Roland Pratt,Irvington,chemistry,0,0,0
i42,Roland Pratt,Irvington,biology,0,0,0
i42,Roland Pratt,Irvington,energy,0,0,0
i42,Roland Pratt,Irvington,math,0,0,0
i42,Roland Pratt,Irvington,overall,0,0,0
i42,Evan Tung,Irvington,physics,0,0,0
i42,Evan Tung,Irvington,ess,0,0,0
i42,Evan Tung,Irvington,chemistry,0,0,0
i42,Evan Tung,Irvington,biology,0,0,0
i42,Evan Tung,Irvington,energy,0,0,0
i42,Evan Tung,Irvington,math,0,0,0
i42,Evan Tung,Irvington,overall,0,0,0
i42,Samyuktha Lakshmi,Irvington,physics,0,0,0
i42,Samyuktha Lakshmi,Irvington,ess,0,0,0
i42,Samyuktha Lakshmi,Irvington,chemistry,1,0,4
i42,Samyuktha Lakshmi,Irvington,biology,0,0,0
i42,Samyuktha Lakshmi,Irvington,energy,0,0,0
i42,Samyuktha Lakshmi,Irvington,math,0,0,0
i42,Samyuktha Lakshmi,Irvington,overall,1,0,4
i42,Arjun Murugappan,Irvington,physics,0,0,0
i42,Arjun Murugappan,Irvington,ess,0,0,0
i42,Arjun Murugappan,Irvington,chemistry,0,0,0
i42,Arjun Murugappan,Irvington,biology,1,0,4
i42,Arjun Murugappan,Irvington,energy,1,0,4
i42,Arjun Murugappan,Irvington,math,0,0,0
i42,Arjun Murugappan,Irvington,overall,2,0,8
i42,Phoebe Xu,North Hollywood,physics,0,0,0
i42,Phoebe Xu,North Hollywood,ess,0,0,0
i42,Phoebe Xu,North Hollywood,chemistry,0,0,0
i42,Phoebe Xu,North Hollywood,biology,0,0,0
i42,Phoebe Xu,North Hollywood,energy,0,0,0
i42,Phoebe Xu,North Hollywood,math,0,0,0
i42,Phoebe Xu,North Hollywood,overall,0,0,0
i42,Boheng Cao,North Hollywood,physics,2,0,8
i42,Boheng Cao,North Hollywood,ess,0,0,0
i42,Boheng Cao,North Hollywood,chemistry,0,0,0
i42,Boheng Cao,North Hollywood,biology,0,0,0
i42,Boheng Cao,North Hollywood,energy,0,0,0
i42,Boheng Cao,North Hollywood,math,2,0,8
i42,Boheng Cao,North Hollywood,overall,4,0,16
i42,Connor Zhao,North Hollywood,physics,0,0,0
i42,Connor Zhao,North Hollywood,ess,1,0,4
i42,Connor Zhao,North Hollywood,chemistry,2,1,4
i42,Connor Zhao,North Hollywood,biology,0,0,0
i42,Connor Zhao,North Hollywood,energy,0,0,0
i42,Connor Zhao,North Hollywood,math,1,0,4
i42,Connor Zhao,North Hollywood,overall,4,1,12
i42,Suzuko Ohshima,North Hollywood,physics,1,0,4
i42,Suzuko Ohshima,North Hollywood,ess,3,0,12
i42,Suzuko Ohshima,North Hollywood,chemistry,0,0,0
i42,Suzuko Ohshima,North Hollywood,biology,4,0,16
i42,Suzuko Ohshima,North Hollywood,energy,1,0,4
i42,Suzuko Ohshima,North Hollywood,math,0,0,0
i42,Suzuko Ohshima,North Hollywood,overall,9,0,36
i43,Michelle Liang,Canyon Crest A,physics,0,0,0
i43,Michelle Liang,Canyon Crest A,ess,0,0,0
i43,Michelle Liang,Canyon Crest A,chemistry,0,0,0
i43,Michelle Liang,Canyon Crest A,biology,0,0,0
i43,Michelle Liang,Canyon Crest A,energy,0,0,0
i43,Michelle Liang,Canyon Crest A,math,2,0,8
i43,Michelle Liang,Canyon Crest A,overall,2,0,8
i43,Sean Yu,Canyon Crest A,physics,0,0,0
i43,Sean Yu,Canyon Crest A,ess,1,0,4
i43,Sean Yu,Canyon Crest A,chemistry,0,0,0
i43,Sean Yu,Canyon Crest A,biology,3,0,12
i43,Sean Yu,Canyon Crest A,energy,0,1,-4
i43,Sean Yu,Canyon Crest A,math,0,0,0
i43,Sean Yu,Canyon Crest A,overall,4,1,12
i43,Alex Xu,Canyon Crest A,physics,3,0,12
i43,Alex Xu,Canyon Crest A,ess,0,0,0
i43,Alex Xu,Canyon Crest A,chemistry,3,0,12
i43,Alex Xu,Canyon Crest A,biology,0,0,0
i43,Alex Xu,Canyon Crest A,energy,0,0,0
i43,Alex Xu,Canyon Crest A,math,1,0,4
i43,Alex Xu,Canyon Crest A,overall,7,0,28
i43,Flora Jiang,Canyon Crest A,physics,0,0,0
i43,Flora Jiang,Canyon Crest A,ess,3,0,12
i43,Flora Jiang,Canyon Crest A,chemistry,0,0,0
i43,Flora Jiang,Canyon Crest A,biology,1,0,4
i43,Flora Jiang,Canyon Crest A,energy,0,0,0
i43,Flora Jiang,Canyon Crest A,math,0,0,0
i43,Flora Jiang,Canyon Crest A,overall,4,0,16
i43,Christopher Xia (sub),Amador Valley B,physics,0,0,0
i43,Christopher Xia (sub),Amador Valley B,ess,0,0,0
i43,Christopher Xia (sub),Amador Valley B,chemistry,0,0,0
i43,Christopher Xia (sub),Amador Valley B,biology,0,0,0
i43,Christopher Xia (sub),Amador Valley B,energy,1,0,4
i43,Christopher Xia (sub),Amador Valley B,math,0,0,0
i43,Christopher Xia (sub),Amador Valley B,overall,1,0,4
i43,Srijon Mandal,Amador Valley B,physics,0,0,0
i43,Srijon Mandal,Amador Valley B,ess,0,0,0
i43,Srijon Mandal,Amador Valley B,chemistry,0,0,0
i43,Srijon Mandal,Amador Valley B,biology,1,0,4
i43,Srijon Mandal,Amador Valley B,energy,0,0,0
i43,Srijon Mandal,Amador Valley B,math,0,1,-4
i43,Srijon Mandal,Amador Valley B,overall,1,1,0
i43,Pratham Mehta,Amador Valley B,physics,0,0,0
i43,Pratham Mehta,Amador Valley B,ess,0,0,0
i43,Pratham Mehta,Amador Valley B,chemistry,1,0,4
i43,Pratham Mehta,Amador Valley B,biology,0,0,0
i43,Pratham Mehta,Amador Valley B,energy,0,0,0
i43,Pratham Mehta,Amador Valley B,math,0,0,0
i43,Pratham Mehta,Amador Valley B,overall,1,0,4
i43,Dalbert Wu,Amador Valley B,physics,0,0,0
i43,Dalbert Wu,Amador Valley B,ess,0,0,0
i43,Dalbert Wu,Amador Valley B,chemistry,0,0,0
i43,Dalbert Wu,Amador Valley B,biology,0,0,0
i43,Dalbert Wu,Amador Valley B,energy,0,0,0
i43,Dalbert Wu,Amador Valley B,math,0,0,0
i43,Dalbert Wu,Amador Valley B,overall,0,0,0
i44,Ethan Chu,Cupertino B,physics,0,1,-4
i44,Ethan Chu,Cupertino B,ess,0,0,0
i44,Ethan Chu,Cupertino B,chemistry,0,0,0
i44,Ethan Chu,Cupertino B,biology,0,0,0
i44,Ethan Chu,Cupertino B,energy,0,0,0
i44,Ethan Chu,Cupertino B,math,0,0,0
i44,Ethan Chu,Cupertino B,overall,0,1,-4
i44,Danica Au,Cupertino B,physics,0,0,0
i44,Danica Au,Cupertino B,ess,0,0,0
i44,Danica Au,Cupertino B,chemistry,0,0,0
i44,Danica Au,Cupertino B,biology,1,0,4
i44,Danica Au,Cupertino B,energy,0,0,0
i44,Danica Au,Cupertino B,math,0,0,0
i44,Danica Au,Cupertino B,overall,1,0,4
i44,Mithilesh Gopalakrishnan,Cupertino B,physics,0,0,0
i44,Mithilesh Gopalakrishnan,Cupertino B,ess,0,0,0
i44,Mithilesh Gopalakrishnan,Cupertino B,chemistry,2,0,8
i44,Mithilesh Gopalakrishnan,Cupertino B,biology,1,0,4
i44,Mithilesh Gopalakrishnan,Cupertino B,energy,0,0,0
i44,Mithilesh Gopalakrishnan,Cupertino B,math,0,0,0
i44,Mithilesh Gopalakrishnan,Cupertino B,overall,3,0,12
i44,Jaanya Annapureddy,Cupertino B,physics,0,0,0
i44,Jaanya Annapureddy,Cupertino B,ess,0,0,0
i44,Jaanya Annapureddy,Cupertino B,chemistry,0,0,0
i44,Jaanya Annapureddy,Cupertino B,biology,0,0,0
i44,Jaanya Annapureddy,Cupertino B,energy,0,0,0
i44,Jaanya Annapureddy,Cupertino B,math,0,0,0
i44,Jaanya Annapureddy,Cupertino B,overall,0,0,0
i44,Anish Roy,Archbishop Mitty B,physics,0,0,0
i44,Anish Roy,Archbishop Mitty B,ess,0,0,0
i44,Anish Roy,Archbishop Mitty B,chemistry,0,0,0
i44,Anish Roy,Archbishop Mitty B,biology,1,0,4
i44,Anish Roy,Archbishop Mitty B,energy,0,0,0
i44,Anish Roy,Archbishop Mitty B,math,2,0,8
i44,Anish Roy,Archbishop Mitty B,overall,3,0,12
i44,Jonathan Yu,Archbishop Mitty B,physics,1,0,4
i44,Jonathan Yu,Archbishop Mitty B,ess,0,0,0
i44,Jonathan Yu,Archbishop Mitty B,chemistry,2,0,8
i44,Jonathan Yu,Archbishop Mitty B,biology,0,0,0
i44,Jonathan Yu,Archbishop Mitty B,energy,1,0,4
i44,Jonathan Yu,Archbishop Mitty B,math,0,0,0
i44,Jonathan Yu,Archbishop Mitty B,overall,4,0,16
i44,Raaghav Chakravarty,Archbishop Mitty B,physics,0,0,0
i44,Raaghav Chakravarty,Archbishop Mitty B,ess,1,0,4
i44,Raaghav Chakravarty,Archbishop Mitty B,chemistry,0,0,0
i44,Raaghav Chakravarty,Archbishop Mitty B,biology,0,0,0
i44,Raaghav Chakravarty,Archbishop Mitty B,energy,0,0,0
i44,Raaghav Chakravarty,Archbishop Mitty B,math,0,0,0
i44,Raaghav Chakravarty,Archbishop Mitty B,overall,1,0,4
i44,Ajla Trumic,Archbishop Mitty B,physics,0,0,0
i44,Ajla Trumic,Archbishop Mitty B,ess,1,0,4
i44,Ajla Trumic,Archbishop Mitty B,chemistry,0,0,0
i44,Ajla Trumic,Archbishop Mitty B,biology,0,0,0
i44,Ajla Trumic,Archbishop Mitty B,energy,0,0,0
i44,Ajla Trumic,Archbishop Mitty B,math,0,0,0
i44,Ajla Trumic,Archbishop Mitty B,overall,1,0,4
i44,Kira Liang,Cupertino B,ess,0,0,0
i44,Kira Liang,Cupertino B,chemistry,0,0,0
i44,Kira Liang,Cupertino B,biology,0,0,0
i44,Kira Liang,Cupertino B,math,0,0,0
i44,Kira Liang,Cupertino B,physics,0,0,0
i44,Kira Liang,Cupertino B,overall,0,0,0
i45,Tanay Bodducherla,Mira Loma A,physics,0,0,0
i45,Tanay Bodducherla,Mira Loma A,ess,1,0,4
i45,Tanay Bodducherla,Mira Loma A,chemistry,0,0,0
i45,Tanay Bodducherla,Mira Loma A,biology,0,0,0
i45,Tanay Bodducherla,Mira Loma A,energy,1,0,4
i45,Tanay Bodducherla,Mira Loma A,math,0,0,0
i45,Tanay Bodducherla,Mira Loma A,overall,2,0,8
i45,Elyas Nuh,Mira Loma A,physics,2,0,8
i45,Elyas Nuh,Mira Loma A,ess,0,0,0
i45,Elyas Nuh,Mira Loma A,chemistry,1,0,4
i45,Elyas Nuh,Mira Loma A,biology,2,0,8
i45,Elyas Nuh,Mira Loma A,energy,0,0,0
i45,Elyas Nuh,Mira Loma A,math,0,0,0
i45,Elyas Nuh,Mira Loma A,overall,5,0,20
i45,Harish Premkumar,Mira Loma A,physics,1,0,4
i45,Harish Premkumar,Mira Loma A,ess,0,0,0
i45,Harish Premkumar,Mira Loma A,chemistry,0,0,0
i45,Harish Premkumar,Mira Loma A,biology,0,0,0
i45,Harish Premkumar,Mira Loma A,energy,0,0,0
i45,Harish Premkumar,Mira Loma A,math,1,0,4
i45,Harish Premkumar,Mira Loma A,overall,2,0,8
i45,Aatreyo Bhattacharyya,Mira Loma A,physics,0,0,0
i45,Aatreyo Bhattacharyya,Mira Loma A,ess,1,0,4
i45,Aatreyo Bhattacharyya,Mira Loma A,chemistry,0,1,-4
i45,Aatreyo Bhattacharyya,Mira Loma A,biology,1,0,4
i45,Aatreyo Bhattacharyya,Mira Loma A,energy,1,0,4
i45,Aatreyo Bhattacharyya,Mira Loma A,math,1,0,4
i45,Aatreyo Bhattacharyya,Mira Loma A,overall,4,1,12
i45,Chaas Kandregula,Lynbrook B,physics,0,0,0
i45,Chaas Kandregula,Lynbrook B,ess,0,0,0
i45,Chaas Kandregula,Lynbrook B,chemistry,0,0,0
i45,Chaas Kandregula,Lynbrook B,biology,0,0,0
i45,Chaas Kandregula,Lynbrook B,energy,0,0,0
i45,Chaas Kandregula,Lynbrook B,math,0,0,0
i45,Chaas Kandregula,Lynbrook B,overall,0,0,0
i45,Ryan Bansal,Lynbrook B,physics,0,1,-4
i45,Ryan Bansal,Lynbrook B,ess,0,0,0
i45,Ryan Bansal,Lynbrook B,chemistry,0,0,0
i45,Ryan Bansal,Lynbrook B,biology,0,0,0
i45,Ryan Bansal,Lynbrook B,energy,0,0,0
i45,Ryan Bansal,Lynbrook B,math,1,0,4
i45,Ryan Bansal,Lynbrook B,overall,1,1,0
i45,Ian Chen,Lynbrook B,physics,0,0,0
i45,Ian Chen,Lynbrook B,ess,1,2,-4
i45,Ian Chen,Lynbrook B,chemistry,0,0,0
i45,Ian Chen,Lynbrook B,biology,1,0,4
i45,Ian Chen,Lynbrook B,energy,0,0,0
i45,Ian Chen,Lynbrook B,math,0,0,0
i45,Ian Chen,Lynbrook B,overall,2,2,0
i45,Harold Wang,Lynbrook B,physics,0,0,0
i45,Harold Wang,Lynbrook B,ess,0,0,0
i45,Harold Wang,Lynbrook B,chemistry,0,0,0
i45,Harold Wang,Lynbrook B,biology,1,1,0
i45,Harold Wang,Lynbrook B,energy,0,1,-4
i45,Harold Wang,Lynbrook B,math,0,0,0
i45,Harold Wang,Lynbrook B,overall,1,2,-4
i45,Aryan Morasa,Mira Loma A,ess,0,0,0
i45,Aryan Morasa,Mira Loma A,math,0,0,0
i45,Aryan Morasa,Mira Loma A,biology,0,0,0
i45,Aryan Morasa,Mira Loma A,chemistry,1,1,0
i45,Aryan Morasa,Mira Loma A,physics,0,0,0
i45,Aryan Morasa,Mira Loma A,overall,1,1,0
i45,Brian Bi,Lynbrook B,ess,0,0,0
i45,Brian Bi,Lynbrook B,math,0,0,0
i45,Brian Bi,Lynbrook B,biology,0,0,0
i45,Brian Bi,Lynbrook B,chemistry,1,0,4
i45,Brian Bi,Lynbrook B,physics,0,0,0
i45,Brian Bi,Lynbrook B,overall,1,0,4
i46,Anoushka Thamane,BASIS Independent A,physics,0,0,0
i46,Anoushka Thamane,BASIS Independent A,ess,0,0,0
i46,Anoushka Thamane,BASIS Independent A,chemistry,0,0,0
i46,Anoushka Thamane,BASIS Independent A,biology,0,0,0
i46,Anoushka Thamane,BASIS Independent A,energy,0,0,0
i46,Anoushka Thamane,BASIS Independent A,math,0,0,0
i46,Anoushka Thamane,BASIS Independent A,overall,0,0,0
i46,Yueqian Zhang,BASIS Independent A,physics,0,0,0
i46,Yueqian Zhang,BASIS Independent A,ess,0,0,0
i46,Yueqian Zhang,BASIS Independent A,chemistry,0,0,0
i46,Yueqian Zhang,BASIS Independent A,biology,0,0,0
i46,Yueqian Zhang,BASIS Independent A,energy,0,0,0
i46,Yueqian Zhang,BASIS Independent A,math,1,0,4
i46,Yueqian Zhang,BASIS Independent A,overall,1,0,4
i46,Sidhant Chaliha,BASIS Independent A,physics,1,0,4
i46,Sidhant Chaliha,BASIS Independent A,ess,1,0,4
i46,Sidhant Chaliha,BASIS Independent A,chemistry,3,0,12
i46,Sidhant Chaliha,BASIS Independent A,biology,0,0,0
i46,Sidhant Chaliha,BASIS Independent A,energy,0,0,0
i46,Sidhant Chaliha,BASIS Independent A,math,0,0,0
i46,Sidhant Chaliha,BASIS Independent A,overall,5,0,20
i46,Ivan Zhang,BASIS Independent A,physics,0,0,0
i46,Ivan Zhang,BASIS Independent A,ess,0,0,0
i46,Ivan Zhang,BASIS Independent A,chemistry,0,0,0
i46,Ivan Zhang,BASIS Independent A,biology,1,0,4
i46,Ivan Zhang,BASIS Independent A,energy,0,0,0
i46,Ivan Zhang,BASIS Independent A,math,0,0,0
i46,Ivan Zhang,BASIS Independent A,overall,1,0,4
i46,Selena Yang,Lynbrook A,physics,0,0,0
i46,Selena Yang,Lynbrook A,ess,0,0,0
i46,Selena Yang,Lynbrook A,chemistry,0,1,-4
i46,Selena Yang,Lynbrook A,biology,3,1,8
i46,Selena Yang,Lynbrook A,energy,1,0,4
i46,Selena Yang,Lynbrook A,math,0,0,0
i46,Selena Yang,Lynbrook A,overall,4,2,8
i46,Sohil Rathi,Lynbrook A,physics,2,0,8
i46,Sohil Rathi,Lynbrook A,ess,1,0,4
i46,Sohil Rathi,Lynbrook A,chemistry,0,0,0
i46,Sohil Rathi,Lynbrook A,biology,0,0,0
i46,Sohil Rathi,Lynbrook A,energy,0,0,0
i46,Sohil Rathi,Lynbrook A,math,3,0,12
i46,Sohil Rathi,Lynbrook A,overall,6,0,24
i46,Steve Yang,Lynbrook A,physics,0,0,0
i46,Steve Yang,Lynbrook A,ess,0,0,0
i46,Steve Yang,Lynbrook A,chemistry,0,0,0
i46,Steve Yang,Lynbrook A,biology,0,0,0
i46,Steve Yang,Lynbrook A,energy,0,0,0
i46,Steve Yang,Lynbrook A,math,0,0,0
i46,Steve Yang,Lynbrook A,overall,0,0,0
i46,Jianyu Wang,Lynbrook A,physics,0,0,0
i46,Jianyu Wang,Lynbrook A,ess,0,1,-4
i46,Jianyu Wang,Lynbrook A,chemistry,1,0,4
i46,Jianyu Wang,Lynbrook A,biology,0,0,0
i46,Jianyu Wang,Lynbrook A,energy,0,0,0
i46,Jianyu Wang,Lynbrook A,math,0,0,0
i46,Jianyu Wang,Lynbrook A,overall,1,1,0
i46,Samuel Wang,Lynbrook A,ess,1,0,4
i46,Samuel Wang,Lynbrook A,math,0,0,0
i46,Samuel Wang,Lynbrook A,biology,0,0,0
i46,Samuel Wang,Lynbrook A,chemistry,0,0,0
i46,Samuel Wang,Lynbrook A,physics,0,0,0
i46,Samuel Wang,Lynbrook A,overall,1,0,4
i47,Meghana Somu,Monta Vista B,physics,0,0,0
i47,Meghana Somu,Monta Vista B,ess,0,0,0
i47,Meghana Somu,Monta Vista B,chemistry,0,0,0
i47,Meghana Somu,Monta Vista B,biology,0,0,0
i47,Meghana Somu,Monta Vista B,energy,0,0,0
i47,Meghana Somu,Monta Vista B,math,0,0,0
i47,Meghana Somu,Monta Vista B,overall,0,0,0
i47,Aradhana Sekar,Monta Vista B,physics,0,0,0
i47,Aradhana Sekar,Monta Vista B,ess,0,0,0
i47,Aradhana Sekar,Monta Vista B,chemistry,0,0,0
i47,Aradhana Sekar,Monta Vista B,biology,0,0,0
i47,Aradhana Sekar,Monta Vista B,energy,0,0,0
i47,Aradhana Sekar,Monta Vista B,math,0,0,0
i47,Aradhana Sekar,Monta Vista B,overall,0,0,0
i47,Maya Pullara,Monta Vista B,physics,0,0,0
i47,Maya Pullara,Monta Vista B,ess,0,0,0
i47,Maya Pullara,Monta Vista B,chemistry,0,0,0
i47,Maya Pullara,Monta Vista B,biology,0,0,0
i47,Maya Pullara,Monta Vista B,energy,0,0,0
i47,Maya Pullara,Monta Vista B,math,0,0,0
i47,Maya Pullara,Monta Vista B,overall,0,0,0
i47,Nicholas Pantino,Monta Vista B,physics,1,0,4
i47,Nicholas Pantino,Monta Vista B,ess,2,0,8
i47,Nicholas Pantino,Monta Vista B,chemistry,0,0,0
i47,Nicholas Pantino,Monta Vista B,biology,0,0,0
i47,Nicholas Pantino,Monta Vista B,energy,0,0,0
i47,Nicholas Pantino,Monta Vista B,math,2,0,8
i47,Nicholas Pantino,Monta Vista B,overall,5,0,20
i47,Ranju Raghavan,Arnold O. Beckman A,physics,0,0,0
i47,Ranju Raghavan,Arnold O. Beckman A,ess,0,0,0
i47,Ranju Raghavan,Arnold O. Beckman A,chemistry,0,0,0
i47,Ranju Raghavan,Arnold O. Beckman A,biology,0,0,0
i47,Ranju Raghavan,Arnold O. Beckman A,energy,0,0,0
i47,Ranju Raghavan,Arnold O. Beckman A,math,0,0,0
i47,Ranju Raghavan,Arnold O. Beckman A,overall,0,0,0
i47,Aadhya Shenoy,Arnold O. Beckman A,physics,0,0,0
i47,Aadhya Shenoy,Arnold O. Beckman A,ess,0,0,0
i47,Aadhya Shenoy,Arnold O. Beckman A,chemistry,0,0,0
i47,Aadhya Shenoy,Arnold O. Beckman A,biology,2,0,8
i47,Aadhya Shenoy,Arnold O. Beckman A,energy,1,0,4
i47,Aadhya Shenoy,Arnold O. Beckman A,math,0,0,0
i47,Aadhya Shenoy,Arnold O. Beckman A,overall,3,0,12
i47,Diego Pons,Arnold O. Beckman A,physics,0,0,0
i47,Diego Pons,Arnold O. Beckman A,ess,0,0,0
i47,Diego Pons,Arnold O. Beckman A,chemistry,0,0,0
i47,Diego Pons,Arnold O. Beckman A,biology,0,0,0
i47,Diego Pons,Arnold O. Beckman A,energy,0,0,0
i47,Diego Pons,Arnold O. Beckman A,math,0,0,0
i47,Diego Pons,Arnold O. Beckman A,overall,0,0,0
i47,Rohan Hablani,Arnold O. Beckman A,physics,0,0,0
i47,Rohan Hablani,Arnold O. Beckman A,ess,0,0,0
i47,Rohan Hablani,Arnold O. Beckman A,chemistry,2,0,8
i47,Rohan Hablani,Arnold O. Beckman A,biology,2,0,8
i47,Rohan Hablani,Arnold O. Beckman A,energy,1,0,4
i47,Rohan Hablani,Arnold O. Beckman A,math,0,0,0
i47,Rohan Hablani,Arnold O. Beckman A,overall,5,0,20
i48,Claire Shi,Palo Alto A,physics,0,0,0
i48,Claire Shi,Palo Alto A,ess,0,0,0
i48,Claire Shi,Palo Alto A,chemistry,0,0,0
i48,Claire Shi,Palo Alto A,biology,2,0,8
i48,Claire Shi,Palo Alto A,energy,1,0,4
i48,Claire Shi,Palo Alto A,math,0,0,0
i48,Claire Shi,Palo Alto A,overall,3,0,12
i48,Andrew Wen,Palo Alto A,physics,0,0,0
i48,Andrew Wen,Palo Alto A,ess,0,0,0
i48,Andrew Wen,Palo Alto A,chemistry,0,0,0
i48,Andrew Wen,Palo Alto A,biology,0,0,0
i48,Andrew Wen,Palo Alto A,energy,0,0,0
i48,Andrew Wen,Palo Alto A,math,0,1,-4
i48,Andrew Wen,Palo Alto A,overall,0,1,-4
i48,Forrest Chou,Palo Alto A,physics,2,0,8
i48,Forrest Chou,Palo Alto A,ess,2,0,8
i48,Forrest Chou,Palo Alto A,chemistry,4,0,16
i48,Forrest Chou,Palo Alto A,biology,0,0,0
i48,Forrest Chou,Palo Alto A,energy,0,0,0
i48,Forrest Chou,Palo Alto A,math,1,0,4
i48,Forrest Chou,Palo Alto A,overall,9,0,36
i48,Carissa Tsui,Palo Alto A,physics,0,0,0
i48,Carissa Tsui,Palo Alto A,ess,0,0,0
i48,Carissa Tsui,Palo Alto A,chemistry,0,0,0
i48,Carissa Tsui,Palo Alto A,biology,0,0,0
i48,Carissa Tsui,Palo Alto A,energy,0,0,0
i48,Carissa Tsui,Palo Alto A,math,0,0,0
i48,Carissa Tsui,Palo Alto A,overall,0,0,0
i48,Larry Wu,Canyon Crest B,physics,0,0,0
i48,Larry Wu,Canyon Crest B,ess,0,0,0
i48,Larry Wu,Canyon Crest B,chemistry,0,0,0
i48,Larry Wu,Canyon Crest B,biology,0,0,0
i48,Larry Wu,Canyon Crest B,energy,0,0,0
i48,Larry Wu,Canyon Crest B,math,1,0,4
i48,Larry Wu,Canyon Crest B,overall,1,0,4
i48,Austin Xu,Canyon Crest B,physics,1,0,4
i48,Austin Xu,Canyon Crest B,ess,0,0,0
i48,Austin Xu,Canyon Crest B,chemistry,0,0,0
i48,Austin Xu,Canyon Crest B,biology,3,0,12
i48,Austin Xu,Canyon Crest B,energy,1,0,4
i48,Austin Xu,Canyon Crest B,math,0,0,0
i48,Austin Xu,Canyon Crest B,overall,5,0,20
i48,Alex Backues,Canyon Crest B,physics,0,0,0
i48,Alex Backues,Canyon Crest B,ess,0,0,0
i48,Alex Backues,Canyon Crest B,chemistry,0,0,0
i48,Alex Backues,Canyon Crest B,biology,0,0,0
i48,Alex Backues,Canyon Crest B,energy,0,0,0
i48,Alex Backues,Canyon Crest B,math,0,0,0
i48,Alex Backues,Canyon Crest B,overall,0,0,0
i48,Ishank Kadadi,Canyon Crest B,physics,0,0,0
i48,Ishank Kadadi,Canyon Crest B,ess,0,0,0
i48,Ishank Kadadi,Canyon Crest B,chemistry,0,0,0
i48,Ishank Kadadi,Canyon Crest B,biology,0,0,0
i48,Ishank Kadadi,Canyon Crest B,energy,0,0,0
i48,Ishank Kadadi,Canyon Crest B,math,0,0,0
i48,Ishank Kadadi,Canyon Crest B,overall,0,0,0
i49,Siwen Luo,Lynbrook C,physics,0,0,0
i49,Siwen Luo,Lynbrook C,ess,0,0,0
i49,Siwen Luo,Lynbrook C,chemistry,1,0,4
i49,Siwen Luo,Lynbrook C,biology,0,0,0
i49,Siwen Luo,Lynbrook C,energy,0,0,0
i49,Siwen Luo,Lynbrook C,math,0,0,0
i49,Siwen Luo,Lynbrook C,overall,1,0,4
i49,Evan Liu,Lynbrook C,physics,1,0,4
i49,Evan Liu,Lynbrook C,ess,0,0,0
i49,Evan Liu,Lynbrook C,chemistry,0,0,0
i49,Evan Liu,Lynbrook C,biology,0,0,0
i49,Evan Liu,Lynbrook C,energy,0,0,0
i49,Evan Liu,Lynbrook C,math,0,0,0
i49,Evan Liu,Lynbrook C,overall,1,0,4
i49,Thomas Wu,Lynbrook C,physics,0,0,0
i49,Thomas Wu,Lynbrook C,ess,3,0,12
i49,Thomas Wu,Lynbrook C,chemistry,1,0,4
i49,Thomas Wu,Lynbrook C,biology,1,0,4
i49,Thomas Wu,Lynbrook C,energy,1,0,4
i49,Thomas Wu,Lynbrook C,math,0,0,0
i49,Thomas Wu,Lynbrook C,overall,6,0,24
i49,Shripriya Kalbhavi,Lynbrook C,physics,0,0,0
i49,Shripriya Kalbhavi,Lynbrook C,ess,0,0,0
i49,Shripriya Kalbhavi,Lynbrook C,chemistry,0,0,0
i49,Shripriya Kalbhavi,Lynbrook C,biology,3,0,12
i49,Shripriya Kalbhavi,Lynbrook C,energy,1,0,4
i49,Shripriya Kalbhavi,Lynbrook C,math,0,0,0
i49,Shripriya Kalbhavi,Lynbrook C,overall,4,0,16
i49,Steven Su,Abraham Lincoln,physics,0,0,0
i49,Steven Su,Abraham Lincoln,ess,0,0,0
i49,Steven Su,Abraham Lincoln,chemistry,0,0,0
i49,Steven Su,Abraham Lincoln,biology,0,0,0
i49,Steven Su,Abraham Lincoln,energy,0,0,0
i49,Steven Su,Abraham Lincoln,math,0,0,0
i49,Steven Su,Abraham Lincoln,overall,0,0,0
i49,Kyle Li,Abraham Lincoln,physics,0,1,-4
i49,Kyle Li,Abraham Lincoln,ess,0,1,-4
i49,Kyle Li,Abraham Lincoln,chemistry,0,0,0
i49,Kyle Li,Abraham Lincoln,biology,0,0,0
i49,Kyle Li,Abraham Lincoln,energy,0,0,0
i49,Kyle Li,Abraham Lincoln,math,1,0,4
i49,Kyle Li,Abraham Lincoln,overall,1,2,-4
i49,Shridavi Raghavan,Abraham Lincoln,physics,0,0,0
i49,Shridavi Raghavan,Abraham Lincoln,ess,0,0,0
i49,Shridavi Raghavan,Abraham Lincoln,chemistry,0,0,0
i49,Shridavi Raghavan,Abraham Lincoln,biology,0,0,0
i49,Shridavi Raghavan,Abraham Lincoln,energy,0,0,0
i49,Shridavi Raghavan,Abraham Lincoln,math,0,0,0
i49,Shridavi Raghavan,Abraham Lincoln,overall,0,0,0
i49,Miranda Feng Cai,Abraham Lincoln,physics,0,0,0
i49,Miranda Feng Cai,Abraham Lincoln,ess,0,0,0
i49,Miranda Feng Cai,Abraham Lincoln,chemistry,0,0,0
i49,Miranda Feng Cai,Abraham Lincoln,biology,0,0,0
i49,Miranda Feng Cai,Abraham Lincoln,energy,0,0,0
i49,Miranda Feng Cai,Abraham Lincoln,math,0,0,0
i49,Miranda Feng Cai,Abraham Lincoln,overall,0,0,0
i49,Matthew Yuan,Lynbrook C,biology,1,0,4
i49,Matthew Yuan,Lynbrook C,ess,0,0,0
i49,Matthew Yuan,Lynbrook C,chemistry,0,0,0
i49,Matthew Yuan,Lynbrook C,math,2,0,8
i49,Matthew Yuan,Lynbrook C,physics,0,0,0
i49,Matthew Yuan,Lynbrook C,overall,3,0,12
i49,Garen Yang,Abraham Lincoln,biology,0,0,0
i49,Garen Yang,Abraham Lincoln,ess,0,0,0
i49,Garen Yang,Abraham Lincoln,chemistry,0,0,0
i49,Garen Yang,Abraham Lincoln,math,0,0,0
i49,Garen Yang,Abraham Lincoln,physics,1,0,4
i49,Garen Yang,Abraham Lincoln,overall,1,0,4
i50,Roshan Annamalai,Mission San Jose A,physics,1,0,4
i50,Roshan Annamalai,Mission San Jose A,ess,2,0,8
i50,Roshan Annamalai,Mission San Jose A,chemistry,0,0,0
i50,Roshan Annamalai,Mission San Jose A,biology,0,0,0
i50,Roshan Annamalai,Mission San Jose A,energy,0,0,0
i50,Roshan Annamalai,Mission San Jose A,math,0,0,0
i50,Roshan Annamalai,Mission San Jose A,overall,3,0,12
i50,Advaith Mopuri,Mission San Jose A,physics,2,0,8
i50,Advaith Mopuri,Mission San Jose A,ess,0,0,0
i50,Advaith Mopuri,Mission San Jose A,chemistry,0,0,0
i50,Advaith Mopuri,Mission San Jose A,biology,0,0,0
i50,Advaith Mopuri,Mission San Jose A,energy,0,0,0
i50,Advaith Mopuri,Mission San Jose A,math,3,0,12
i50,Advaith Mopuri,Mission San Jose A,overall,5,0,20
i50,Gokulanath Mahesh Kumar,Mission San Jose A,physics,0,0,0
i50,Gokulanath Mahesh Kumar,Mission San Jose A,ess,0,0,0
i50,Gokulanath Mahesh Kumar,Mission San Jose A,chemistry,0,0,0
i50,Gokulanath Mahesh Kumar,Mission San Jose A,biology,4,0,16
i50,Gokulanath Mahesh Kumar,Mission San Jose A,energy,2,0,8
i50,Gokulanath Mahesh Kumar,Mission San Jose A,math,0,0,0
i50,Gokulanath Mahesh Kumar,Mission San Jose A,overall,6,0,24
i50,Annie Xu,Mission San Jose A,physics,0,0,0
i50,Annie Xu,Mission San Jose A,ess,0,0,0
i50,Annie Xu,Mission San Jose A,chemistry,4,0,16
i50,Annie Xu,Mission San Jose A,biology,0,0,0
i50,Annie Xu,Mission San Jose A,energy,0,0,0
i50,Annie Xu,Mission San Jose A,math,0,0,0
i50,Annie Xu,Mission San Jose A,overall,4,0,16
i50,Mahit Karadigudda,Archbishop Mitty A,physics,0,0,0
i50,Mahit Karadigudda,Archbishop Mitty A,ess,0,0,0
i50,Mahit Karadigudda,Archbishop Mitty A,chemistry,0,0,0
i50,Mahit Karadigudda,Archbishop Mitty A,biology,0,0,0
i50,Mahit Karadigudda,Archbishop Mitty A,energy,0,0,0
i50,Mahit Karadigudda,Archbishop Mitty A,math,0,0,0
i50,Mahit Karadigudda,Archbishop Mitty A,overall,0,0,0
i50,Suyog Vibhuti,Archbishop Mitty A,physics,0,0,0
i50,Suyog Vibhuti,Archbishop Mitty A,ess,1,0,4
i50,Suyog Vibhuti,Archbishop Mitty A,chemistry,0,0,0
i50,Suyog Vibhuti,Archbishop Mitty A,biology,0,0,0
i50,Suyog Vibhuti,Archbishop Mitty A,energy,0,0,0
i50,Suyog Vibhuti,Archbishop Mitty A,math,0,0,0
i50,Suyog Vibhuti,Archbishop Mitty A,overall,1,0,4
i50,Sebastian Leung,Archbishop Mitty A,physics,0,0,0
i50,Sebastian Leung,Archbishop Mitty A,ess,0,0,0
i50,Sebastian Leung,Archbishop Mitty A,chemistry,0,0,0
i50,Sebastian Leung,Archbishop Mitty A,biology,1,0,4
i50,Sebastian Leung,Archbishop Mitty A,energy,0,0,0
i50,Sebastian Leung,Archbishop Mitty A,math,0,0,0
i50,Sebastian Leung,Archbishop Mitty A,overall,1,0,4
i50,Suvan Chauhan,Archbishop Mitty A,physics,0,0,0
i50,Suvan Chauhan,Archbishop Mitty A,ess,0,0,0
i50,Suvan Chauhan,Archbishop Mitty A,chemistry,0,0,0
i50,Suvan Chauhan,Archbishop Mitty A,biology,0,0,0
i50,Suvan Chauhan,Archbishop Mitty A,energy,0,0,0
i50,Suvan Chauhan,Archbishop Mitty A,math,0,0,0
i50,Suvan Chauhan,Archbishop Mitty A,overall,0,0,0
i51,Rex Ouyang,California A,physics,2,0,8
i51,Rex Ouyang,California A,ess,0,0,0
i51,Rex Ouyang,California A,chemistry,1,0,4
i51,Rex Ouyang,California A,biology,0,0,0
i51,Rex Ouyang,California A,energy,0,0,0
i51,Rex Ouyang,California A,math,0,0,0
i51,Rex Ouyang,California A,overall,3,0,12
i51,Veerein Pala,California A,physics,0,0,0
i51,Veerein Pala,California A,ess,0,0,0
i51,Veerein Pala,California A,chemistry,0,0,0
i51,Veerein Pala,California A,biology,0,0,0
i51,Veerein Pala,California A,energy,0,0,0
i51,Veerein Pala,California A,math,0,0,0
i51,Veerein Pala,California A,overall,0,0,0
i51,Jax Milasincic,California A,physics,0,0,0
i51,Jax Milasincic,California A,ess,0,0,0
i51,Jax Milasincic,California A,chemistry,0,0,0
i51,Jax Milasincic,California A,biology,1,0,4
i51,Jax Milasincic,California A,energy,1,0,4
i51,Jax Milasincic,California A,math,0,0,0
i51,Jax Milasincic,California A,overall,2,0,8
i51,Jishnu Balaji,California A,physics,0,0,0
i51,Jishnu Balaji,California A,ess,0,0,0
i51,Jishnu Balaji,California A,chemistry,0,0,0
i51,Jishnu Balaji,California A,biology,1,0,4
i51,Jishnu Balaji,California A,energy,0,1,-4
i51,Jishnu Balaji,California A,math,0,0,0
i51,Jishnu Balaji,California A,overall,1,1,0
i51,Warren Chee,Saratoga,physics,0,0,0
i51,Warren Chee,Saratoga,ess,0,0,0
i51,Warren Chee,Saratoga,chemistry,0,0,0
i51,Warren Chee,Saratoga,biology,1,1,0
i51,Warren Chee,Saratoga,energy,0,0,0
i51,Warren Chee,Saratoga,math,0,0,0
i51,Warren Chee,Saratoga,overall,1,1,0
i51,Skyler Mao,Saratoga,physics,1,2,-4
i51,Skyler Mao,Saratoga,ess,0,0,0
i51,Skyler Mao,Saratoga,chemistry,1,2,-4
i51,Skyler Mao,Saratoga,biology,2,0,8
i51,Skyler Mao,Saratoga,energy,0,0,0
i51,Skyler Mao,Saratoga,math,2,0,8
i51,Skyler Mao,Saratoga,overall,6,4,8
i51,Alan Cai,Saratoga,physics,0,0,0
i51,Alan Cai,Saratoga,ess,1,0,4
i51,Alan Cai,Saratoga,chemistry,0,0,0
i51,Alan Cai,Saratoga,biology,0,1,-4
i51,Alan Cai,Saratoga,energy,0,1,-4
i51,Alan Cai,Saratoga,math,0,0,0
i51,Alan Cai,Saratoga,overall,1,2,-4
i51,Willis Chung,Saratoga,physics,0,0,0
i51,Willis Chung,Saratoga,ess,0,0,0
i51,Willis Chung,Saratoga,chemistry,0,0,0
i51,Willis Chung,Saratoga,biology,0,0,0
i51,Willis Chung,Saratoga,energy,0,0,0
i51,Willis Chung,Saratoga,math,0,0,0
i51,Willis Chung,Saratoga,overall,0,0,0
i51,Mukund Senthil Kumar,California A,biology,0,0,0
i51,Mukund Senthil Kumar,California A,ess,0,0,0
i51,Mukund Senthil Kumar,California A,chemistry,0,0,0
i51,Mukund Senthil Kumar,California A,math,0,0,0
i51,Mukund Senthil Kumar,California A,physics,0,0,0
i51,Mukund Senthil Kumar,California A,overall,0,0,0
i52,Aditi Gargeshwari,Cupertino A,physics,0,0,0
i52,Aditi Gargeshwari,Cupertino A,ess,0,0,0
i52,Aditi Gargeshwari,Cupertino A,chemistry,0,0,0
i52,Aditi Gargeshwari,Cupertino A,biology,1,0,4
i52,Aditi Gargeshwari,Cupertino A,energy,0,0,0
i52,Aditi Gargeshwari,Cupertino A,math,0,0,0
i52,Aditi Gargeshwari,Cupertino A,overall,1,0,4
i52,Minseo Park,Cupertino A,physics,0,0,0
i52,Minseo Park,Cupertino A,ess,0,0,0
i52,Minseo Park,Cupertino A,chemistry,0,0,0
i52,Minseo Park,Cupertino A,biology,1,0,4
i52,Minseo Park,Cupertino A,energy,0,0,0
i52,Minseo Park,Cupertino A,math,0,0,0
i52,Minseo Park,Cupertino A,overall,1,0,4
i52,Aaditya Karnataki,Cupertino A,physics,0,0,0
i52,Aaditya Karnataki,Cupertino A,ess,1,0,4
i52,Aaditya Karnataki,Cupertino A,chemistry,0,1,-4
i52,Aaditya Karnataki,Cupertino A,biology,0,0,0
i52,Aaditya Karnataki,Cupertino A,energy,0,0,0
i52,Aaditya Karnataki,Cupertino A,math,0,0,0
i52,Aaditya Karnataki,Cupertino A,overall,1,1,0
i52,Jake Wang,Cupertino A,physics,3,0,12
i52,Jake Wang,Cupertino A,ess,1,0,4
i52,Jake Wang,Cupertino A,chemistry,2,0,8
i52,Jake Wang,Cupertino A,biology,0,0,0
i52,Jake Wang,Cupertino A,energy,0,0,0
i52,Jake Wang,Cupertino A,math,2,0,8
i52,Jake Wang,Cupertino A,overall,8,0,32
i52,Ryan Manocha,American B,physics,0,0,0
i52,Ryan Manocha,American B,ess,0,0,0
i52,Ryan Manocha,American B,chemistry,0,0,0
i52,Ryan Manocha,American B,biology,0,0,0
i52,Ryan Manocha,American B,energy,0,0,0
i52,Ryan Manocha,American B,math,0,0,0
i52,Ryan Manocha,American B,overall,0,0,0
i52,Nikhil Sinha,American B,physics,0,0,0
i52,Nikhil Sinha,American B,ess,0,0,0
i52,Nikhil Sinha,American B,chemistry,0,0,0
i52,Nikhil Sinha,American B,biology,0,0,0
i52,Nikhil Sinha,American B,energy,0,0,0
i52,Nikhil Sinha,American B,math,0,0,0
i52,Nikhil Sinha,American B,overall,0,0,0
i52,Mahesh Karthikeyan,American B,physics,0,0,0
i52,Mahesh Karthikeyan,American B,ess,0,0,0
i52,Mahesh Karthikeyan,American B,chemistry,0,0,0
i52,Mahesh Karthikeyan,American B,biology,0,0,0
i52,Mahesh Karthikeyan,American B,energy,0,0,0
i52,Mahesh Karthikeyan,American B,math,0,0,0
i52,Mahesh Karthikeyan,American B,overall,0,0,0
i52,Arnava Bharadwaja,American B,physics,0,0,0
i52,Arnava Bharadwaja,American B,ess,1,0,4
i52,Arnava Bharadwaja,American B,chemistry,0,0,0
i52,Arnava Bharadwaja,American B,biology,3,0,12
i52,Arnava Bharadwaja,American B,energy,0,0,0
i52,Arnava Bharadwaja,American B,math,0,0,0
i52,Arnava Bharadwaja,American B,overall,4,0,16
i53,Henry Lai,Dougherty Valley B,physics,0,0,0
i53,Henry Lai,Dougherty Valley B,ess,0,0,0
i53,Henry Lai,Dougherty Valley B,chemistry,0,0,0
i53,Henry Lai,Dougherty Valley B,biology,0,0,0
i53,Henry Lai,Dougherty Valley B,energy,0,0,0
i53,Henry Lai,Dougherty Valley B,math,0,0,0
i53,Henry Lai,Dougherty Valley B,overall,0,0,0
i53,Victoria Xu,Dougherty Valley B,physics,0,0,0
i53,Victoria Xu,Dougherty Valley B,ess,0,0,0
i53,Victoria Xu,Dougherty Valley B,chemistry,0,0,0
i53,Victoria Xu,Dougherty Valley B,biology,0,0,0
i53,Victoria Xu,Dougherty Valley B,energy,0,0,0
i53,Victoria Xu,Dougherty Valley B,math,0,0,0
i53,Victoria Xu,Dougherty Valley B,overall,0,0,0
i53,Varun Challa,Dougherty Valley B,physics,0,0,0
i53,Varun Challa,Dougherty Valley B,ess,0,0,0
i53,Varun Challa,Dougherty Valley B,chemistry,0,0,0
i53,Varun Challa,Dougherty Valley B,biology,1,0,4
i53,Varun Challa,Dougherty Valley B,energy,0,0,0
i53,Varun Challa,Dougherty Valley B,math,0,0,0
i53,Varun Challa,Dougherty Valley B,overall,1,0,4
i53,Jayden Lee,Dougherty Valley B,physics,0,0,0
i53,Jayden Lee,Dougherty Valley B,ess,0,0,0
i53,Jayden Lee,Dougherty Valley B,chemistry,0,0,0
i53,Jayden Lee,Dougherty Valley B,biology,1,0,4
i53,Jayden Lee,Dougherty Valley B,energy,0,0,0
i53,Jayden Lee,Dougherty Valley B,math,0,0,0
i53,Jayden Lee,Dougherty Valley B,overall,1,0,4
i53,Krishay Garg,American A,physics,2,0,8
i53,Krishay Garg,American A,ess,2,0,8
i53,Krishay Garg,American A,chemistry,2,0,8
i53,Krishay Garg,American A,biology,1,0,4
i53,Krishay Garg,American A,energy,0,0,0
i53,Krishay Garg,American A,math,2,0,8
i53,Krishay Garg,American A,overall,9,0,36
i53,Stavya Gaonkar,American A,physics,1,0,4
i53,Stavya Gaonkar,American A,ess,1,1,0
i53,Stavya Gaonkar,American A,chemistry,0,0,0
i53,Stavya Gaonkar,American A,biology,1,0,4
i53,Stavya Gaonkar,American A,energy,1,0,4
i53,Stavya Gaonkar,American A,math,0,0,0
i53,Stavya Gaonkar,American A,overall,4,1,12
i53,Amaan Mohammad,American A,physics,0,0,0
i53,Amaan Mohammad,American A,ess,0,0,0
i53,Amaan Mohammad,American A,chemistry,0,0,0
i53,Amaan Mohammad,American A,biology,0,0,0
i53,Amaan Mohammad,American A,energy,0,0,0
i53,Amaan Mohammad,American A,math,0,0,0
i53,Amaan Mohammad,American A,overall,0,0,0
i53,Ayati Vyas,American A,physics,0,0,0
i53,Ayati Vyas,American A,ess,0,0,0
i53,Ayati Vyas,American A,chemistry,0,0,0
i53,Ayati Vyas,American A,biology,0,0,0
i53,Ayati Vyas,American A,energy,0,0,0
i53,Ayati Vyas,American A,math,0,0,0
i53,Ayati Vyas,American A,overall,0,0,0
i54,Nishanth Karanam,Mira Loma B,physics,0,0,0
i54,Nishanth Karanam,Mira Loma B,ess,2,0,8
i54,Nishanth Karanam,Mira Loma B,chemistry,1,0,4
i54,Nishanth Karanam,Mira Loma B,biology,0,0,0
i54,Nishanth Karanam,Mira Loma B,energy,0,0,0
i54,Nishanth Karanam,Mira Loma B,math,0,0,0
i54,Nishanth Karanam,Mira Loma B,overall,3,0,12
i54,Kapilan Karunakaran,Mira Loma B,physics,0,0,0
i54,Kapilan Karunakaran,Mira Loma B,ess,0,0,0
i54,Kapilan Karunakaran,Mira Loma B,chemistry,0,0,0
i54,Kapilan Karunakaran,Mira Loma B,biology,0,0,0
i54,Kapilan Karunakaran,Mira Loma B,energy,0,0,0
i54,Kapilan Karunakaran,Mira Loma B,math,0,0,0
i54,Kapilan Karunakaran,Mira Loma B,overall,0,0,0
i54,Ashrith Beeravelli,Mira Loma B,physics,1,0,4
i54,Ashrith Beeravelli,Mira Loma B,ess,1,0,4
i54,Ashrith Beeravelli,Mira Loma B,chemistry,0,0,0
i54,Ashrith Beeravelli,Mira Loma B,biology,0,0,0
i54,Ashrith Beeravelli,Mira Loma B,energy,0,0,0
i54,Ashrith Beeravelli,Mira Loma B,math,1,0,4
i54,Ashrith Beeravelli,Mira Loma B,overall,3,0,12
i54,Vishwas Charan,Mira Loma B,physics,0,0,0
i54,Vishwas Charan,Mira Loma B,ess,0,0,0
i54,Vishwas Charan,Mira Loma B,chemistry,0,0,0
i54,Vishwas Charan,Mira Loma B,biology,1,1,0
i54,Vishwas Charan,Mira Loma B,energy,0,0,0
i54,Vishwas Charan,Mira Loma B,math,0,0,0
i54,Vishwas Charan,Mira Loma B,overall,1,1,0
i54,Sreekar Sreeram,Foothill A,physics,0,0,0
i54,Sreekar Sreeram,Foothill A,ess,1,0,4
i54,Sreekar Sreeram,Foothill A,chemistry,1,0,4
i54,Sreekar Sreeram,Foothill A,biology,1,0,4
i54,Sreekar Sreeram,Foothill A,energy,0,0,0
i54,Sreekar Sreeram,Foothill A,math,0,0,0
i54,Sreekar Sreeram,Foothill A,overall,3,0,12
i54,Lakshanya Palani,Foothill A,physics,0,0,0
i54,Lakshanya Palani,Foothill A,ess,0,0,0
i54,Lakshanya Palani,Foothill A,chemistry,1,0,4
i54,Lakshanya Palani,Foothill A,biology,2,0,8
i54,Lakshanya Palani,Foothill A,energy,0,0,0
i54,Lakshanya Palani,Foothill A,math,0,0,0
i54,Lakshanya Palani,Foothill A,overall,3,0,12
i54,Jake Nguyen,Foothill A,physics,0,0,0
i54,Jake Nguyen,Foothill A,ess,0,0,0
i54,Jake Nguyen,Foothill A,chemistry,0,1,-4
i54,Jake Nguyen,Foothill A,biology,1,0,4
i54,Jake Nguyen,Foothill A,energy,0,0,0
i54,Jake Nguyen,Foothill A,math,0,0,0
i54,Jake Nguyen,Foothill A,overall,1,1,0
i54,Harini Penumuchu,Foothill A,physics,0,0,0
i54,Harini Penumuchu,Foothill A,ess,0,0,0
i54,Harini Penumuchu,Foothill A,chemistry,0,0,0
i54,Harini Penumuchu,Foothill A,biology,0,0,0
i54,Harini Penumuchu,Foothill A,energy,0,0,0
i54,Harini Penumuchu,Foothill A,math,0,0,0
i54,Harini Penumuchu,Foothill A,overall,0,0,0
i54,Benjamin Mark,Mira Loma B,biology,0,0,0
i54,Benjamin Mark,Mira Loma B,ess,0,0,0
i54,Benjamin Mark,Mira Loma B,chemistry,0,0,0
i54,Benjamin Mark,Mira Loma B,math,0,0,0
i54,Benjamin Mark,Mira Loma B,physics,0,0,0
i54,Benjamin Mark,Mira Loma B,overall,0,0,0
i54,Sahil Deshmukh,Foothill A,biology,0,0,0
i54,Sahil Deshmukh,Foothill A,ess,0,0,0
i54,Sahil Deshmukh,Foothill A,chemistry,0,0,0
i54,Sahil Deshmukh,Foothill A,math,2,0,8
i54,Sahil Deshmukh,Foothill A,physics,0,0,0
i54,Sahil Deshmukh,Foothill A,overall,2,0,8
i55,Viyan Dabke,Saint Francis,chemistry,0,0,0
i55,Viyan Dabke,Saint Francis,math,0,0,0
i55,Viyan Dabke,Saint Francis,biology,0,1,-4
i55,Viyan Dabke,Saint Francis,energy,1,0,4
i55,Viyan Dabke,Saint Francis,physics,0,0,0
i55,Viyan Dabke,Saint Francis,ess,0,0,0
i55,Viyan Dabke,Saint Francis,overall,1,1,0
i55,Alexander Xia,Saint Francis,chemistry,0,0,0
i55,Alexander Xia,Saint Francis,math,1,0,4
i55,Alexander Xia,Saint Francis,biology,0,0,0
i55,Alexander Xia,Saint Francis,energy,0,0,0
i55,Alexander Xia,Saint Francis,physics,0,0,0
i55,Alexander Xia,Saint Francis,ess,0,0,0
i55,Alexander Xia,Saint Francis,overall,1,0,4
i55,Ishan Pachauri,Saint Francis,chemistry,2,0,8
i55,Ishan Pachauri,Saint Francis,math,1,0,4
i55,Ishan Pachauri,Saint Francis,biology,1,0,4
i55,Ishan Pachauri,Saint Francis,energy,0,0,0
i55,Ishan Pachauri,Saint Francis,physics,1,0,4
i55,Ishan Pachauri,Saint Francis,ess,2,0,8
i55,Ishan Pachauri,Saint Francis,overall,7,0,28
i55,Anirudh Kannan,Saint Francis,chemistry,0,0,0
i55,Anirudh Kannan,Saint Francis,math,0,0,0
i55,Anirudh Kannan,Saint Francis,biology,0,0,0
i55,Anirudh Kannan,Saint Francis,energy,0,0,0
i55,Anirudh Kannan,Saint Francis,physics,2,0,8
i55,Anirudh Kannan,Saint Francis,ess,0,1,-4
i55,Anirudh Kannan,Saint Francis,overall,2,1,4
i55,Ashlee Zhou,BASIS Independent B,chemistry,0,0,0
i55,Ashlee Zhou,BASIS Independent B,math,0,0,0
i55,Ashlee Zhou,BASIS Independent B,biology,0,0,0
i55,Ashlee Zhou,BASIS Independent B,energy,0,0,0
i55,Ashlee Zhou,BASIS Independent B,physics,0,0,0
i55,Ashlee Zhou,BASIS Independent B,ess,0,0,0
i55,Ashlee Zhou,BASIS Independent B,overall,0,0,0
i55,Aya Ahmad,BASIS Independent B,chemistry,0,0,0
i55,Aya Ahmad,BASIS Independent B,math,0,0,0
i55,Aya Ahmad,BASIS Independent B,biology,1,0,4
i55,Aya Ahmad,BASIS Independent B,energy,0,0,0
i55,Aya Ahmad,BASIS Independent B,physics,1,0,4
i55,Aya Ahmad,BASIS Independent B,ess,1,0,4
i55,Aya Ahmad,BASIS Independent B,overall,3,0,12
i55,Brady Yang,BASIS Independent B,chemistry,0,0,0
i55,Brady Yang,BASIS Independent B,math,0,0,0
i55,Brady Yang,BASIS Independent B,biology,0,0,0
i55,Brady Yang,BASIS Independent B,energy,0,0,0
i55,Brady Yang,BASIS Independent B,physics,0,0,0
i55,Brady Yang,BASIS Independent B,ess,0,0,0
i55,Brady Yang,BASIS Independent B,overall,0,0,0
i55,Yash Madireddy,BASIS Independent B,chemistry,0,0,0
i55,Yash Madireddy,BASIS Independent B,math,0,0,0
i55,Yash Madireddy,BASIS Independent B,biology,0,0,0
i55,Yash Madireddy,BASIS Independent B,energy,1,0,4
i55,Yash Madireddy,BASIS Independent B,physics,0,0,0
i55,Yash Madireddy,BASIS Independent B,ess,0,0,0
i55,Yash Madireddy,BASIS Independent B,overall,1,0,4
i56,Aniket Mangalampalli,Mission San Jose B,chemistry,0,0,0
i56,Aniket Mangalampalli,Mission San Jose B,math,1,1,0
i56,Aniket Mangalampalli,Mission San Jose B,biology,0,0,0
i56,Aniket Mangalampalli,Mission San Jose B,energy,0,0,0
i56,Aniket Mangalampalli,Mission San Jose B,physics,0,0,0
i56,Aniket Mangalampalli,Mission San Jose B,ess,0,0,0
i56,Aniket Mangalampalli,Mission San Jose B,overall,1,1,0
i56,Advai Srinivasan,Mission San Jose B,chemistry,0,0,0
i56,Advai Srinivasan,Mission San Jose B,math,0,0,0
i56,Advai Srinivasan,Mission San Jose B,biology,0,0,0
i56,Advai Srinivasan,Mission San Jose B,energy,0,1,-4
i56,Advai Srinivasan,Mission San Jose B,physics,0,0,0
i56,Advai Srinivasan,Mission San Jose B,ess,0,0,0
i56,Advai Srinivasan,Mission San Jose B,overall,0,1,-4
i56,Daniel Liu,Mission San Jose B,chemistry,0,0,0
i56,Daniel Liu,Mission San Jose B,math,0,0,0
i56,Daniel Liu,Mission San Jose B,biology,0,0,0
i56,Daniel Liu,Mission San Jose B,energy,0,0,0
i56,Daniel Liu,Mission San Jose B,physics,0,0,0
i56,Daniel Liu,Mission San Jose B,ess,0,0,0
i56,Daniel Liu,Mission San Jose B,overall,0,0,0
i56,Theenash Sengupta,Mission San Jose B,chemistry,2,0,8
i56,Theenash Sengupta,Mission San Jose B,math,0,0,0
i56,Theenash Sengupta,Mission San Jose B,biology,3,0,12
i56,Theenash Sengupta,Mission San Jose B,energy,2,0,8
i56,Theenash Sengupta,Mission San Jose B,physics,0,1,-4
i56,Theenash Sengupta,Mission San Jose B,ess,3,0,12
i56,Theenash Sengupta,Mission San Jose B,overall,10,1,36
i56,Keshav Narang,Stanford Online,chemistry,0,0,0
i56,Keshav Narang,Stanford Online,math,0,0,0
i56,Keshav Narang,Stanford Online,biology,1,0,4
i56,Keshav Narang,Stanford Online,energy,1,0,4
i56,Keshav Narang,Stanford Online,physics,0,0,0
i56,Keshav Narang,Stanford Online,ess,0,0,0
i56,Keshav Narang,Stanford Online,overall,2,0,8
i56,Joshua Tittiranonda,Stanford Online,chemistry,1,0,4
i56,Joshua Tittiranonda,Stanford Online,math,1,0,4
i56,Joshua Tittiranonda,Stanford Online,biology,0,0,0
i56,Joshua Tittiranonda,Stanford Online,energy,0,0,0
i56,Joshua Tittiranonda,Stanford Online,physics,1,0,4
i56,Joshua Tittiranonda,Stanford Online,ess,0,0,0
i56,Joshua Tittiranonda,Stanford Online,overall,3,0,12
i56,Nathan Bowman,Stanford Online,chemistry,0,0,0
i56,Nathan Bowman,Stanford Online,math,0,0,0
i56,Nathan Bowman,Stanford Online,biology,0,0,0
i56,Nathan Bowman,Stanford Online,energy,0,0,0
i56,Nathan Bowman,Stanford Online,physics,0,0,0
i56,Nathan Bowman,Stanford Online,ess,0,0,0
i56,Nathan Bowman,Stanford Online,overall,0,0,0
i56,Hannah Bowman,Stanford Online,chemistry,0,0,0
i56,Hannah Bowman,Stanford Online,math,0,0,0
i56,Hannah Bowman,Stanford Online,biology,0,0,0
i56,Hannah Bowman,Stanford Online,energy,0,0,0
i56,Hannah Bowman,Stanford Online,physics,0,0,0
i56,Hannah Bowman,Stanford Online,ess,0,0,0
i56,Hannah Bowman,Stanford Online,overall,0,0,0
i57,Anthony Wei,Dougherty Valley A,chemistry,0,0,0
i57,Anthony Wei,Dougherty Valley A,math,0,0,0
i57,Anthony Wei,Dougherty Valley A,biology,1,0,4
i57,Anthony Wei,Dougherty Valley A,energy,1,0,4
i57,Anthony Wei,Dougherty Valley A,physics,0,0,0
i57,Anthony Wei,Dougherty Valley A,ess,0,0,0
i57,Anthony Wei,Dougherty Valley A,overall,2,0,8
i57,Akshaj Challa,Dougherty Valley A,chemistry,0,0,0
i57,Akshaj Challa,Dougherty Valley A,math,0,0,0
i57,Akshaj Challa,Dougherty Valley A,biology,1,0,4
i57,Akshaj Challa,Dougherty Valley A,energy,0,0,0
i57,Akshaj Challa,Dougherty Valley A,physics,0,0,0
i57,Akshaj Challa,Dougherty Valley A,ess,0,0,0
i57,Akshaj Challa,Dougherty Valley A,overall,1,0,4
i57,Pleban Mishra,Dougherty Valley A,chemistry,0,0,0
i57,Pleban Mishra,Dougherty Valley A,math,0,0,0
i57,Pleban Mishra,Dougherty Valley A,biology,0,0,0
i57,Pleban Mishra,Dougherty Valley A,energy,0,0,0
i57,Pleban Mishra,Dougherty Valley A,physics,0,0,0
i57,Pleban Mishra,Dougherty Valley A,ess,1,0,4
i57,Pleban Mishra,Dougherty Valley A,overall,1,0,4
i57,William Zhao,Dougherty Valley A,chemistry,1,0,4
i57,William Zhao,Dougherty Valley A,math,1,1,0
i57,William Zhao,Dougherty Valley A,biology,0,0,0
i57,William Zhao,Dougherty Valley A,energy,0,0,0
i57,William Zhao,Dougherty Valley A,physics,0,1,-4
i57,William Zhao,Dougherty Valley A,ess,0,0,0
i57,William Zhao,Dougherty Valley A,overall,2,2,0
i57,Andrew Wang,Palo Alto B,chemistry,0,0,0
i57,Andrew Wang,Palo Alto B,math,2,0,8
i57,Andrew Wang,Palo Alto B,biology,0,0,0
i57,Andrew Wang,Palo Alto B,energy,0,0,0
i57,Andrew Wang,Palo Alto B,physics,1,0,4
i57,Andrew Wang,Palo Alto B,ess,0,0,0
i57,Andrew Wang,Palo Alto B,overall,3,0,12
i57,Inhoo Chang,Palo Alto B,chemistry,0,0,0
i57,Inhoo Chang,Palo Alto B,math,0,0,0
i57,Inhoo Chang,Palo Alto B,biology,0,0,0
i57,Inhoo Chang,Palo Alto B,energy,0,0,0
i57,Inhoo Chang,Palo Alto B,physics,1,0,4
i57,Inhoo Chang,Palo Alto B,ess,0,0,0
i57,Inhoo Chang,Palo Alto B,overall,1,0,4
i57,Allie Jackson,Palo Alto B,chemistry,0,0,0
i57,Allie Jackson,Palo Alto B,math,0,0,0
i57,Allie Jackson,Palo Alto B,biology,0,0,0
i57,Allie Jackson,Palo Alto B,energy,1,0,4
i57,Allie Jackson,Palo Alto B,physics,0,0,0
i57,Allie Jackson,Palo Alto B,ess,0,0,0
i57,Allie Jackson,Palo Alto B,overall,1,0,4
i57,Jonathan Yuen,Palo Alto B,chemistry,0,0,0
i57,Jonathan Yuen,Palo Alto B,math,0,0,0
i57,Jonathan Yuen,Palo Alto B,biology,0,0,0
i57,Jonathan Yuen,Palo Alto B,energy,0,0,0
i57,Jonathan Yuen,Palo Alto B,physics,0,0,0
i57,Jonathan Yuen,Palo Alto B,ess,1,0,4
i57,Jonathan Yuen,Palo Alto B,overall,1,0,4
i57,Jeremy Yuen,Palo Alto B,biology,0,0,0
i57,Jeremy Yuen,Palo Alto B,energy,0,0,0
i57,Jeremy Yuen,Palo Alto B,ess,1,1,0
i57,Jeremy Yuen,Palo Alto B,chemistry,0,0,0
i57,Jeremy Yuen,Palo Alto B,physics,0,0,0
i57,Jeremy Yuen,Palo Alto B,math,0,0,0
i57,Jeremy Yuen,Palo Alto B,overall,1,1,0
i58,Pearl Shah,Irvington,chemistry,0,0,0
i58,Pearl Shah,Irvington,math,0,1,-4
i58,Pearl Shah,Irvington,biology,0,0,0
i58,Pearl Shah,Irvington,energy,0,0,0
i58,Pearl Shah,Irvington,physics,0,0,0
i58,Pearl Shah,Irvington,ess,0,0,0
i58,Pearl Shah,Irvington,overall,0,1,-4
i58,Evan Tung,Irvington,chemistry,0,0,0
i58,Evan Tung,Irvington,math,0,0,0
i58,Evan Tung,Irvington,biology,0,0,0
i58,Evan Tung,Irvington,energy,0,0,0
i58,Evan Tung,Irvington,physics,0,0,0
i58,Evan Tung,Irvington,ess,0,0,0
i58,Evan Tung,Irvington,overall,0,0,0
i58,Samyuktha Lakshmi,Irvington,chemistry,0,0,0
i58,Samyuktha Lakshmi,Irvington,math,0,0,0
i58,Samyuktha Lakshmi,Irvington,biology,0,0,0
i58,Samyuktha Lakshmi,Irvington,energy,0,0,0
i58,Samyuktha Lakshmi,Irvington,physics,1,0,4
i58,Samyuktha Lakshmi,Irvington,ess,0,0,0
i58,Samyuktha Lakshmi,Irvington,overall,1,0,4
i58,Arjun Murugappan,Irvington,chemistry,0,0,0
i58,Arjun Murugappan,Irvington,math,0,0,0
i58,Arjun Murugappan,Irvington,biology,0,0,0
i58,Arjun Murugappan,Irvington,energy,0,0,0
i58,Arjun Murugappan,Irvington,physics,0,0,0
i58,Arjun Murugappan,Irvington,ess,0,0,0
i58,Arjun Murugappan,Irvington,overall,0,0,0
i58,Gaurav Gupta,Amador Valley A,chemistry,0,0,0
i58,Gaurav Gupta,Amador Valley A,math,0,0,0
i58,Gaurav Gupta,Amador Valley A,biology,0,0,0
i58,Gaurav Gupta,Amador Valley A,energy,1,0,4
i58,Gaurav Gupta,Amador Valley A,physics,0,0,0
i58,Gaurav Gupta,Amador Valley A,ess,0,0,0
i58,Gaurav Gupta,Amador Valley A,overall,1,0,4
i58,Rohan Garg,Amador Valley A,chemistry,0,0,0
i58,Rohan Garg,Amador Valley A,math,3,1,8
i58,Rohan Garg,Amador Valley A,biology,1,0,4
i58,Rohan Garg,Amador Valley A,energy,0,0,0
i58,Rohan Garg,Amador Valley A,physics,2,0,8
i58,Rohan Garg,Amador Valley A,ess,0,0,0
i58,Rohan Garg,Amador Valley A,overall,6,1,20
i58,Edwin He,Amador Valley A,chemistry,1,0,4
i58,Edwin He,Amador Valley A,math,0,0,0
i58,Edwin He,Amador Valley A,biology,3,0,12
i58,Edwin He,Amador Valley A,energy,2,0,8
i58,Edwin He,Amador Valley A,physics,0,0,0
i58,Edwin He,Amador Valley A,ess,2,1,4
i58,Edwin He,Amador Valley A,overall,8,1,28
i58,Spencer Fang,Amador Valley A,chemistry,0,0,0
i58,Spencer Fang,Amador Valley A,math,0,0,0
i58,Spencer Fang,Amador Valley A,biology,0,0,0
i58,Spencer Fang,Amador Valley A,energy,0,0,0
i58,Spencer Fang,Amador Valley A,physics,0,0,0
i58,Spencer Fang,Amador Valley A,ess,0,0,0
i58,Spencer Fang,Amador Valley A,overall,0,0,0
i58,Roland Pratt,Irvington,ess,0,0,0
i58,Roland Pratt,Irvington,chemistry,0,0,0
i58,Roland Pratt,Irvington,biology,0,0,0
i58,Roland Pratt,Irvington,physics,1,0,4
i58,Roland Pratt,Irvington,energy,0,0,0
i58,Roland Pratt,Irvington,math,0,0,0
i58,Roland Pratt,Irvington,overall,1,0,4
i58,Ritwik Aeka,Amador Valley A,ess,1,0,4
i58,Ritwik Aeka,Amador Valley A,chemistry,0,0,0
i58,Ritwik Aeka,Amador Valley A,biology,0,0,0
i58,Ritwik Aeka,Amador Valley A,physics,0,0,0
i58,Ritwik Aeka,Amador Valley A,energy,0,0,0
i58,Ritwik Aeka,Amador Valley A,math,0,0,0
i58,Ritwik Aeka,Amador Valley A,overall,1,0,4
i59,Vladislav Khitrov,California B,chemistry,0,0,0
i59,Vladislav Khitrov,California B,math,0,0,0
i59,Vladislav Khitrov,California B,biology,0,0,0
i59,Vladislav Khitrov,California B,energy,0,0,0
i59,Vladislav Khitrov,California B,physics,0,0,0
i59,Vladislav Khitrov,California B,ess,0,0,0
i59,Vladislav Khitrov,California B,overall,0,0,0
i59,Amritha Srinivasan,California B,chemistry,0,0,0
i59,Amritha Srinivasan,California B,math,0,0,0
i59,Amritha Srinivasan,California B,biology,1,0,4
i59,Amritha Srinivasan,California B,energy,0,0,0
i59,Amritha Srinivasan,California B,physics,0,0,0
i59,Amritha Srinivasan,California B,ess,0,0,0
i59,Amritha Srinivasan,California B,overall,1,0,4
i59,Kavin Jain,California B,chemistry,1,0,4
i59,Kavin Jain,California B,math,0,0,0
i59,Kavin Jain,California B,biology,0,0,0
i59,Kavin Jain,California B,energy,1,0,4
i59,Kavin Jain,California B,physics,0,0,0
i59,Kavin Jain,California B,ess,1,0,4
i59,Kavin Jain,California B,overall,3,0,12
i59,Lucas Chi,California B,chemistry,0,0,0
i59,Lucas Chi,California B,math,0,0,0
i59,Lucas Chi,California B,biology,1,0,4
i59,Lucas Chi,California B,energy,0,0,0
i59,Lucas Chi,California B,physics,0,0,0
i59,Lucas Chi,California B,ess,0,0,0
i59,Lucas Chi,California B,overall,1,0,4
i59,Aanya Guthula,Foothill B,chemistry,0,0,0
i59,Aanya Guthula,Foothill B,math,0,0,0
i59,Aanya Guthula,Foothill B,biology,0,0,0
i59,Aanya Guthula,Foothill B,energy,0,0,0
i59,Aanya Guthula,Foothill B,physics,0,0,0
i59,Aanya Guthula,Foothill B,ess,0,0,0
i59,Aanya Guthula,Foothill B,overall,0,0,0
i59,Athithan Elamaran,Foothill B,chemistry,0,0,0
i59,Athithan Elamaran,Foothill B,math,2,1,4
i59,Athithan Elamaran,Foothill B,biology,0,0,0
i59,Athithan Elamaran,Foothill B,energy,0,0,0
i59,Athithan Elamaran,Foothill B,physics,1,0,4
i59,Athithan Elamaran,Foothill B,ess,0,0,0
i59,Athithan Elamaran,Foothill B,overall,3,1,8
i59,Aahana Biswal,Foothill B,chemistry,2,0,8
i59,Aahana Biswal,Foothill B,math,0,0,0
i59,Aahana Biswal,Foothill B,biology,1,0,4
i59,Aahana Biswal,Foothill B,energy,0,0,0
i59,Aahana Biswal,Foothill B,physics,0,0,0
i59,Aahana Biswal,Foothill B,ess,0,0,0
i59,Aahana Biswal,Foothill B,overall,3,0,12
i59,Shivani Swaminathan,Foothill B,chemistry,0,0,0
i59,Shivani Swaminathan,Foothill B,math,0,0,0
i59,Shivani Swaminathan,Foothill B,biology,0,0,0
i59,Shivani Swaminathan,Foothill B,energy,1,0,4
i59,Shivani Swaminathan,Foothill B,physics,0,0,0
i59,Shivani Swaminathan,Foothill B,ess,0,0,0
i59,Shivani Swaminathan,Foothill B,overall,1,0,4
i59,Brandon Kong,Foothill B,ess,1,0,4
i59,Brandon Kong,Foothill B,chemistry,0,0,0
i59,Brandon Kong,Foothill B,biology,0,0,0
i59,Brandon Kong,Foothill B,physics,0,0,0
i59,Brandon Kong,Foothill B,energy,0,0,0
i59,Brandon Kong,Foothill B,math,0,0,0
i59,Brandon Kong,Foothill B,overall,1,0,4
i60,Vibha Raghvendran,Monta Vista A,chemistry,0,0,0
i60,Vibha Raghvendran,Monta Vista A,math,0,0,0
i60,Vibha Raghvendran,Monta Vista A,biology,0,0,0
i60,Vibha Raghvendran,Monta Vista A,energy,0,0,0
i60,Vibha Raghvendran,Monta Vista A,physics,0,0,0
i60,Vibha Raghvendran,Monta Vista A,ess,0,0,0
i60,Vibha Raghvendran,Monta Vista A,overall,0,0,0
i60,Siddhant Jain,Monta Vista A,chemistry,0,1,-4
i60,Siddhant Jain,Monta Vista A,math,0,0,0
i60,Siddhant Jain,Monta Vista A,biology,1,0,4
i60,Siddhant Jain,Monta Vista A,energy,0,0,0
i60,Siddhant Jain,Monta Vista A,physics,2,0,8
i60,Siddhant Jain,Monta Vista A,ess,1,0,4
i60,Siddhant Jain,Monta Vista A,overall,4,1,12
i60,Ishaan Desai,Monta Vista A,chemistry,0,0,0
i60,Ishaan Desai,Monta Vista A,math,0,1,-4
i60,Ishaan Desai,Monta Vista A,biology,0,0,0
i60,Ishaan Desai,Monta Vista A,energy,0,0,0
i60,Ishaan Desai,Monta Vista A,physics,0,0,0
i60,Ishaan Desai,Monta Vista A,ess,0,0,0
i60,Ishaan Desai,Monta Vista A,overall,0,1,-4
i60,Anish Bayyapu,Monta Vista A,chemistry,1,0,4
i60,Anish Bayyapu,Monta Vista A,math,0,0,0
i60,Anish Bayyapu,Monta Vista A,biology,0,0,0
i60,Anish Bayyapu,Monta Vista A,energy,1,0,4
i60,Anish Bayyapu,Monta Vista A,physics,0,0,0
i60,Anish Bayyapu,Monta Vista A,ess,0,0,0
i60,Anish Bayyapu,Monta Vista A,overall,2,0,8
i60,Phoebe Xu,North Hollywood,chemistry,0,0,0
i60,Phoebe Xu,North Hollywood,math,1,0,4
i60,Phoebe Xu,North Hollywood,biology,0,0,0
i60,Phoebe Xu,North Hollywood,energy,0,0,0
i60,Phoebe Xu,North Hollywood,physics,0,0,0
i60,Phoebe Xu,North Hollywood,ess,0,0,0
i60,Phoebe Xu,North Hollywood,overall,1,0,4
i60,Boheng Cao,North Hollywood,chemistry,0,0,0
i60,Boheng Cao,North Hollywood,math,3,0,12
i60,Boheng Cao,North Hollywood,biology,0,0,0
i60,Boheng Cao,North Hollywood,energy,0,0,0
i60,Boheng Cao,North Hollywood,physics,0,0,0
i60,Boheng Cao,North Hollywood,ess,0,0,0
i60,Boheng Cao,North Hollywood,overall,3,0,12
i60,Connor Zhao,North Hollywood,chemistry,1,1,0
i60,Connor Zhao,North Hollywood,math,0,0,0
i60,Connor Zhao,North Hollywood,biology,0,0,0
i60,Connor Zhao,North Hollywood,energy,1,0,4
i60,Connor Zhao,North Hollywood,physics,1,0,4
i60,Connor Zhao,North Hollywood,ess,1,2,-4
i60,Connor Zhao,North Hollywood,overall,4,3,4
i60,Suzuko Ohshima,North Hollywood,chemistry,0,0,0
i60,Suzuko Ohshima,North Hollywood,math,0,0,0
i60,Suzuko Ohshima,North Hollywood,biology,2,0,8
i60,Suzuko Ohshima,North Hollywood,energy,1,1,0
i60,Suzuko Ohshima,North Hollywood,physics,0,0,0
i60,Suzuko Ohshima,North Hollywood,ess,1,0,4
i60,Suzuko Ohshima,North Hollywood,overall,4,1,12
i60,Chinmay Raghvendran,Monta Vista A,ess,0,0,0
i60,Chinmay Raghvendran,Monta Vista A,biology,0,0,0
i60,Chinmay Raghvendran,Monta Vista A,physics,0,0,0
i60,Chinmay Raghvendran,Monta Vista A,energy,0,0,0
i60,Chinmay Raghvendran,Monta Vista A,math,0,0,0
i60,Chinmay Raghvendran,Monta Vista A,chemistry,0,0,0
i60,Chinmay Raghvendran,Monta Vista A,overall,0,0,0
i61,Aryan Morasa,Mira Loma A,chemistry,1,0,4
i61,Aryan Morasa,Mira Loma A,math,0,0,0
i61,Aryan Morasa,Mira Loma A,biology,0,0,0
i61,Aryan Morasa,Mira Loma A,energy,1,0,4
i61,Aryan Morasa,Mira Loma A,physics,0,0,0
i61,Aryan Morasa,Mira Loma A,ess,0,0,0
i61,Aryan Morasa,Mira Loma A,overall,2,0,8
i61,Elyas Nuh,Mira Loma A,chemistry,1,0,4
i61,Elyas Nuh,Mira Loma A,math,0,0,0
i61,Elyas Nuh,Mira Loma A,biology,1,0,4
i61,Elyas Nuh,Mira Loma A,energy,0,0,0
i61,Elyas Nuh,Mira Loma A,physics,0,0,0
i61,Elyas Nuh,Mira Loma A,ess,1,0,4
i61,Elyas Nuh,Mira Loma A,overall,3,0,12
i61,Harish Premkumar,Mira Loma A,chemistry,0,0,0
i61,Harish Premkumar,Mira Loma A,math,1,0,4
i61,Harish Premkumar,Mira Loma A,biology,0,0,0
i61,Harish Premkumar,Mira Loma A,energy,0,0,0
i61,Harish Premkumar,Mira Loma A,physics,4,0,16
i61,Harish Premkumar,Mira Loma A,ess,1,0,4
i61,Harish Premkumar,Mira Loma A,overall,6,0,24
i61,Aatreyo Bhattacharyya,Mira Loma A,chemistry,1,0,4
i61,Aatreyo Bhattacharyya,Mira Loma A,math,2,0,8
i61,Aatreyo Bhattacharyya,Mira Loma A,biology,2,0,8
i61,Aatreyo Bhattacharyya,Mira Loma A,energy,1,0,4
i61,Aatreyo Bhattacharyya,Mira Loma A,physics,0,0,0
i61,Aatreyo Bhattacharyya,Mira Loma A,ess,1,0,4
i61,Aatreyo Bhattacharyya,Mira Loma A,overall,7,0,28
i61,Anish Roy,Archbishop Mitty B,chemistry,0,0,0
i61,Anish Roy,Archbishop Mitty B,math,1,0,4
i61,Anish Roy,Archbishop Mitty B,biology,0,0,0
i61,Anish Roy,Archbishop Mitty B,energy,0,0,0
i61,Anish Roy,Archbishop Mitty B,physics,0,0,0
i61,Anish Roy,Archbishop Mitty B,ess,0,0,0
i61,Anish Roy,Archbishop Mitty B,overall,1,0,4
i61,Jonathan Yu,Archbishop Mitty B,chemistry,0,0,0
i61,Jonathan Yu,Archbishop Mitty B,math,0,0,0
i61,Jonathan Yu,Archbishop Mitty B,biology,0,0,0
i61,Jonathan Yu,Archbishop Mitty B,energy,0,0,0
i61,Jonathan Yu,Archbishop Mitty B,physics,0,0,0
i61,Jonathan Yu,Archbishop Mitty B,ess,0,0,0
i61,Jonathan Yu,Archbishop Mitty B,overall,0,0,0
i61,Raaghav Chakravarty,Archbishop Mitty B,chemistry,0,0,0
i61,Raaghav Chakravarty,Archbishop Mitty B,math,0,0,0
i61,Raaghav Chakravarty,Archbishop Mitty B,biology,0,0,0
i61,Raaghav Chakravarty,Archbishop Mitty B,energy,0,0,0
i61,Raaghav Chakravarty,Archbishop Mitty B,physics,0,0,0
i61,Raaghav Chakravarty,Archbishop Mitty B,ess,0,0,0
i61,Raaghav Chakravarty,Archbishop Mitty B,overall,0,0,0
i61,Ajla Trumic,Archbishop Mitty B,chemistry,0,0,0
i61,Ajla Trumic,Archbishop Mitty B,math,0,0,0
i61,Ajla Trumic,Archbishop Mitty B,biology,0,0,0
i61,Ajla Trumic,Archbishop Mitty B,energy,0,0,0
i61,Ajla Trumic,Archbishop Mitty B,physics,0,0,0
i61,Ajla Trumic,Archbishop Mitty B,ess,0,0,0
i61,Ajla Trumic,Archbishop Mitty B,overall,0,0,0
i61,Tanay Bodducherla,Mira Loma A,ess,1,0,4
i61,Tanay Bodducherla,Mira Loma A,biology,0,0,0
i61,Tanay Bodducherla,Mira Loma A,physics,0,0,0
i61,Tanay Bodducherla,Mira Loma A,energy,0,0,0
i61,Tanay Bodducherla,Mira Loma A,math,0,0,0
i61,Tanay Bodducherla,Mira Loma A,chemistry,0,0,0
i61,Tanay Bodducherla,Mira Loma A,overall,1,0,4
i62,Ethan Chu,Cupertino B,chemistry,0,0,0
i62,Ethan Chu,Cupertino B,math,0,0,0
i62,Ethan Chu,Cupertino B,biology,0,0,0
i62,Ethan Chu,Cupertino B,energy,0,0,0
i62,Ethan Chu,Cupertino B,physics,0,0,0
i62,Ethan Chu,Cupertino B,ess,0,0,0
i62,Ethan Chu,Cupertino B,overall,0,0,0
i62,Jaanya Annapureddy,Cupertino B,chemistry,0,0,0
i62,Jaanya Annapureddy,Cupertino B,math,0,0,0
i62,Jaanya Annapureddy,Cupertino B,biology,0,0,0
i62,Jaanya Annapureddy,Cupertino B,energy,0,0,0
i62,Jaanya Annapureddy,Cupertino B,physics,0,0,0
i62,Jaanya Annapureddy,Cupertino B,ess,0,0,0
i62,Jaanya Annapureddy,Cupertino B,overall,0,0,0
i62,Mithilesh Gopalakrishnan,Cupertino B,chemistry,0,0,0
i62,Mithilesh Gopalakrishnan,Cupertino B,math,0,0,0
i62,Mithilesh Gopalakrishnan,Cupertino B,biology,1,0,4
i62,Mithilesh Gopalakrishnan,Cupertino B,energy,0,0,0
i62,Mithilesh Gopalakrishnan,Cupertino B,physics,0,0,0
i62,Mithilesh Gopalakrishnan,Cupertino B,ess,0,0,0
i62,Mithilesh Gopalakrishnan,Cupertino B,overall,1,0,4
i62,Kira Liang,Cupertino B,chemistry,0,0,0
i62,Kira Liang,Cupertino B,math,0,0,0
i62,Kira Liang,Cupertino B,biology,0,0,0
i62,Kira Liang,Cupertino B,energy,0,0,0
i62,Kira Liang,Cupertino B,physics,0,0,0
i62,Kira Liang,Cupertino B,ess,0,0,0
i62,Kira Liang,Cupertino B,overall,0,0,0
i62,Flora Jiang,Canyon Crest A,chemistry,0,0,0
i62,Flora Jiang,Canyon Crest A,math,0,0,0
i62,Flora Jiang,Canyon Crest A,biology,0,0,0
i62,Flora Jiang,Canyon Crest A,energy,1,0,4
i62,Flora Jiang,Canyon Crest A,physics,0,0,0
i62,Flora Jiang,Canyon Crest A,ess,3,0,12
i62,Flora Jiang,Canyon Crest A,overall,4,0,16
i62,Alex Xu,Canyon Crest A,chemistry,2,0,8
i62,Alex Xu,Canyon Crest A,math,0,0,0
i62,Alex Xu,Canyon Crest A,biology,0,0,0
i62,Alex Xu,Canyon Crest A,energy,1,0,4
i62,Alex Xu,Canyon Crest A,physics,1,0,4
i62,Alex Xu,Canyon Crest A,ess,1,0,4
i62,Alex Xu,Canyon Crest A,overall,5,0,20
i62,Sean Yu,Canyon Crest A,chemistry,2,0,8
i62,Sean Yu,Canyon Crest A,math,0,0,0
i62,Sean Yu,Canyon Crest A,biology,1,0,4
i62,Sean Yu,Canyon Crest A,energy,0,0,0
i62,Sean Yu,Canyon Crest A,physics,0,0,0
i62,Sean Yu,Canyon Crest A,ess,0,0,0
i62,Sean Yu,Canyon Crest A,overall,3,0,12
i62,Michelle Liang,Canyon Crest A,chemistry,0,0,0
i62,Michelle Liang,Canyon Crest A,math,4,0,16
i62,Michelle Liang,Canyon Crest A,biology,0,0,0
i62,Michelle Liang,Canyon Crest A,energy,0,0,0
i62,Michelle Liang,Canyon Crest A,physics,0,0,0
i62,Michelle Liang,Canyon Crest A,ess,0,0,0
i62,Michelle Liang,Canyon Crest A,overall,4,0,16
i62,Danica Au,Cupertino B,chemistry,0,0,0
i62,Danica Au,Cupertino B,ess,0,0,0
i62,Danica Au,Cupertino B,biology,1,0,4
i62,Danica Au,Cupertino B,physics,0,0,0
i62,Danica Au,Cupertino B,energy,1,0,4
i62,Danica Au,Cupertino B,math,0,0,0
i62,Danica Au,Cupertino B,overall,2,0,8
i63,Dalbert Wu,Amador Valley B,chemistry,0,0,0
i63,Dalbert Wu,Amador Valley B,math,0,0,0
i63,Dalbert Wu,Amador Valley B,biology,0,0,0
i63,Dalbert Wu,Amador Valley B,energy,0,0,0
i63,Dalbert Wu,Amador Valley B,physics,0,0,0
i63,Dalbert Wu,Amador Valley B,ess,0,0,0
i63,Dalbert Wu,Amador Valley B,overall,0,0,0
i63,Pratham Mehta,Amador Valley B,chemistry,1,0,4
i63,Pratham Mehta,Amador Valley B,math,0,0,0
i63,Pratham Mehta,Amador Valley B,biology,0,0,0
i63,Pratham Mehta,Amador Valley B,energy,1,0,4
i63,Pratham Mehta,Amador Valley B,physics,0,0,0
i63,Pratham Mehta,Amador Valley B,ess,0,0,0
i63,Pratham Mehta,Amador Valley B,overall,2,0,8
i63,Srijon Mandal,Amador Valley B,chemistry,0,0,0
i63,Srijon Mandal,Amador Valley B,math,0,0,0
i63,Srijon Mandal,Amador Valley B,biology,1,0,4
i63,Srijon Mandal,Amador Valley B,energy,0,0,0
i63,Srijon Mandal,Amador Valley B,physics,0,0,0
i63,Srijon Mandal,Amador Valley B,ess,0,0,0
i63,Srijon Mandal,Amador Valley B,overall,1,0,4
i63,Christopher Xia (sub),Amador Valley B,chemistry,0,0,0
i63,Christopher Xia (sub),Amador Valley B,math,1,0,4
i63,Christopher Xia (sub),Amador Valley B,biology,0,0,0
i63,Christopher Xia (sub),Amador Valley B,energy,0,0,0
i63,Christopher Xia (sub),Amador Valley B,physics,0,0,0
i63,Christopher Xia (sub),Amador Valley B,ess,0,0,0
i63,Christopher Xia (sub),Amador Valley B,overall,1,0,4
i63,Chaas Kandregula,Lynbrook B,chemistry,1,0,4
i63,Chaas Kandregula,Lynbrook B,math,0,0,0
i63,Chaas Kandregula,Lynbrook B,biology,2,0,8
i63,Chaas Kandregula,Lynbrook B,energy,0,0,0
i63,Chaas Kandregula,Lynbrook B,physics,0,0,0
i63,Chaas Kandregula,Lynbrook B,ess,1,0,4
i63,Chaas Kandregula,Lynbrook B,overall,4,0,16
i63,Ryan Bansal,Lynbrook B,chemistry,0,0,0
i63,Ryan Bansal,Lynbrook B,math,2,0,8
i63,Ryan Bansal,Lynbrook B,biology,0,0,0
i63,Ryan Bansal,Lynbrook B,energy,1,0,4
i63,Ryan Bansal,Lynbrook B,physics,1,0,4
i63,Ryan Bansal,Lynbrook B,ess,0,0,0
i63,Ryan Bansal,Lynbrook B,overall,4,0,16
i63,Brian Bi,Lynbrook B,chemistry,0,0,0
i63,Brian Bi,Lynbrook B,math,0,0,0
i63,Brian Bi,Lynbrook B,biology,0,0,0
i63,Brian Bi,Lynbrook B,energy,0,0,0
i63,Brian Bi,Lynbrook B,physics,0,0,0
i63,Brian Bi,Lynbrook B,ess,0,0,0
i63,Brian Bi,Lynbrook B,overall,0,0,0
i63,Ian Chen,Lynbrook B,chemistry,0,0,0
i63,Ian Chen,Lynbrook B,math,0,1,-4
i63,Ian Chen,Lynbrook B,biology,0,0,0
i63,Ian Chen,Lynbrook B,energy,0,0,0
i63,Ian Chen,Lynbrook B,physics,0,0,0
i63,Ian Chen,Lynbrook B,ess,1,0,4
i63,Ian Chen,Lynbrook B,overall,1,1,0
i63,Harold Wang,Lynbrook B,energy,0,1,-4
i63,Harold Wang,Lynbrook B,ess,1,0,4
i63,Harold Wang,Lynbrook B,chemistry,0,0,0
i63,Harold Wang,Lynbrook B,biology,0,0,0
i63,Harold Wang,Lynbrook B,physics,0,0,0
i63,Harold Wang,Lynbrook B,math,0,0,0
i63,Harold Wang,Lynbrook B,overall,1,1,0
i64,Surya Gannerkote,Palo Alto A,chemistry,0,0,0
i64,Surya Gannerkote,Palo Alto A,math,0,0,0
i64,Surya Gannerkote,Palo Alto A,biology,0,0,0
i64,Surya Gannerkote,Palo Alto A,energy,0,0,0
i64,Surya Gannerkote,Palo Alto A,physics,0,0,0
i64,Surya Gannerkote,Palo Alto A,ess,0,0,0
i64,Surya Gannerkote,Palo Alto A,overall,0,0,0
i64,Andrew Wen,Palo Alto A,chemistry,0,0,0
i64,Andrew Wen,Palo Alto A,math,0,0,0
i64,Andrew Wen,Palo Alto A,biology,0,0,0
i64,Andrew Wen,Palo Alto A,energy,0,0,0
i64,Andrew Wen,Palo Alto A,physics,0,0,0
i64,Andrew Wen,Palo Alto A,ess,0,0,0
i64,Andrew Wen,Palo Alto A,overall,0,0,0
i64,Forrest Chou,Palo Alto A,chemistry,3,0,12
i64,Forrest Chou,Palo Alto A,math,1,0,4
i64,Forrest Chou,Palo Alto A,biology,1,0,4
i64,Forrest Chou,Palo Alto A,energy,0,0,0
i64,Forrest Chou,Palo Alto A,physics,2,0,8
i64,Forrest Chou,Palo Alto A,ess,2,0,8
i64,Forrest Chou,Palo Alto A,overall,9,0,36
i64,Carissa Tsui,Palo Alto A,chemistry,0,0,0
i64,Carissa Tsui,Palo Alto A,math,0,0,0
i64,Carissa Tsui,Palo Alto A,biology,0,0,0
i64,Carissa Tsui,Palo Alto A,energy,1,0,4
i64,Carissa Tsui,Palo Alto A,physics,0,0,0
i64,Carissa Tsui,Palo Alto A,ess,0,0,0
i64,Carissa Tsui,Palo Alto A,overall,1,0,4
i64,Ranju Raghavan,Arnold O. Beckman A,chemistry,0,0,0
i64,Ranju Raghavan,Arnold O. Beckman A,math,0,0,0
i64,Ranju Raghavan,Arnold O. Beckman A,biology,0,0,0
i64,Ranju Raghavan,Arnold O. Beckman A,energy,0,0,0
i64,Ranju Raghavan,Arnold O. Beckman A,physics,0,0,0
i64,Ranju Raghavan,Arnold O. Beckman A,ess,0,0,0
i64,Ranju Raghavan,Arnold O. Beckman A,overall,0,0,0
i64,Aadhya Shenoy,Arnold O. Beckman A,chemistry,0,0,0
i64,Aadhya Shenoy,Arnold O. Beckman A,math,1,0,4
i64,Aadhya Shenoy,Arnold O. Beckman A,biology,0,1,-4
i64,Aadhya Shenoy,Arnold O. Beckman A,energy,0,0,0
i64,Aadhya Shenoy,Arnold O. Beckman A,physics,0,0,0
i64,Aadhya Shenoy,Arnold O. Beckman A,ess,0,0,0
i64,Aadhya Shenoy,Arnold O. Beckman A,overall,1,1,0
i64,Diego Pons,Arnold O. Beckman A,chemistry,0,0,0
i64,Diego Pons,Arnold O. Beckman A,math,0,0,0
i64,Diego Pons,Arnold O. Beckman A,biology,0,0,0
i64,Diego Pons,Arnold O. Beckman A,energy,1,0,4
i64,Diego Pons,Arnold O. Beckman A,physics,0,0,0
i64,Diego Pons,Arnold O. Beckman A,ess,1,0,4
i64,Diego Pons,Arnold O. Beckman A,overall,2,0,8
i64,Rohan Hablani,Arnold O. Beckman A,chemistry,0,0,0
i64,Rohan Hablani,Arnold O. Beckman A,math,1,0,4
i64,Rohan Hablani,Arnold O. Beckman A,biology,1,0,4
i64,Rohan Hablani,Arnold O. Beckman A,energy,0,0,0
i64,Rohan Hablani,Arnold O. Beckman A,physics,0,0,0
i64,Rohan Hablani,Arnold O. Beckman A,ess,0,0,0
i64,Rohan Hablani,Arnold O. Beckman A,overall,2,0,8
i65,Meghana Somu,Monta Vista B,chemistry,0,0,0
i65,Meghana Somu,Monta Vista B,math,0,0,0
i65,Meghana Somu,Monta Vista B,biology,0,0,0
i65,Meghana Somu,Monta Vista B,energy,0,0,0
i65,Meghana Somu,Monta Vista B,physics,0,0,0
i65,Meghana Somu,Monta Vista B,ess,0,0,0
i65,Meghana Somu,Monta Vista B,overall,0,0,0
i65,Aradhana Sekar,Monta Vista B,chemistry,0,0,0
i65,Aradhana Sekar,Monta Vista B,math,0,0,0
i65,Aradhana Sekar,Monta Vista B,biology,1,0,4
i65,Aradhana Sekar,Monta Vista B,energy,0,0,0
i65,Aradhana Sekar,Monta Vista B,physics,0,0,0
i65,Aradhana Sekar,Monta Vista B,ess,0,0,0
i65,Aradhana Sekar,Monta Vista B,overall,1,0,4
i65,Maya Pullara,Monta Vista B,chemistry,0,0,0
i65,Maya Pullara,Monta Vista B,math,0,0,0
i65,Maya Pullara,Monta Vista B,biology,0,0,0
i65,Maya Pullara,Monta Vista B,energy,0,0,0
i65,Maya Pullara,Monta Vista B,physics,0,0,0
i65,Maya Pullara,Monta Vista B,ess,0,0,0
i65,Maya Pullara,Monta Vista B,overall,0,0,0
i65,Nicholas Pantino,Monta Vista B,chemistry,0,0,0
i65,Nicholas Pantino,Monta Vista B,math,0,1,-4
i65,Nicholas Pantino,Monta Vista B,biology,0,0,0
i65,Nicholas Pantino,Monta Vista B,energy,0,0,0
i65,Nicholas Pantino,Monta Vista B,physics,0,0,0
i65,Nicholas Pantino,Monta Vista B,ess,0,0,0
i65,Nicholas Pantino,Monta Vista B,overall,0,1,-4
i65,Ivan Zhang,BASIS Independent A,chemistry,0,0,0
i65,Ivan Zhang,BASIS Independent A,math,0,0,0
i65,Ivan Zhang,BASIS Independent A,biology,0,0,0
i65,Ivan Zhang,BASIS Independent A,energy,0,0,0
i65,Ivan Zhang,BASIS Independent A,physics,0,0,0
i65,Ivan Zhang,BASIS Independent A,ess,1,0,4
i65,Ivan Zhang,BASIS Independent A,overall,1,0,4
i65,Sidhant Chaliha,BASIS Independent A,chemistry,2,0,8
i65,Sidhant Chaliha,BASIS Independent A,math,2,0,8
i65,Sidhant Chaliha,BASIS Independent A,biology,2,0,8
i65,Sidhant Chaliha,BASIS Independent A,energy,1,0,4
i65,Sidhant Chaliha,BASIS Independent A,physics,2,0,8
i65,Sidhant Chaliha,BASIS Independent A,ess,1,0,4
i65,Sidhant Chaliha,BASIS Independent A,overall,10,0,40
i65,Yueqian Zhang,BASIS Independent A,chemistry,0,0,0
i65,Yueqian Zhang,BASIS Independent A,math,1,0,4
i65,Yueqian Zhang,BASIS Independent A,biology,0,0,0
i65,Yueqian Zhang,BASIS Independent A,energy,0,0,0
i65,Yueqian Zhang,BASIS Independent A,physics,0,0,0
i65,Yueqian Zhang,BASIS Independent A,ess,0,0,0
i65,Yueqian Zhang,BASIS Independent A,overall,1,0,4
i65,Meryl Zhang,BASIS Independent A,chemistry,0,0,0
i65,Meryl Zhang,BASIS Independent A,math,0,0,0
i65,Meryl Zhang,BASIS Independent A,biology,0,0,0
i65,Meryl Zhang,BASIS Independent A,energy,1,0,4
i65,Meryl Zhang,BASIS Independent A,physics,0,0,0
i65,Meryl Zhang,BASIS Independent A,ess,0,0,0
i65,Meryl Zhang,BASIS Independent A,overall,1,0,4
i66,Samuel Wang,Lynbrook A,chemistry,0,0,0
i66,Samuel Wang,Lynbrook A,math,0,0,0
i66,Samuel Wang,Lynbrook A,biology,0,0,0
i66,Samuel Wang,Lynbrook A,energy,2,0,8
i66,Samuel Wang,Lynbrook A,physics,0,0,0
i66,Samuel Wang,Lynbrook A,ess,2,0,8
i66,Samuel Wang,Lynbrook A,overall,4,0,16
i66,Steve Yang,Lynbrook A,chemistry,1,0,4
i66,Steve Yang,Lynbrook A,math,0,0,0
i66,Steve Yang,Lynbrook A,biology,1,0,4
i66,Steve Yang,Lynbrook A,energy,0,0,0
i66,Steve Yang,Lynbrook A,physics,1,0,4
i66,Steve Yang,Lynbrook A,ess,0,0,0
i66,Steve Yang,Lynbrook A,overall,3,0,12
i66,Sohil Rathi,Lynbrook A,chemistry,1,0,4
i66,Sohil Rathi,Lynbrook A,math,1,1,0
i66,Sohil Rathi,Lynbrook A,biology,0,0,0
i66,Sohil Rathi,Lynbrook A,energy,0,0,0
i66,Sohil Rathi,Lynbrook A,physics,2,0,8
i66,Sohil Rathi,Lynbrook A,ess,0,0,0
i66,Sohil Rathi,Lynbrook A,overall,4,1,12
i66,Selena Yang,Lynbrook A,chemistry,0,0,0
i66,Selena Yang,Lynbrook A,math,0,0,0
i66,Selena Yang,Lynbrook A,biology,1,0,4
i66,Selena Yang,Lynbrook A,energy,0,1,-4
i66,Selena Yang,Lynbrook A,physics,0,0,0
i66,Selena Yang,Lynbrook A,ess,1,0,4
i66,Selena Yang,Lynbrook A,overall,2,1,4
i66,Larry Wu,Canyon Crest B,chemistry,0,0,0
i66,Larry Wu,Canyon Crest B,math,1,0,4
i66,Larry Wu,Canyon Crest B,biology,0,0,0
i66,Larry Wu,Canyon Crest B,energy,0,0,0
i66,Larry Wu,Canyon Crest B,physics,0,0,0
i66,Larry Wu,Canyon Crest B,ess,0,0,0
i66,Larry Wu,Canyon Crest B,overall,1,0,4
i66,Austin Xu,Canyon Crest B,chemistry,0,0,0
i66,Austin Xu,Canyon Crest B,math,1,0,4
i66,Austin Xu,Canyon Crest B,biology,1,0,4
i66,Austin Xu,Canyon Crest B,energy,0,1,-4
i66,Austin Xu,Canyon Crest B,physics,0,0,0
i66,Austin Xu,Canyon Crest B,ess,0,0,0
i66,Austin Xu,Canyon Crest B,overall,2,1,4
i66,Alex Backues,Canyon Crest B,chemistry,0,0,0
i66,Alex Backues,Canyon Crest B,math,0,0,0
i66,Alex Backues,Canyon Crest B,biology,0,0,0
i66,Alex Backues,Canyon Crest B,energy,0,0,0
i66,Alex Backues,Canyon Crest B,physics,0,0,0
i66,Alex Backues,Canyon Crest B,ess,0,0,0
i66,Alex Backues,Canyon Crest B,overall,0,0,0
i66,Ishank Kadadi,Canyon Crest B,chemistry,0,0,0
i66,Ishank Kadadi,Canyon Crest B,math,0,0,0
i66,Ishank Kadadi,Canyon Crest B,biology,1,0,4
i66,Ishank Kadadi,Canyon Crest B,energy,1,0,4
i66,Ishank Kadadi,Canyon Crest B,physics,0,0,0
i66,Ishank Kadadi,Canyon Crest B,ess,0,0,0
i66,Ishank Kadadi,Canyon Crest B,overall,2,0,8
i67,Rex Ouyang,California A,chemistry,0,0,0
i67,Rex Ouyang,California A,math,1,0,4
i67,Rex Ouyang,California A,biology,0,0,0
i67,Rex Ouyang,California A,energy,0,0,0
i67,Rex Ouyang,California A,physics,0,0,0
i67,Rex Ouyang,California A,ess,0,0,0
i67,Rex Ouyang,California A,overall,1,0,4
i67,Veerein Pala,California A,chemistry,0,0,0
i67,Veerein Pala,California A,math,0,0,0
i67,Veerein Pala,California A,biology,0,0,0
i67,Veerein Pala,California A,energy,0,0,0
i67,Veerein Pala,California A,physics,0,0,0
i67,Veerein Pala,California A,ess,0,0,0
i67,Veerein Pala,California A,overall,0,0,0
i67,Jax Milasincic,California A,chemistry,0,0,0
i67,Jax Milasincic,California A,math,0,0,0
i67,Jax Milasincic,California A,biology,1,0,4
i67,Jax Milasincic,California A,energy,0,0,0
i67,Jax Milasincic,California A,physics,1,0,4
i67,Jax Milasincic,California A,ess,0,0,0
i67,Jax Milasincic,California A,overall,2,0,8
i67,Jishnu Balaji,California A,chemistry,0,0,0
i67,Jishnu Balaji,California A,math,0,0,0
i67,Jishnu Balaji,California A,biology,1,0,4
i67,Jishnu Balaji,California A,energy,0,0,0
i67,Jishnu Balaji,California A,physics,0,0,0
i67,Jishnu Balaji,California A,ess,0,0,0
i67,Jishnu Balaji,California A,overall,1,0,4
i67,Sebastian Leung,Archbishop Mitty A,chemistry,1,0,4
i67,Sebastian Leung,Archbishop Mitty A,math,0,0,0
i67,Sebastian Leung,Archbishop Mitty A,biology,1,1,0
i67,Sebastian Leung,Archbishop Mitty A,energy,0,0,0
i67,Sebastian Leung,Archbishop Mitty A,physics,0,0,0
i67,Sebastian Leung,Archbishop Mitty A,ess,0,0,0
i67,Sebastian Leung,Archbishop Mitty A,overall,2,1,4
i67,Suyog Vibhuti,Archbishop Mitty A,chemistry,0,0,0
i67,Suyog Vibhuti,Archbishop Mitty A,math,0,0,0
i67,Suyog Vibhuti,Archbishop Mitty A,biology,0,0,0
i67,Suyog Vibhuti,Archbishop Mitty A,energy,2,0,8
i67,Suyog Vibhuti,Archbishop Mitty A,physics,1,0,4
i67,Suyog Vibhuti,Archbishop Mitty A,ess,2,0,8
i67,Suyog Vibhuti,Archbishop Mitty A,overall,5,0,20
i67,Mahit Karadigudda,Archbishop Mitty A,chemistry,0,0,0
i67,Mahit Karadigudda,Archbishop Mitty A,math,1,0,4
i67,Mahit Karadigudda,Archbishop Mitty A,biology,0,0,0
i67,Mahit Karadigudda,Archbishop Mitty A,energy,0,0,0
i67,Mahit Karadigudda,Archbishop Mitty A,physics,0,0,0
i67,Mahit Karadigudda,Archbishop Mitty A,ess,0,0,0
i67,Mahit Karadigudda,Archbishop Mitty A,overall,1,0,4
i67,Suvan Chauhan,Archbishop Mitty A,chemistry,0,0,0
i67,Suvan Chauhan,Archbishop Mitty A,math,0,1,-4
i67,Suvan Chauhan,Archbishop Mitty A,biology,0,0,0
i67,Suvan Chauhan,Archbishop Mitty A,energy,0,0,0
i67,Suvan Chauhan,Archbishop Mitty A,physics,0,0,0
i67,Suvan Chauhan,Archbishop Mitty A,ess,1,0,4
i67,Suvan Chauhan,Archbishop Mitty A,overall,1,1,0
i67,Mukund Senthil Kumar,California A,ess,0,0,0
i67,Mukund Senthil Kumar,California A,chemistry,0,0,0
i67,Mukund Senthil Kumar,California A,biology,0,0,0
i67,Mukund Senthil Kumar,California A,physics,0,0,0
i67,Mukund Senthil Kumar,California A,energy,0,0,0
i67,Mukund Senthil Kumar,California A,math,0,0,0
i67,Mukund Senthil Kumar,California A,overall,0,0,0
i68,Roshan Annamalai,Mission San Jose A,chemistry,1,0,4
i68,Roshan Annamalai,Mission San Jose A,math,0,1,-4
i68,Roshan Annamalai,Mission San Jose A,biology,0,0,0
i68,Roshan Annamalai,Mission San Jose A,energy,1,0,4
i68,Roshan Annamalai,Mission San Jose A,physics,1,0,4
i68,Roshan Annamalai,Mission San Jose A,ess,2,0,8
i68,Roshan Annamalai,Mission San Jose A,overall,5,1,16
i68,Jeffrey Li,Mission San Jose A,chemistry,0,0,0
i68,Jeffrey Li,Mission San Jose A,math,1,0,4
i68,Jeffrey Li,Mission San Jose A,biology,0,0,0
i68,Jeffrey Li,Mission San Jose A,energy,0,0,0
i68,Jeffrey Li,Mission San Jose A,physics,0,0,0
i68,Jeffrey Li,Mission San Jose A,ess,0,0,0
i68,Jeffrey Li,Mission San Jose A,overall,1,0,4
i68,Gokulanath Mahesh Kumar,Mission San Jose A,chemistry,0,0,0
i68,Gokulanath Mahesh Kumar,Mission San Jose A,math,0,0,0
i68,Gokulanath Mahesh Kumar,Mission San Jose A,biology,2,1,4
i68,Gokulanath Mahesh Kumar,Mission San Jose A,energy,1,0,4
i68,Gokulanath Mahesh Kumar,Mission San Jose A,physics,0,0,0
i68,Gokulanath Mahesh Kumar,Mission San Jose A,ess,0,0,0
i68,Gokulanath Mahesh Kumar,Mission San Jose A,overall,3,1,8
i68,Annie Xu,Mission San Jose A,chemistry,0,0,0
i68,Annie Xu,Mission San Jose A,math,0,0,0
i68,Annie Xu,Mission San Jose A,biology,0,0,0
i68,Annie Xu,Mission San Jose A,energy,0,0,0
i68,Annie Xu,Mission San Jose A,physics,0,0,0
i68,Annie Xu,Mission San Jose A,ess,0,0,0
i68,Annie Xu,Mission San Jose A,overall,0,0,0
i68,Shripriya Kalbhavi,Lynbrook C,chemistry,0,0,0
i68,Shripriya Kalbhavi,Lynbrook C,math,0,0,0
i68,Shripriya Kalbhavi,Lynbrook C,biology,2,0,8
i68,Shripriya Kalbhavi,Lynbrook C,energy,1,0,4
i68,Shripriya Kalbhavi,Lynbrook C,physics,0,0,0
i68,Shripriya Kalbhavi,Lynbrook C,ess,0,0,0
i68,Shripriya Kalbhavi,Lynbrook C,overall,3,0,12
i68,Thomas Wu,Lynbrook C,chemistry,0,0,0
i68,Thomas Wu,Lynbrook C,math,0,0,0
i68,Thomas Wu,Lynbrook C,biology,0,0,0
i68,Thomas Wu,Lynbrook C,energy,0,0,0
i68,Thomas Wu,Lynbrook C,physics,0,0,0
i68,Thomas Wu,Lynbrook C,ess,1,1,0
i68,Thomas Wu,Lynbrook C,overall,1,1,0
i68,Evan Liu,Lynbrook C,chemistry,2,0,8
i68,Evan Liu,Lynbrook C,math,0,0,0
i68,Evan Liu,Lynbrook C,biology,0,0,0
i68,Evan Liu,Lynbrook C,energy,0,0,0
i68,Evan Liu,Lynbrook C,physics,0,0,0
i68,Evan Liu,Lynbrook C,ess,0,0,0
i68,Evan Liu,Lynbrook C,overall,2,0,8
i68,Matthew Yuan,Lynbrook C,chemistry,0,0,0
i68,Matthew Yuan,Lynbrook C,math,2,0,8
i68,Matthew Yuan,Lynbrook C,biology,0,0,0
i68,Matthew Yuan,Lynbrook C,energy,0,0,0
i68,Matthew Yuan,Lynbrook C,physics,0,0,0
i68,Matthew Yuan,Lynbrook C,ess,0,0,0
i68,Matthew Yuan,Lynbrook C,overall,2,0,8
i68,Advaith Mopuri,Mission San Jose A,energy,0,0,0
i68,Advaith Mopuri,Mission San Jose A,ess,0,0,0
i68,Advaith Mopuri,Mission San Jose A,chemistry,0,0,0
i68,Advaith Mopuri,Mission San Jose A,biology,0,0,0
i68,Advaith Mopuri,Mission San Jose A,physics,0,0,0
i68,Advaith Mopuri,Mission San Jose A,math,0,0,0
i68,Advaith Mopuri,Mission San Jose A,overall,0,0,0
i69,Garen Yang,Abraham Lincoln,chemistry,0,0,0
i69,Garen Yang,Abraham Lincoln,math,0,0,0
i69,Garen Yang,Abraham Lincoln,biology,0,0,0
i69,Garen Yang,Abraham Lincoln,energy,0,0,0
i69,Garen Yang,Abraham Lincoln,physics,0,0,0
i69,Garen Yang,Abraham Lincoln,ess,0,0,0
i69,Garen Yang,Abraham Lincoln,overall,0,0,0
i69,Shridavi Raghavan,Abraham Lincoln,chemistry,0,0,0
i69,Shridavi Raghavan,Abraham Lincoln,math,0,0,0
i69,Shridavi Raghavan,Abraham Lincoln,biology,2,0,8
i69,Shridavi Raghavan,Abraham Lincoln,energy,0,0,0
i69,Shridavi Raghavan,Abraham Lincoln,physics,0,0,0
i69,Shridavi Raghavan,Abraham Lincoln,ess,0,0,0
i69,Shridavi Raghavan,Abraham Lincoln,overall,2,0,8
i69,Kyle Li,Abraham Lincoln,chemistry,1,0,4
i69,Kyle Li,Abraham Lincoln,math,0,0,0
i69,Kyle Li,Abraham Lincoln,biology,0,0,0
i69,Kyle Li,Abraham Lincoln,energy,1,0,4
i69,Kyle Li,Abraham Lincoln,physics,0,0,0
i69,Kyle Li,Abraham Lincoln,ess,0,0,0
i69,Kyle Li,Abraham Lincoln,overall,2,0,8
i69,Steven Su,Abraham Lincoln,chemistry,0,0,0
i69,Steven Su,Abraham Lincoln,math,0,0,0
i69,Steven Su,Abraham Lincoln,biology,0,0,0
i69,Steven Su,Abraham Lincoln,energy,0,0,0
i69,Steven Su,Abraham Lincoln,physics,0,0,0
i69,Steven Su,Abraham Lincoln,ess,0,0,0
i69,Steven Su,Abraham Lincoln,overall,0,0,0
i69,Willis Chung,Saratoga,chemistry,0,0,0
i69,Willis Chung,Saratoga,math,0,0,0
i69,Willis Chung,Saratoga,biology,0,0,0
i69,Willis Chung,Saratoga,energy,0,0,0
i69,Willis Chung,Saratoga,physics,0,0,0
i69,Willis Chung,Saratoga,ess,0,0,0
i69,Willis Chung,Saratoga,overall,0,0,0
i69,Skyler Mao,Saratoga,chemistry,1,0,4
i69,Skyler Mao,Saratoga,math,2,0,8
i69,Skyler Mao,Saratoga,biology,1,0,4
i69,Skyler Mao,Saratoga,energy,1,0,4
i69,Skyler Mao,Saratoga,physics,1,0,4
i69,Skyler Mao,Saratoga,ess,2,1,4
i69,Skyler Mao,Saratoga,overall,8,1,28
i69,Alan Cai,Saratoga,chemistry,0,0,0
i69,Alan Cai,Saratoga,math,0,0,0
i69,Alan Cai,Saratoga,biology,0,1,-4
i69,Alan Cai,Saratoga,energy,0,0,0
i69,Alan Cai,Saratoga,physics,1,0,4
i69,Alan Cai,Saratoga,ess,0,0,0
i69,Alan Cai,Saratoga,overall,1,1,0
i69,Alex Ge,Saratoga,chemistry,0,0,0
i69,Alex Ge,Saratoga,math,0,0,0
i69,Alex Ge,Saratoga,biology,0,0,0
i69,Alex Ge,Saratoga,energy,1,0,4
i69,Alex Ge,Saratoga,physics,0,0,0
i69,Alex Ge,Saratoga,ess,0,0,0
i69,Alex Ge,Saratoga,overall,1,0,4
i69,Miranda Feng Cai,Abraham Lincoln,energy,0,0,0
i69,Miranda Feng Cai,Abraham Lincoln,ess,0,0,0
i69,Miranda Feng Cai,Abraham Lincoln,chemistry,0,0,0
i69,Miranda Feng Cai,Abraham Lincoln,biology,0,0,0
i69,Miranda Feng Cai,Abraham Lincoln,physics,0,0,0
i69,Miranda Feng Cai,Abraham Lincoln,math,0,0,0
i69,Miranda Feng Cai,Abraham Lincoln,overall,0,0,0
i69,Warren Chee,Saratoga,energy,0,0,0
i69,Warren Chee,Saratoga,ess,1,0,4
i69,Warren Chee,Saratoga,chemistry,0,0,0
i69,Warren Chee,Saratoga,biology,0,0,0
i69,Warren Chee,Saratoga,physics,0,0,0
i69,Warren Chee,Saratoga,math,0,0,0
i69,Warren Chee,Saratoga,overall,1,0,4
i70,Nishanth Karanam,Mira Loma B,chemistry,0,0,0
i70,Nishanth Karanam,Mira Loma B,math,0,0,0
i70,Nishanth Karanam,Mira Loma B,biology,0,0,0
i70,Nishanth Karanam,Mira Loma B,energy,1,0,4
i70,Nishanth Karanam,Mira Loma B,physics,0,0,0
i70,Nishanth Karanam,Mira Loma B,ess,2,0,8
i70,Nishanth Karanam,Mira Loma B,overall,3,0,12
i70,Benjamin Mark,Mira Loma B,chemistry,0,0,0
i70,Benjamin Mark,Mira Loma B,math,0,0,0
i70,Benjamin Mark,Mira Loma B,biology,0,0,0
i70,Benjamin Mark,Mira Loma B,energy,0,0,0
i70,Benjamin Mark,Mira Loma B,physics,0,0,0
i70,Benjamin Mark,Mira Loma B,ess,0,0,0
i70,Benjamin Mark,Mira Loma B,overall,0,0,0
i70,Ashrith Beeravelli,Mira Loma B,chemistry,1,1,0
i70,Ashrith Beeravelli,Mira Loma B,math,0,0,0
i70,Ashrith Beeravelli,Mira Loma B,biology,1,0,4
i70,Ashrith Beeravelli,Mira Loma B,energy,0,0,0
i70,Ashrith Beeravelli,Mira Loma B,physics,2,0,8
i70,Ashrith Beeravelli,Mira Loma B,ess,1,0,4
i70,Ashrith Beeravelli,Mira Loma B,overall,5,1,16
i70,Vishwas Charan,Mira Loma B,chemistry,0,0,0
i70,Vishwas Charan,Mira Loma B,math,1,0,4
i70,Vishwas Charan,Mira Loma B,biology,0,0,0
i70,Vishwas Charan,Mira Loma B,energy,0,0,0
i70,Vishwas Charan,Mira Loma B,physics,0,0,0
i70,Vishwas Charan,Mira Loma B,ess,0,0,0
i70,Vishwas Charan,Mira Loma B,overall,1,0,4
i70,Krishay Garg,American A,chemistry,1,0,4
i70,Krishay Garg,American A,math,0,0,0
i70,Krishay Garg,American A,biology,0,0,0
i70,Krishay Garg,American A,energy,0,0,0
i70,Krishay Garg,American A,physics,0,0,0
i70,Krishay Garg,American A,ess,0,0,0
i70,Krishay Garg,American A,overall,1,0,4
i70,Stavya Gaonkar,American A,chemistry,0,0,0
i70,Stavya Gaonkar,American A,math,1,0,4
i70,Stavya Gaonkar,American A,biology,2,0,8
i70,Stavya Gaonkar,American A,energy,0,0,0
i70,Stavya Gaonkar,American A,physics,0,0,0
i70,Stavya Gaonkar,American A,ess,0,0,0
i70,Stavya Gaonkar,American A,overall,3,0,12
i70,Amaan Mohammad,American A,chemistry,0,0,0
i70,Amaan Mohammad,American A,math,0,0,0
i70,Amaan Mohammad,American A,biology,0,0,0
i70,Amaan Mohammad,American A,energy,1,0,4
i70,Amaan Mohammad,American A,physics,0,0,0
i70,Amaan Mohammad,American A,ess,1,0,4
i70,Amaan Mohammad,American A,overall,2,0,8
i70,Ayati Vyas,American A,chemistry,0,0,0
i70,Ayati Vyas,American A,math,0,0,0
i70,Ayati Vyas,American A,biology,0,0,0
i70,Ayati Vyas,American A,energy,0,0,0
i70,Ayati Vyas,American A,physics,0,0,0
i70,Ayati Vyas,American A,ess,0,0,0
i70,Ayati Vyas,American A,overall,0,0,0
i70,Kapilan Karunakaran,Mira Loma B,biology,0,0,0
i70,Kapilan Karunakaran,Mira Loma B,energy,0,0,0
i70,Kapilan Karunakaran,Mira Loma B,ess,0,0,0
i70,Kapilan Karunakaran,Mira Loma B,chemistry,0,0,0
i70,Kapilan Karunakaran,Mira Loma B,physics,0,0,0
i70,Kapilan Karunakaran,Mira Loma B,math,0,0,0
i70,Kapilan Karunakaran,Mira Loma B,overall,0,0,0
i71,Henry Lai,Dougherty Valley B,chemistry,0,0,0
i71,Henry Lai,Dougherty Valley B,math,0,0,0
i71,Henry Lai,Dougherty Valley B,biology,0,0,0
i71,Henry Lai,Dougherty Valley B,energy,0,0,0
i71,Henry Lai,Dougherty Valley B,physics,0,0,0
i71,Henry Lai,Dougherty Valley B,ess,0,0,0
i71,Henry Lai,Dougherty Valley B,overall,0,0,0
i71,Victoria Xu,Dougherty Valley B,chemistry,0,0,0
i71,Victoria Xu,Dougherty Valley B,math,0,0,0
i71,Victoria Xu,Dougherty Valley B,biology,0,0,0
i71,Victoria Xu,Dougherty Valley B,energy,0,0,0
i71,Victoria Xu,Dougherty Valley B,physics,0,0,0
i71,Victoria Xu,Dougherty Valley B,ess,1,0,4
i71,Victoria Xu,Dougherty Valley B,overall,1,0,4
i71,Varun Challa,Dougherty Valley B,chemistry,0,0,0
i71,Varun Challa,Dougherty Valley B,math,0,0,0
i71,Varun Challa,Dougherty Valley B,biology,0,0,0
i71,Varun Challa,Dougherty Valley B,energy,0,0,0
i71,Varun Challa,Dougherty Valley B,physics,0,0,0
i71,Varun Challa,Dougherty Valley B,ess,1,0,4
i71,Varun Challa,Dougherty Valley B,overall,1,0,4
i71,Jayden Lee,Dougherty Valley B,chemistry,0,0,0
i71,Jayden Lee,Dougherty Valley B,math,0,0,0
i71,Jayden Lee,Dougherty Valley B,biology,0,0,0
i71,Jayden Lee,Dougherty Valley B,energy,0,0,0
i71,Jayden Lee,Dougherty Valley B,physics,0,0,0
i71,Jayden Lee,Dougherty Valley B,ess,0,0,0
i71,Jayden Lee,Dougherty Valley B,overall,0,0,0
i71,Jake Wang,Cupertino A,chemistry,1,0,4
i71,Jake Wang,Cupertino A,math,0,0,0
i71,Jake Wang,Cupertino A,biology,0,0,0
i71,Jake Wang,Cupertino A,energy,1,0,4
i71,Jake Wang,Cupertino A,physics,3,0,12
i71,Jake Wang,Cupertino A,ess,2,1,4
i71,Jake Wang,Cupertino A,overall,7,1,24
i71,Aaditya Karnataki,Cupertino A,chemistry,0,0,0
i71,Aaditya Karnataki,Cupertino A,math,1,0,4
i71,Aaditya Karnataki,Cupertino A,biology,2,0,8
i71,Aaditya Karnataki,Cupertino A,energy,2,0,8
i71,Aaditya Karnataki,Cupertino A,physics,0,0,0
i71,Aaditya Karnataki,Cupertino A,ess,0,0,0
i71,Aaditya Karnataki,Cupertino A,overall,5,0,20
i71,Minseo Park,Cupertino A,chemistry,1,0,4
i71,Minseo Park,Cupertino A,math,1,0,4
i71,Minseo Park,Cupertino A,biology,1,0,4
i71,Minseo Park,Cupertino A,energy,0,0,0
i71,Minseo Park,Cupertino A,physics,0,0,0
i71,Minseo Park,Cupertino A,ess,0,0,0
i71,Minseo Park,Cupertino A,overall,3,0,12
i71,Aditi Gargeshwari,Cupertino A,chemistry,0,0,0
i71,Aditi Gargeshwari,Cupertino A,math,1,0,4
i71,Aditi Gargeshwari,Cupertino A,biology,0,0,0
i71,Aditi Gargeshwari,Cupertino A,energy,0,0,0
i71,Aditi Gargeshwari,Cupertino A,physics,0,0,0
i71,Aditi Gargeshwari,Cupertino A,ess,0,0,0
i71,Aditi Gargeshwari,Cupertino A,overall,1,0,4
i72,Arnava Bharadwaja,American B,chemistry,0,0,0
i72,Arnava Bharadwaja,American B,math,0,0,0
i72,Arnava Bharadwaja,American B,biology,0,0,0
i72,Arnava Bharadwaja,American B,energy,0,0,0
i72,Arnava Bharadwaja,American B,physics,0,0,0
i72,Arnava Bharadwaja,American B,ess,0,0,0
i72,Arnava Bharadwaja,American B,overall,0,0,0
i72,Ryan Manocha,American B,chemistry,0,0,0
i72,Ryan Manocha,American B,math,0,0,0
i72,Ryan Manocha,American B,biology,0,0,0
i72,Ryan Manocha,American B,energy,0,0,0
i72,Ryan Manocha,American B,physics,0,0,0
i72,Ryan Manocha,American B,ess,0,1,-4
i72,Ryan Manocha,American B,overall,0,1,-4
i72,Vishruth Dinesh,American B,chemistry,1,0,4
i72,Vishruth Dinesh,American B,math,0,0,0
i72,Vishruth Dinesh,American B,biology,1,0,4
i72,Vishruth Dinesh,American B,energy,1,0,4
i72,Vishruth Dinesh,American B,physics,0,0,0
i72,Vishruth Dinesh,American B,ess,0,0,0
i72,Vishruth Dinesh,American B,overall,3,0,12
i72,Nikhil Sinha,American B,chemistry,0,0,0
i72,Nikhil Sinha,American B,math,2,0,8
i72,Nikhil Sinha,American B,biology,0,0,0
i72,Nikhil Sinha,American B,energy,0,0,0
i72,Nikhil Sinha,American B,physics,0,0,0
i72,Nikhil Sinha,American B,ess,1,0,4
i72,Nikhil Sinha,American B,overall,3,0,12
i72,Sreekar Sreeram,Foothill A,chemistry,0,0,0
i72,Sreekar Sreeram,Foothill A,math,0,0,0
i72,Sreekar Sreeram,Foothill A,biology,0,0,0
i72,Sreekar Sreeram,Foothill A,energy,0,0,0
i72,Sreekar Sreeram,Foothill A,physics,0,0,0
i72,Sreekar Sreeram,Foothill A,ess,0,1,-4
i72,Sreekar Sreeram,Foothill A,overall,0,1,-4
i72,Lakshanya Palani,Foothill A,chemistry,0,0,0
i72,Lakshanya Palani,Foothill A,math,0,0,0
i72,Lakshanya Palani,Foothill A,biology,1,0,4
i72,Lakshanya Palani,Foothill A,energy,0,0,0
i72,Lakshanya Palani,Foothill A,physics,0,0,0
i72,Lakshanya Palani,Foothill A,ess,0,0,0
i72,Lakshanya Palani,Foothill A,overall,1,0,4
i72,Jake Nguyen,Foothill A,chemistry,1,0,4
i72,Jake Nguyen,Foothill A,math,0,0,0
i72,Jake Nguyen,Foothill A,biology,0,0,0
i72,Jake Nguyen,Foothill A,energy,0,0,0
i72,Jake Nguyen,Foothill A,physics,0,0,0
i72,Jake Nguyen,Foothill A,ess,0,0,0
i72,Jake Nguyen,Foothill A,overall,1,0,4
i72,Harini Penumuchu,Foothill A,chemistry,0,0,0
i72,Harini Penumuchu,Foothill A,math,0,0,0
i72,Harini Penumuchu,Foothill A,biology,0,0,0
i72,Harini Penumuchu,Foothill A,energy,0,0,0
i72,Harini Penumuchu,Foothill A,physics,0,0,0
i72,Harini Penumuchu,Foothill A,ess,0,0,0
i72,Harini Penumuchu,Foothill A,overall,0,0,0
i72,Mahesh Karthikeyan,American B,ess,0,0,0
i72,Mahesh Karthikeyan,American B,biology,0,0,0
i72,Mahesh Karthikeyan,American B,physics,0,0,0
i72,Mahesh Karthikeyan,American B,energy,0,0,0
i72,Mahesh Karthikeyan,American B,math,0,0,0
i72,Mahesh Karthikeyan,American B,chemistry,0,0,0
i72,Mahesh Karthikeyan,American B,overall,0,0,0
i72,Sahil Deshmukh,Foothill A,ess,0,0,0
i72,Sahil Deshmukh,Foothill A,biology,0,0,0
i72,Sahil Deshmukh,Foothill A,physics,1,0,4
i72,Sahil Deshmukh,Foothill A,energy,0,0,0
i72,Sahil Deshmukh,Foothill A,math,0,0,0
i72,Sahil Deshmukh,Foothill A,chemistry,0,0,0
i72,Sahil Deshmukh,Foothill A,overall,1,0,4
i73,Yash Madireddy,BASIS Independent B,chemistry,0,0,0
i73,Yash Madireddy,BASIS Independent B,ess,0,0,0
i73,Yash Madireddy,BASIS Independent B,math,0,0,0
i73,Yash Madireddy,BASIS Independent B,physics,0,0,0
i73,Yash Madireddy,BASIS Independent B,energy,0,0,0
i73,Yash Madireddy,BASIS Independent B,biology,0,0,0
i73,Yash Madireddy,BASIS Independent B,overall,0,0,0
i73,Brady Yang,BASIS Independent B,chemistry,2,0,8
i73,Brady Yang,BASIS Independent B,ess,0,0,0
i73,Brady Yang,BASIS Independent B,math,0,0,0
i73,Brady Yang,BASIS Independent B,physics,0,0,0
i73,Brady Yang,BASIS Independent B,energy,0,0,0
i73,Brady Yang,BASIS Independent B,biology,0,0,0
i73,Brady Yang,BASIS Independent B,overall,2,0,8
i73,Aya Ahmad,BASIS Independent B,chemistry,0,0,0
i73,Aya Ahmad,BASIS Independent B,ess,1,0,4
i73,Aya Ahmad,BASIS Independent B,math,0,0,0
i73,Aya Ahmad,BASIS Independent B,physics,0,0,0
i73,Aya Ahmad,BASIS Independent B,energy,0,0,0
i73,Aya Ahmad,BASIS Independent B,biology,1,0,4
i73,Aya Ahmad,BASIS Independent B,overall,2,0,8
i73,Ashlee Zhou,BASIS Independent B,chemistry,0,0,0
i73,Ashlee Zhou,BASIS Independent B,ess,0,0,0
i73,Ashlee Zhou,BASIS Independent B,math,0,0,0
i73,Ashlee Zhou,BASIS Independent B,physics,0,0,0
i73,Ashlee Zhou,BASIS Independent B,energy,0,0,0
i73,Ashlee Zhou,BASIS Independent B,biology,0,0,0
i73,Ashlee Zhou,BASIS Independent B,overall,0,0,0
i73,William Zhao,Dougherty Valley A,chemistry,0,0,0
i73,William Zhao,Dougherty Valley A,ess,1,0,4
i73,William Zhao,Dougherty Valley A,math,3,0,12
i73,William Zhao,Dougherty Valley A,physics,4,0,16
i73,William Zhao,Dougherty Valley A,energy,0,0,0
i73,William Zhao,Dougherty Valley A,biology,0,0,0
i73,William Zhao,Dougherty Valley A,overall,8,0,32
i73,Pleban Mishra,Dougherty Valley A,chemistry,1,0,4
i73,Pleban Mishra,Dougherty Valley A,ess,0,0,0
i73,Pleban Mishra,Dougherty Valley A,math,0,0,0
i73,Pleban Mishra,Dougherty Valley A,physics,0,0,0
i73,Pleban Mishra,Dougherty Valley A,energy,0,0,0
i73,Pleban Mishra,Dougherty Valley A,biology,0,0,0
i73,Pleban Mishra,Dougherty Valley A,overall,1,0,4
i73,Akshaj Challa,Dougherty Valley A,chemistry,0,0,0
i73,Akshaj Challa,Dougherty Valley A,ess,0,0,0
i73,Akshaj Challa,Dougherty Valley A,math,0,0,0
i73,Akshaj Challa,Dougherty Valley A,physics,0,0,0
i73,Akshaj Challa,Dougherty Valley A,energy,1,0,4
i73,Akshaj Challa,Dougherty Valley A,biology,1,0,4
i73,Akshaj Challa,Dougherty Valley A,overall,2,0,8
i73,Anthony Wei,Dougherty Valley A,chemistry,0,0,0
i73,Anthony Wei,Dougherty Valley A,ess,0,0,0
i73,Anthony Wei,Dougherty Valley A,math,0,0,0
i73,Anthony Wei,Dougherty Valley A,physics,0,0,0
i73,Anthony Wei,Dougherty Valley A,energy,1,0,4
i73,Anthony Wei,Dougherty Valley A,biology,1,0,4
i73,Anthony Wei,Dougherty Valley A,overall,2,0,8
i74,Hannah Bowman,Stanford Online,chemistry,0,0,0
i74,Hannah Bowman,Stanford Online,ess,0,0,0
i74,Hannah Bowman,Stanford Online,math,0,0,0
i74,Hannah Bowman,Stanford Online,physics,1,0,4
i74,Hannah Bowman,Stanford Online,energy,0,0,0
i74,Hannah Bowman,Stanford Online,biology,1,0,4
i74,Hannah Bowman,Stanford Online,overall,2,0,8
i74,Nathan Bowman,Stanford Online,chemistry,1,0,4
i74,Nathan Bowman,Stanford Online,ess,0,0,0
i74,Nathan Bowman,Stanford Online,math,0,0,0
i74,Nathan Bowman,Stanford Online,physics,0,0,0
i74,Nathan Bowman,Stanford Online,energy,0,0,0
i74,Nathan Bowman,Stanford Online,biology,0,0,0
i74,Nathan Bowman,Stanford Online,overall,1,0,4
i74,Keshav Narang,Stanford Online,chemistry,2,0,8
i74,Keshav Narang,Stanford Online,ess,1,0,4
i74,Keshav Narang,Stanford Online,math,0,0,0
i74,Keshav Narang,Stanford Online,physics,0,0,0
i74,Keshav Narang,Stanford Online,energy,0,0,0
i74,Keshav Narang,Stanford Online,biology,0,0,0
i74,Keshav Narang,Stanford Online,overall,3,0,12
i74,Joshua Tittiranonda,Stanford Online,chemistry,0,0,0
i74,Joshua Tittiranonda,Stanford Online,ess,0,0,0
i74,Joshua Tittiranonda,Stanford Online,math,0,0,0
i74,Joshua Tittiranonda,Stanford Online,physics,0,0,0
i74,Joshua Tittiranonda,Stanford Online,energy,1,1,0
i74,Joshua Tittiranonda,Stanford Online,biology,0,0,0
i74,Joshua Tittiranonda,Stanford Online,overall,1,1,0
i74,Jonathan Yuen,Palo Alto B,chemistry,0,0,0
i74,Jonathan Yuen,Palo Alto B,ess,1,0,4
i74,Jonathan Yuen,Palo Alto B,math,0,0,0
i74,Jonathan Yuen,Palo Alto B,physics,0,0,0
i74,Jonathan Yuen,Palo Alto B,energy,0,0,0
i74,Jonathan Yuen,Palo Alto B,biology,2,0,8
i74,Jonathan Yuen,Palo Alto B,overall,3,0,12
i74,Inhoo Chang,Palo Alto B,chemistry,0,0,0
i74,Inhoo Chang,Palo Alto B,ess,0,0,0
i74,Inhoo Chang,Palo Alto B,math,0,0,0
i74,Inhoo Chang,Palo Alto B,physics,1,0,4
i74,Inhoo Chang,Palo Alto B,energy,0,0,0
i74,Inhoo Chang,Palo Alto B,biology,0,0,0
i74,Inhoo Chang,Palo Alto B,overall,1,0,4
i74,Allie Jackson,Palo Alto B,chemistry,0,0,0
i74,Allie Jackson,Palo Alto B,ess,0,0,0
i74,Allie Jackson,Palo Alto B,math,0,0,0
i74,Allie Jackson,Palo Alto B,physics,0,0,0
i74,Allie Jackson,Palo Alto B,energy,0,0,0
i74,Allie Jackson,Palo Alto B,biology,0,0,0
i74,Allie Jackson,Palo Alto B,overall,0,0,0
i74,Jeremy Yuen,Palo Alto B,chemistry,0,0,0
i74,Jeremy Yuen,Palo Alto B,ess,2,0,8
i74,Jeremy Yuen,Palo Alto B,math,0,0,0
i74,Jeremy Yuen,Palo Alto B,physics,0,0,0
i74,Jeremy Yuen,Palo Alto B,energy,0,0,0
i74,Jeremy Yuen,Palo Alto B,biology,0,0,0
i74,Jeremy Yuen,Palo Alto B,overall,2,0,8
i74,Andrew Wang,Palo Alto B,energy,0,0,0
i74,Andrew Wang,Palo Alto B,biology,0,0,0
i74,Andrew Wang,Palo Alto B,ess,0,0,0
i74,Andrew Wang,Palo Alto B,chemistry,0,0,0
i74,Andrew Wang,Palo Alto B,math,0,0,0
i74,Andrew Wang,Palo Alto B,physics,1,0,4
i74,Andrew Wang,Palo Alto B,overall,1,0,4
i75,Aniket Mangalampalli,Mission San Jose B,chemistry,0,0,0
i75,Aniket Mangalampalli,Mission San Jose B,ess,0,0,0
i75,Aniket Mangalampalli,Mission San Jose B,math,1,0,4
i75,Aniket Mangalampalli,Mission San Jose B,physics,0,0,0
i75,Aniket Mangalampalli,Mission San Jose B,energy,0,0,0
i75,Aniket Mangalampalli,Mission San Jose B,biology,0,0,0
i75,Aniket Mangalampalli,Mission San Jose B,overall,1,0,4
i75,Arnav Gupta,Mission San Jose B,chemistry,0,0,0
i75,Arnav Gupta,Mission San Jose B,ess,0,0,0
i75,Arnav Gupta,Mission San Jose B,math,0,0,0
i75,Arnav Gupta,Mission San Jose B,physics,0,0,0
i75,Arnav Gupta,Mission San Jose B,energy,0,0,0
i75,Arnav Gupta,Mission San Jose B,biology,0,0,0
i75,Arnav Gupta,Mission San Jose B,overall,0,0,0
i75,Daniel Liu,Mission San Jose B,chemistry,0,0,0
i75,Daniel Liu,Mission San Jose B,ess,0,0,0
i75,Daniel Liu,Mission San Jose B,math,0,0,0
i75,Daniel Liu,Mission San Jose B,physics,0,0,0
i75,Daniel Liu,Mission San Jose B,energy,0,0,0
i75,Daniel Liu,Mission San Jose B,biology,0,0,0
i75,Daniel Liu,Mission San Jose B,overall,0,0,0
i75,Theenash Sengupta,Mission San Jose B,chemistry,2,0,8
i75,Theenash Sengupta,Mission San Jose B,ess,1,0,4
i75,Theenash Sengupta,Mission San Jose B,math,0,0,0
i75,Theenash Sengupta,Mission San Jose B,physics,0,1,-4
i75,Theenash Sengupta,Mission San Jose B,energy,3,0,12
i75,Theenash Sengupta,Mission San Jose B,biology,4,0,16
i75,Theenash Sengupta,Mission San Jose B,overall,10,1,36
i75,Anirudh Kannan,Saint Francis,chemistry,0,0,0
i75,Anirudh Kannan,Saint Francis,ess,0,0,0
i75,Anirudh Kannan,Saint Francis,math,0,0,0
i75,Anirudh Kannan,Saint Francis,physics,2,0,8
i75,Anirudh Kannan,Saint Francis,energy,0,0,0
i75,Anirudh Kannan,Saint Francis,biology,0,0,0
i75,Anirudh Kannan,Saint Francis,overall,2,0,8
i75,Ishan Pachauri,Saint Francis,chemistry,2,0,8
i75,Ishan Pachauri,Saint Francis,ess,1,0,4
i75,Ishan Pachauri,Saint Francis,math,0,0,0
i75,Ishan Pachauri,Saint Francis,physics,1,0,4
i75,Ishan Pachauri,Saint Francis,energy,0,0,0
i75,Ishan Pachauri,Saint Francis,biology,0,0,0
i75,Ishan Pachauri,Saint Francis,overall,4,0,16
i75,Alexander Xia,Saint Francis,chemistry,0,0,0
i75,Alexander Xia,Saint Francis,ess,0,0,0
i75,Alexander Xia,Saint Francis,math,1,0,4
i75,Alexander Xia,Saint Francis,physics,0,0,0
i75,Alexander Xia,Saint Francis,energy,0,0,0
i75,Alexander Xia,Saint Francis,biology,0,0,0
i75,Alexander Xia,Saint Francis,overall,1,0,4
i75,Viyan Dabke,Saint Francis,chemistry,0,0,0
i75,Viyan Dabke,Saint Francis,ess,1,0,4
i75,Viyan Dabke,Saint Francis,math,0,0,0
i75,Viyan Dabke,Saint Francis,physics,0,0,0
i75,Viyan Dabke,Saint Francis,energy,0,0,0
i75,Viyan Dabke,Saint Francis,biology,0,0,0
i75,Viyan Dabke,Saint Francis,overall,1,0,4
i75,Advai Srinivasan,Mission San Jose B,chemistry,0,0,0
i75,Advai Srinivasan,Mission San Jose B,energy,0,0,0
i75,Advai Srinivasan,Mission San Jose B,biology,0,0,0
i75,Advai Srinivasan,Mission San Jose B,ess,0,1,-4
i75,Advai Srinivasan,Mission San Jose B,math,0,0,0
i75,Advai Srinivasan,Mission San Jose B,physics,0,0,0
i75,Advai Srinivasan,Mission San Jose B,overall,0,1,-4
i76,Spencer Fang,Amador Valley A,chemistry,0,0,0
i76,Spencer Fang,Amador Valley A,ess,0,0,0
i76,Spencer Fang,Amador Valley A,math,0,0,0
i76,Spencer Fang,Amador Valley A,physics,0,0,0
i76,Spencer Fang,Amador Valley A,energy,1,0,4
i76,Spencer Fang,Amador Valley A,biology,0,0,0
i76,Spencer Fang,Amador Valley A,overall,1,0,4
i76,Edwin He,Amador Valley A,chemistry,1,0,4
i76,Edwin He,Amador Valley A,ess,1,0,4
i76,Edwin He,Amador Valley A,math,0,0,0
i76,Edwin He,Amador Valley A,physics,0,0,0
i76,Edwin He,Amador Valley A,energy,1,0,4
i76,Edwin He,Amador Valley A,biology,4,0,16
i76,Edwin He,Amador Valley A,overall,7,0,28
i76,Rohan Garg,Amador Valley A,chemistry,0,0,0
i76,Rohan Garg,Amador Valley A,ess,1,0,4
i76,Rohan Garg,Amador Valley A,math,4,0,16
i76,Rohan Garg,Amador Valley A,physics,2,0,8
i76,Rohan Garg,Amador Valley A,energy,0,0,0
i76,Rohan Garg,Amador Valley A,biology,0,0,0
i76,Rohan Garg,Amador Valley A,overall,7,0,28
i76,Gaurav Gupta,Amador Valley A,chemistry,0,0,0
i76,Gaurav Gupta,Amador Valley A,ess,1,0,4
i76,Gaurav Gupta,Amador Valley A,math,0,0,0
i76,Gaurav Gupta,Amador Valley A,physics,0,0,0
i76,Gaurav Gupta,Amador Valley A,energy,0,0,0
i76,Gaurav Gupta,Amador Valley A,biology,0,0,0
i76,Gaurav Gupta,Amador Valley A,overall,1,0,4
i76,Anish Bayyapu,Monta Vista A,chemistry,0,0,0
i76,Anish Bayyapu,Monta Vista A,ess,0,0,0
i76,Anish Bayyapu,Monta Vista A,math,0,0,0
i76,Anish Bayyapu,Monta Vista A,physics,0,0,0
i76,Anish Bayyapu,Monta Vista A,energy,0,0,0
i76,Anish Bayyapu,Monta Vista A,biology,0,0,0
i76,Anish Bayyapu,Monta Vista A,overall,0,0,0
i76,Ishaan Desai,Monta Vista A,chemistry,0,0,0
i76,Ishaan Desai,Monta Vista A,ess,0,0,0
i76,Ishaan Desai,Monta Vista A,math,0,0,0
i76,Ishaan Desai,Monta Vista A,physics,1,0,4
i76,Ishaan Desai,Monta Vista A,energy,0,0,0
i76,Ishaan Desai,Monta Vista A,biology,0,0,0
i76,Ishaan Desai,Monta Vista A,overall,1,0,4
i76,Siddhant Jain,Monta Vista A,chemistry,2,0,8
i76,Siddhant Jain,Monta Vista A,ess,0,0,0
i76,Siddhant Jain,Monta Vista A,math,0,0,0
i76,Siddhant Jain,Monta Vista A,physics,0,0,0
i76,Siddhant Jain,Monta Vista A,energy,1,0,4
i76,Siddhant Jain,Monta Vista A,biology,0,0,0
i76,Siddhant Jain,Monta Vista A,overall,3,0,12
i76,Vibha Raghvendran,Monta Vista A,chemistry,0,0,0
i76,Vibha Raghvendran,Monta Vista A,ess,0,0,0
i76,Vibha Raghvendran,Monta Vista A,math,0,0,0
i76,Vibha Raghvendran,Monta Vista A,physics,0,0,0
i76,Vibha Raghvendran,Monta Vista A,energy,0,0,0
i76,Vibha Raghvendran,Monta Vista A,biology,0,0,0
i76,Vibha Raghvendran,Monta Vista A,overall,0,0,0
i76,Ritwik Aeka,Amador Valley A,biology,0,0,0
i76,Ritwik Aeka,Amador Valley A,ess,0,0,0
i76,Ritwik Aeka,Amador Valley A,chemistry,0,0,0
i76,Ritwik Aeka,Amador Valley A,math,0,0,0
i76,Ritwik Aeka,Amador Valley A,energy,0,0,0
i76,Ritwik Aeka,Amador Valley A,physics,0,0,0
i76,Ritwik Aeka,Amador Valley A,overall,0,0,0
i76,Chinmay Raghvendran,Monta Vista A,biology,0,0,0
i76,Chinmay Raghvendran,Monta Vista A,ess,0,0,0
i76,Chinmay Raghvendran,Monta Vista A,chemistry,0,0,0
i76,Chinmay Raghvendran,Monta Vista A,math,0,0,0
i76,Chinmay Raghvendran,Monta Vista A,energy,0,0,0
i76,Chinmay Raghvendran,Monta Vista A,physics,0,0,0
i76,Chinmay Raghvendran,Monta Vista A,overall,0,0,0
i77,Shivani Swaminathan,Foothill B,chemistry,0,0,0
i77,Shivani Swaminathan,Foothill B,ess,0,0,0
i77,Shivani Swaminathan,Foothill B,math,0,0,0
i77,Shivani Swaminathan,Foothill B,physics,0,0,0
i77,Shivani Swaminathan,Foothill B,energy,0,0,0
i77,Shivani Swaminathan,Foothill B,biology,0,0,0
i77,Shivani Swaminathan,Foothill B,overall,0,0,0
i77,Aahana Biswal,Foothill B,chemistry,0,0,0
i77,Aahana Biswal,Foothill B,ess,0,0,0
i77,Aahana Biswal,Foothill B,math,0,0,0
i77,Aahana Biswal,Foothill B,physics,0,0,0
i77,Aahana Biswal,Foothill B,energy,0,0,0
i77,Aahana Biswal,Foothill B,biology,0,0,0
i77,Aahana Biswal,Foothill B,overall,0,0,0
i77,Athithan Elamaran,Foothill B,chemistry,0,0,0
i77,Athithan Elamaran,Foothill B,ess,0,0,0
i77,Athithan Elamaran,Foothill B,math,2,1,4
i77,Athithan Elamaran,Foothill B,physics,1,0,4
i77,Athithan Elamaran,Foothill B,energy,0,0,0
i77,Athithan Elamaran,Foothill B,biology,0,0,0
i77,Athithan Elamaran,Foothill B,overall,3,1,8
i77,Brandon Kong,Foothill B,chemistry,0,0,0
i77,Brandon Kong,Foothill B,ess,0,1,-4
i77,Brandon Kong,Foothill B,math,0,0,0
i77,Brandon Kong,Foothill B,physics,0,0,0
i77,Brandon Kong,Foothill B,energy,0,0,0
i77,Brandon Kong,Foothill B,biology,0,0,0
i77,Brandon Kong,Foothill B,overall,0,1,-4
i77,Phoebe Xu,North Hollywood,chemistry,0,0,0
i77,Phoebe Xu,North Hollywood,ess,0,0,0
i77,Phoebe Xu,North Hollywood,math,0,0,0
i77,Phoebe Xu,North Hollywood,physics,0,0,0
i77,Phoebe Xu,North Hollywood,energy,0,0,0
i77,Phoebe Xu,North Hollywood,biology,0,0,0
i77,Phoebe Xu,North Hollywood,overall,0,0,0
i77,Boheng Cao,North Hollywood,chemistry,1,0,4
i77,Boheng Cao,North Hollywood,ess,0,0,0
i77,Boheng Cao,North Hollywood,math,1,0,4
i77,Boheng Cao,North Hollywood,physics,0,0,0
i77,Boheng Cao,North Hollywood,energy,0,0,0
i77,Boheng Cao,North Hollywood,biology,1,0,4
i77,Boheng Cao,North Hollywood,overall,3,0,12
i77,Connor Zhao,North Hollywood,chemistry,1,0,4
i77,Connor Zhao,North Hollywood,ess,0,0,0
i77,Connor Zhao,North Hollywood,math,0,0,0
i77,Connor Zhao,North Hollywood,physics,1,0,4
i77,Connor Zhao,North Hollywood,energy,1,0,4
i77,Connor Zhao,North Hollywood,biology,0,0,0
i77,Connor Zhao,North Hollywood,overall,3,0,12
i77,Suzuko Ohshima,North Hollywood,chemistry,0,0,0
i77,Suzuko Ohshima,North Hollywood,ess,4,0,16
i77,Suzuko Ohshima,North Hollywood,math,1,0,4
i77,Suzuko Ohshima,North Hollywood,physics,1,0,4
i77,Suzuko Ohshima,North Hollywood,energy,2,0,8
i77,Suzuko Ohshima,North Hollywood,biology,3,0,12
i77,Suzuko Ohshima,North Hollywood,overall,11,0,44
i78,Vihaan Tigadikar,California B,chemistry,0,0,0
i78,Vihaan Tigadikar,California B,ess,1,1,0
i78,Vihaan Tigadikar,California B,math,0,0,0
i78,Vihaan Tigadikar,California B,physics,0,0,0
i78,Vihaan Tigadikar,California B,energy,0,0,0
i78,Vihaan Tigadikar,California B,biology,0,0,0
i78,Vihaan Tigadikar,California B,overall,1,1,0
i78,Amritha Srinivasan,California B,chemistry,0,0,0
i78,Amritha Srinivasan,California B,ess,1,0,4
i78,Amritha Srinivasan,California B,math,0,0,0
i78,Amritha Srinivasan,California B,physics,0,0,0
i78,Amritha Srinivasan,California B,energy,1,0,4
i78,Amritha Srinivasan,California B,biology,1,0,4
i78,Amritha Srinivasan,California B,overall,3,0,12
i78,Vladislav Khitrov,California B,chemistry,0,0,0
i78,Vladislav Khitrov,California B,ess,0,0,0
i78,Vladislav Khitrov,California B,math,0,0,0
i78,Vladislav Khitrov,California B,physics,0,0,0
i78,Vladislav Khitrov,California B,energy,0,0,0
i78,Vladislav Khitrov,California B,biology,0,0,0
i78,Vladislav Khitrov,California B,overall,0,0,0
i78,Kavin Jain,California B,chemistry,3,0,12
i78,Kavin Jain,California B,ess,0,0,0
i78,Kavin Jain,California B,math,0,0,0
i78,Kavin Jain,California B,physics,1,0,4
i78,Kavin Jain,California B,energy,0,0,0
i78,Kavin Jain,California B,biology,1,0,4
i78,Kavin Jain,California B,overall,5,0,20
i78,Arjun Murugappan,Irvington,chemistry,0,0,0
i78,Arjun Murugappan,Irvington,ess,0,0,0
i78,Arjun Murugappan,Irvington,math,0,0,0
i78,Arjun Murugappan,Irvington,physics,0,0,0
i78,Arjun Murugappan,Irvington,energy,0,0,0
i78,Arjun Murugappan,Irvington,biology,0,0,0
i78,Arjun Murugappan,Irvington,overall,0,0,0
i78,Samyuktha Lakshmi,Irvington,chemistry,0,0,0
i78,Samyuktha Lakshmi,Irvington,ess,0,0,0
i78,Samyuktha Lakshmi,Irvington,math,0,0,0
i78,Samyuktha Lakshmi,Irvington,physics,0,0,0
i78,Samyuktha Lakshmi,Irvington,energy,0,0,0
i78,Samyuktha Lakshmi,Irvington,biology,0,0,0
i78,Samyuktha Lakshmi,Irvington,overall,0,0,0
i78,Pearl Shah,Irvington,chemistry,0,0,0
i78,Pearl Shah,Irvington,ess,0,2,-8
i78,Pearl Shah,Irvington,math,0,0,0
i78,Pearl Shah,Irvington,physics,0,0,0
i78,Pearl Shah,Irvington,energy,1,0,4
i78,Pearl Shah,Irvington,biology,0,1,-4
i78,Pearl Shah,Irvington,overall,1,3,-8
i78,Evan Tung,Irvington,chemistry,0,0,0
i78,Evan Tung,Irvington,ess,0,0,0
i78,Evan Tung,Irvington,math,0,0,0
i78,Evan Tung,Irvington,physics,0,0,0
i78,Evan Tung,Irvington,energy,0,0,0
i78,Evan Tung,Irvington,biology,0,0,0
i78,Evan Tung,Irvington,overall,0,0,0
i78,Roland Pratt,Irvington,energy,0,0,0
i78,Roland Pratt,Irvington,biology,0,0,0
i78,Roland Pratt,Irvington,ess,0,0,0
i78,Roland Pratt,Irvington,chemistry,0,0,0
i78,Roland Pratt,Irvington,math,1,0,4
i78,Roland Pratt,Irvington,physics,0,0,0
i78,Roland Pratt,Irvington,overall,1,0,4
i79,Ajla Trumic,Archbishop Mitty B,chemistry,0,0,0
i79,Ajla Trumic,Archbishop Mitty B,ess,0,0,0
i79,Ajla Trumic,Archbishop Mitty B,math,0,0,0
i79,Ajla Trumic,Archbishop Mitty B,physics,0,0,0
i79,Ajla Trumic,Archbishop Mitty B,energy,0,0,0
i79,Ajla Trumic,Archbishop Mitty B,biology,0,0,0
i79,Ajla Trumic,Archbishop Mitty B,overall,0,0,0
i79,Raaghav Chakravarty,Archbishop Mitty B,chemistry,0,0,0
i79,Raaghav Chakravarty,Archbishop Mitty B,ess,0,0,0
i79,Raaghav Chakravarty,Archbishop Mitty B,math,0,0,0
i79,Raaghav Chakravarty,Archbishop Mitty B,physics,0,0,0
i79,Raaghav Chakravarty,Archbishop Mitty B,energy,1,0,4
i79,Raaghav Chakravarty,Archbishop Mitty B,biology,0,0,0
i79,Raaghav Chakravarty,Archbishop Mitty B,overall,1,0,4
i79,Jonathan Yu,Archbishop Mitty B,chemistry,1,0,4
i79,Jonathan Yu,Archbishop Mitty B,ess,0,0,0
i79,Jonathan Yu,Archbishop Mitty B,math,1,0,4
i79,Jonathan Yu,Archbishop Mitty B,physics,0,0,0
i79,Jonathan Yu,Archbishop Mitty B,energy,2,0,8
i79,Jonathan Yu,Archbishop Mitty B,biology,2,1,4
i79,Jonathan Yu,Archbishop Mitty B,overall,6,1,20
i79,Anish Roy,Archbishop Mitty B,chemistry,1,0,4
i79,Anish Roy,Archbishop Mitty B,ess,1,0,4
i79,Anish Roy,Archbishop Mitty B,math,2,0,8
i79,Anish Roy,Archbishop Mitty B,physics,0,0,0
i79,Anish Roy,Archbishop Mitty B,energy,0,0,0
i79,Anish Roy,Archbishop Mitty B,biology,0,0,0
i79,Anish Roy,Archbishop Mitty B,overall,4,0,16
i79,Christopher Xia (sub),Amador Valley B,chemistry,0,0,0
i79,Christopher Xia (sub),Amador Valley B,ess,0,0,0
i79,Christopher Xia (sub),Amador Valley B,math,0,0,0
i79,Christopher Xia (sub),Amador Valley B,physics,0,0,0
i79,Christopher Xia (sub),Amador Valley B,energy,0,0,0
i79,Christopher Xia (sub),Amador Valley B,biology,1,0,4
i79,Christopher Xia (sub),Amador Valley B,overall,1,0,4
i79,Srijon Mandal,Amador Valley B,chemistry,0,0,0
i79,Srijon Mandal,Amador Valley B,ess,1,0,4
i79,Srijon Mandal,Amador Valley B,math,1,0,4
i79,Srijon Mandal,Amador Valley B,physics,0,0,0
i79,Srijon Mandal,Amador Valley B,energy,0,0,0
i79,Srijon Mandal,Amador Valley B,biology,0,0,0
i79,Srijon Mandal,Amador Valley B,overall,2,0,8
i79,Pratham Mehta,Amador Valley B,chemistry,0,0,0
i79,Pratham Mehta,Amador Valley B,ess,1,0,4
i79,Pratham Mehta,Amador Valley B,math,0,0,0
i79,Pratham Mehta,Amador Valley B,physics,0,0,0
i79,Pratham Mehta,Amador Valley B,energy,0,0,0
i79,Pratham Mehta,Amador Valley B,biology,0,0,0
i79,Pratham Mehta,Amador Valley B,overall,1,0,4
i79,Dalbert Wu,Amador Valley B,chemistry,0,0,0
i79,Dalbert Wu,Amador Valley B,ess,0,0,0
i79,Dalbert Wu,Amador Valley B,math,0,0,0
i79,Dalbert Wu,Amador Valley B,physics,0,0,0
i79,Dalbert Wu,Amador Valley B,energy,0,0,0
i79,Dalbert Wu,Amador Valley B,biology,0,1,-4
i79,Dalbert Wu,Amador Valley B,overall,0,1,-4
i80,Michelle Liang,Canyon Crest A,chemistry,0,0,0
i80,Michelle Liang,Canyon Crest A,ess,0,0,0
i80,Michelle Liang,Canyon Crest A,math,0,0,0
i80,Michelle Liang,Canyon Crest A,physics,0,0,0
i80,Michelle Liang,Canyon Crest A,energy,0,0,0
i80,Michelle Liang,Canyon Crest A,biology,0,0,0
i80,Michelle Liang,Canyon Crest A,overall,0,0,0
i80,Sean Yu,Canyon Crest A,chemistry,0,0,0
i80,Sean Yu,Canyon Crest A,ess,0,0,0
i80,Sean Yu,Canyon Crest A,math,0,0,0
i80,Sean Yu,Canyon Crest A,physics,0,0,0
i80,Sean Yu,Canyon Crest A,energy,1,0,4
i80,Sean Yu,Canyon Crest A,biology,3,0,12
i80,Sean Yu,Canyon Crest A,overall,4,0,16
i80,Alex Xu,Canyon Crest A,chemistry,1,0,4
i80,Alex Xu,Canyon Crest A,ess,1,0,4
i80,Alex Xu,Canyon Crest A,math,0,0,0
i80,Alex Xu,Canyon Crest A,physics,2,0,8
i80,Alex Xu,Canyon Crest A,energy,1,0,4
i80,Alex Xu,Canyon Crest A,biology,0,0,0
i80,Alex Xu,Canyon Crest A,overall,5,0,20
i80,Flora Jiang,Canyon Crest A,chemistry,0,0,0
i80,Flora Jiang,Canyon Crest A,ess,2,1,4
i80,Flora Jiang,Canyon Crest A,math,0,0,0
i80,Flora Jiang,Canyon Crest A,physics,0,0,0
i80,Flora Jiang,Canyon Crest A,energy,1,0,4
i80,Flora Jiang,Canyon Crest A,biology,0,0,0
i80,Flora Jiang,Canyon Crest A,overall,3,1,8
i80,Harold Wang,Lynbrook B,chemistry,0,0,0
i80,Harold Wang,Lynbrook B,ess,0,0,0
i80,Harold Wang,Lynbrook B,math,0,0,0
i80,Harold Wang,Lynbrook B,physics,0,0,0
i80,Harold Wang,Lynbrook B,energy,0,0,0
i80,Harold Wang,Lynbrook B,biology,1,1,0
i80,Harold Wang,Lynbrook B,overall,1,1,0
i80,Ryan Bansal,Lynbrook B,chemistry,1,0,4
i80,Ryan Bansal,Lynbrook B,ess,0,0,0
i80,Ryan Bansal,Lynbrook B,math,4,0,16
i80,Ryan Bansal,Lynbrook B,physics,2,0,8
i80,Ryan Bansal,Lynbrook B,energy,0,0,0
i80,Ryan Bansal,Lynbrook B,biology,0,0,0
i80,Ryan Bansal,Lynbrook B,overall,7,0,28
i80,Brian Bi,Lynbrook B,chemistry,0,0,0
i80,Brian Bi,Lynbrook B,ess,0,0,0
i80,Brian Bi,Lynbrook B,math,0,0,0
i80,Brian Bi,Lynbrook B,physics,0,0,0
i80,Brian Bi,Lynbrook B,energy,0,0,0
i80,Brian Bi,Lynbrook B,biology,0,0,0
i80,Brian Bi,Lynbrook B,overall,0,0,0
i80,Ian Chen,Lynbrook B,chemistry,0,0,0
i80,Ian Chen,Lynbrook B,ess,0,1,-4
i80,Ian Chen,Lynbrook B,math,0,0,0
i80,Ian Chen,Lynbrook B,physics,0,0,0
i80,Ian Chen,Lynbrook B,energy,0,0,0
i80,Ian Chen,Lynbrook B,biology,0,0,0
i80,Ian Chen,Lynbrook B,overall,0,1,-4
i81,Danica Au,Cupertino B,chemistry,0,0,0
i81,Danica Au,Cupertino B,ess,0,0,0
i81,Danica Au,Cupertino B,math,0,0,0
i81,Danica Au,Cupertino B,physics,0,0,0
i81,Danica Au,Cupertino B,energy,0,0,0
i81,Danica Au,Cupertino B,biology,0,0,0
i81,Danica Au,Cupertino B,overall,0,0,0
i81,Kira Liang,Cupertino B,chemistry,0,0,0
i81,Kira Liang,Cupertino B,ess,0,0,0
i81,Kira Liang,Cupertino B,math,0,0,0
i81,Kira Liang,Cupertino B,physics,0,0,0
i81,Kira Liang,Cupertino B,energy,0,0,0
i81,Kira Liang,Cupertino B,biology,1,0,4
i81,Kira Liang,Cupertino B,overall,1,0,4
i81,Mithilesh Gopalakrishnan,Cupertino B,chemistry,1,0,4
i81,Mithilesh Gopalakrishnan,Cupertino B,ess,0,0,0
i81,Mithilesh Gopalakrishnan,Cupertino B,math,0,0,0
i81,Mithilesh Gopalakrishnan,Cupertino B,physics,0,0,0
i81,Mithilesh Gopalakrishnan,Cupertino B,energy,0,0,0
i81,Mithilesh Gopalakrishnan,Cupertino B,biology,0,0,0
i81,Mithilesh Gopalakrishnan,Cupertino B,overall,1,0,4
i81,Ethan Chu,Cupertino B,chemistry,0,0,0
i81,Ethan Chu,Cupertino B,ess,0,0,0
i81,Ethan Chu,Cupertino B,math,0,0,0
i81,Ethan Chu,Cupertino B,physics,0,0,0
i81,Ethan Chu,Cupertino B,energy,0,0,0
i81,Ethan Chu,Cupertino B,biology,0,0,0
i81,Ethan Chu,Cupertino B,overall,0,0,0
i81,Aatreyo Bhattacharyya,Mira Loma A,chemistry,0,0,0
i81,Aatreyo Bhattacharyya,Mira Loma A,ess,0,0,0
i81,Aatreyo Bhattacharyya,Mira Loma A,math,1,0,4
i81,Aatreyo Bhattacharyya,Mira Loma A,physics,0,0,0
i81,Aatreyo Bhattacharyya,Mira Loma A,energy,1,0,4
i81,Aatreyo Bhattacharyya,Mira Loma A,biology,2,0,8
i81,Aatreyo Bhattacharyya,Mira Loma A,overall,4,0,16
i81,Harish Premkumar,Mira Loma A,chemistry,0,0,0
i81,Harish Premkumar,Mira Loma A,ess,0,0,0
i81,Harish Premkumar,Mira Loma A,math,2,0,8
i81,Harish Premkumar,Mira Loma A,physics,0,0,0
i81,Harish Premkumar,Mira Loma A,energy,0,0,0
i81,Harish Premkumar,Mira Loma A,biology,0,0,0
i81,Harish Premkumar,Mira Loma A,overall,2,0,8
i81,Elyas Nuh,Mira Loma A,chemistry,1,0,4
i81,Elyas Nuh,Mira Loma A,ess,1,0,4
i81,Elyas Nuh,Mira Loma A,math,0,0,0
i81,Elyas Nuh,Mira Loma A,physics,2,0,8
i81,Elyas Nuh,Mira Loma A,energy,1,0,4
i81,Elyas Nuh,Mira Loma A,biology,1,0,4
i81,Elyas Nuh,Mira Loma A,overall,6,0,24
i81,Tanay Bodducherla,Mira Loma A,chemistry,1,0,4
i81,Tanay Bodducherla,Mira Loma A,ess,1,0,4
i81,Tanay Bodducherla,Mira Loma A,math,0,0,0
i81,Tanay Bodducherla,Mira Loma A,physics,0,0,0
i81,Tanay Bodducherla,Mira Loma A,energy,0,0,0
i81,Tanay Bodducherla,Mira Loma A,biology,0,0,0
i81,Tanay Bodducherla,Mira Loma A,overall,2,0,8
i81,Jaanya Annapureddy,Cupertino B,chemistry,0,0,0
i81,Jaanya Annapureddy,Cupertino B,energy,0,0,0
i81,Jaanya Annapureddy,Cupertino B,biology,0,0,0
i81,Jaanya Annapureddy,Cupertino B,ess,0,0,0
i81,Jaanya Annapureddy,Cupertino B,math,0,0,0
i81,Jaanya Annapureddy,Cupertino B,physics,0,0,0
i81,Jaanya Annapureddy,Cupertino B,overall,0,0,0
i81,Aryan Morasa,Mira Loma A,chemistry,0,0,0
i81,Aryan Morasa,Mira Loma A,energy,0,0,0
i81,Aryan Morasa,Mira Loma A,biology,0,0,0
i81,Aryan Morasa,Mira Loma A,ess,0,0,0
i81,Aryan Morasa,Mira Loma A,math,0,0,0
i81,Aryan Morasa,Mira Loma A,physics,0,0,0
i81,Aryan Morasa,Mira Loma A,overall,0,0,0
i82,Rohan Hablani,Arnold O. Beckman A,chemistry,0,0,0
i82,Rohan Hablani,Arnold O. Beckman A,ess,0,1,-4
i82,Rohan Hablani,Arnold O. Beckman A,math,0,0,0
i82,Rohan Hablani,Arnold O. Beckman A,physics,1,0,4
i82,Rohan Hablani,Arnold O. Beckman A,energy,0,0,0
i82,Rohan Hablani,Arnold O. Beckman A,biology,0,0,0
i82,Rohan Hablani,Arnold O. Beckman A,overall,1,1,0
i82,Diego Pons,Arnold O. Beckman A,chemistry,0,0,0
i82,Diego Pons,Arnold O. Beckman A,ess,0,0,0
i82,Diego Pons,Arnold O. Beckman A,math,0,0,0
i82,Diego Pons,Arnold O. Beckman A,physics,0,0,0
i82,Diego Pons,Arnold O. Beckman A,energy,0,0,0
i82,Diego Pons,Arnold O. Beckman A,biology,0,0,0
i82,Diego Pons,Arnold O. Beckman A,overall,0,0,0
i82,Aadhya Shenoy,Arnold O. Beckman A,chemistry,0,0,0
i82,Aadhya Shenoy,Arnold O. Beckman A,ess,1,0,4
i82,Aadhya Shenoy,Arnold O. Beckman A,math,0,0,0
i82,Aadhya Shenoy,Arnold O. Beckman A,physics,0,0,0
i82,Aadhya Shenoy,Arnold O. Beckman A,energy,0,0,0
i82,Aadhya Shenoy,Arnold O. Beckman A,biology,0,0,0
i82,Aadhya Shenoy,Arnold O. Beckman A,overall,1,0,4
i82,Ranju Raghavan,Arnold O. Beckman A,chemistry,0,0,0
i82,Ranju Raghavan,Arnold O. Beckman A,ess,0,0,0
i82,Ranju Raghavan,Arnold O. Beckman A,math,0,0,0
i82,Ranju Raghavan,Arnold O. Beckman A,physics,0,0,0
i82,Ranju Raghavan,Arnold O. Beckman A,energy,0,0,0
i82,Ranju Raghavan,Arnold O. Beckman A,biology,0,0,0
i82,Ranju Raghavan,Arnold O. Beckman A,overall,0,0,0
i82,Selena Yang,Lynbrook A,chemistry,0,0,0
i82,Selena Yang,Lynbrook A,ess,0,0,0
i82,Selena Yang,Lynbrook A,math,0,0,0
i82,Selena Yang,Lynbrook A,physics,0,0,0
i82,Selena Yang,Lynbrook A,energy,1,0,4
i82,Selena Yang,Lynbrook A,biology,1,0,4
i82,Selena Yang,Lynbrook A,overall,2,0,8
i82,Sohil Rathi,Lynbrook A,chemistry,1,0,4
i82,Sohil Rathi,Lynbrook A,ess,0,0,0
i82,Sohil Rathi,Lynbrook A,math,3,0,12
i82,Sohil Rathi,Lynbrook A,physics,1,0,4
i82,Sohil Rathi,Lynbrook A,energy,1,0,4
i82,Sohil Rathi,Lynbrook A,biology,1,0,4
i82,Sohil Rathi,Lynbrook A,overall,7,0,28
i82,Steve Yang,Lynbrook A,chemistry,0,0,0
i82,Steve Yang,Lynbrook A,ess,1,0,4
i82,Steve Yang,Lynbrook A,math,0,0,0
i82,Steve Yang,Lynbrook A,physics,0,0,0
i82,Steve Yang,Lynbrook A,energy,1,0,4
i82,Steve Yang,Lynbrook A,biology,0,0,0
i82,Steve Yang,Lynbrook A,overall,2,0,8
i82,Jianyu Wang,Lynbrook A,chemistry,0,0,0
i82,Jianyu Wang,Lynbrook A,ess,0,0,0
i82,Jianyu Wang,Lynbrook A,math,0,0,0
i82,Jianyu Wang,Lynbrook A,physics,0,0,0
i82,Jianyu Wang,Lynbrook A,energy,0,0,0
i82,Jianyu Wang,Lynbrook A,biology,2,0,8
i82,Jianyu Wang,Lynbrook A,overall,2,0,8
i82,Samuel Wang,Lynbrook A,chemistry,0,0,0
i82,Samuel Wang,Lynbrook A,energy,0,0,0
i82,Samuel Wang,Lynbrook A,biology,0,0,0
i82,Samuel Wang,Lynbrook A,ess,1,1,0
i82,Samuel Wang,Lynbrook A,math,0,0,0
i82,Samuel Wang,Lynbrook A,physics,0,0,0
i82,Samuel Wang,Lynbrook A,overall,1,1,0
i83,Anoushka Thamane,BASIS Independent A,chemistry,0,0,0
i83,Anoushka Thamane,BASIS Independent A,ess,0,0,0
i83,Anoushka Thamane,BASIS Independent A,math,0,0,0
i83,Anoushka Thamane,BASIS Independent A,physics,0,0,0
i83,Anoushka Thamane,BASIS Independent A,energy,0,0,0
i83,Anoushka Thamane,BASIS Independent A,biology,0,0,0
i83,Anoushka Thamane,BASIS Independent A,overall,0,0,0
i83,Yueqian Zhang,BASIS Independent A,chemistry,0,0,0
i83,Yueqian Zhang,BASIS Independent A,ess,0,0,0
i83,Yueqian Zhang,BASIS Independent A,math,0,0,0
i83,Yueqian Zhang,BASIS Independent A,physics,0,0,0
i83,Yueqian Zhang,BASIS Independent A,energy,0,0,0
i83,Yueqian Zhang,BASIS Independent A,biology,0,0,0
i83,Yueqian Zhang,BASIS Independent A,overall,0,0,0
i83,Sidhant Chaliha,BASIS Independent A,chemistry,0,0,0
i83,Sidhant Chaliha,BASIS Independent A,ess,1,0,4
i83,Sidhant Chaliha,BASIS Independent A,math,0,0,0
i83,Sidhant Chaliha,BASIS Independent A,physics,2,0,8
i83,Sidhant Chaliha,BASIS Independent A,energy,0,0,0
i83,Sidhant Chaliha,BASIS Independent A,biology,0,0,0
i83,Sidhant Chaliha,BASIS Independent A,overall,3,0,12
i83,Ivan Zhang,BASIS Independent A,chemistry,0,0,0
i83,Ivan Zhang,BASIS Independent A,ess,0,0,0
i83,Ivan Zhang,BASIS Independent A,math,0,0,0
i83,Ivan Zhang,BASIS Independent A,physics,0,0,0
i83,Ivan Zhang,BASIS Independent A,energy,0,0,0
i83,Ivan Zhang,BASIS Independent A,biology,0,0,0
i83,Ivan Zhang,BASIS Independent A,overall,0,0,0
i83,Ishank Kadadi,Canyon Crest B,chemistry,0,0,0
i83,Ishank Kadadi,Canyon Crest B,ess,0,1,-4
i83,Ishank Kadadi,Canyon Crest B,math,0,0,0
i83,Ishank Kadadi,Canyon Crest B,physics,0,0,0
i83,Ishank Kadadi,Canyon Crest B,energy,0,0,0
i83,Ishank Kadadi,Canyon Crest B,biology,1,0,4
i83,Ishank Kadadi,Canyon Crest B,overall,1,1,0
i83,Austin Xu,Canyon Crest B,chemistry,1,0,4
i83,Austin Xu,Canyon Crest B,ess,0,0,0
i83,Austin Xu,Canyon Crest B,math,0,0,0
i83,Austin Xu,Canyon Crest B,physics,1,0,4
i83,Austin Xu,Canyon Crest B,energy,2,0,8
i83,Austin Xu,Canyon Crest B,biology,1,0,4
i83,Austin Xu,Canyon Crest B,overall,5,0,20
i83,Alex Backues,Canyon Crest B,chemistry,0,0,0
i83,Alex Backues,Canyon Crest B,ess,0,0,0
i83,Alex Backues,Canyon Crest B,math,1,0,4
i83,Alex Backues,Canyon Crest B,physics,0,0,0
i83,Alex Backues,Canyon Crest B,energy,0,0,0
i83,Alex Backues,Canyon Crest B,biology,0,0,0
i83,Alex Backues,Canyon Crest B,overall,1,0,4
i83,Larry Wu,Canyon Crest B,chemistry,0,0,0
i83,Larry Wu,Canyon Crest B,ess,1,0,4
i83,Larry Wu,Canyon Crest B,math,1,0,4
i83,Larry Wu,Canyon Crest B,physics,1,0,4
i83,Larry Wu,Canyon Crest B,energy,1,0,4
i83,Larry Wu,Canyon Crest B,biology,0,0,0
i83,Larry Wu,Canyon Crest B,overall,4,0,16
i83,Meryl Zhang,BASIS Independent A,chemistry,0,0,0
i83,Meryl Zhang,BASIS Independent A,math,0,0,0
i83,Meryl Zhang,BASIS Independent A,energy,0,0,0
i83,Meryl Zhang,BASIS Independent A,physics,0,0,0
i83,Meryl Zhang,BASIS Independent A,biology,0,0,0
i83,Meryl Zhang,BASIS Independent A,ess,1,0,4
i83,Meryl Zhang,BASIS Independent A,overall,1,0,4
i84,Arshiya Sen,Monta Vista B,chemistry,0,0,0
i84,Arshiya Sen,Monta Vista B,ess,0,0,0
i84,Arshiya Sen,Monta Vista B,math,1,0,4
i84,Arshiya Sen,Monta Vista B,physics,0,0,0
i84,Arshiya Sen,Monta Vista B,energy,0,0,0
i84,Arshiya Sen,Monta Vista B,biology,0,0,0
i84,Arshiya Sen,Monta Vista B,overall,1,0,4
i84,Aradhana Sekar,Monta Vista B,chemistry,0,0,0
i84,Aradhana Sekar,Monta Vista B,ess,0,0,0
i84,Aradhana Sekar,Monta Vista B,math,0,0,0
i84,Aradhana Sekar,Monta Vista B,physics,0,0,0
i84,Aradhana Sekar,Monta Vista B,energy,1,0,4
i84,Aradhana Sekar,Monta Vista B,biology,0,0,0
i84,Aradhana Sekar,Monta Vista B,overall,1,0,4
i84,Maya Pullara,Monta Vista B,chemistry,0,0,0
i84,Maya Pullara,Monta Vista B,ess,0,0,0
i84,Maya Pullara,Monta Vista B,math,0,0,0
i84,Maya Pullara,Monta Vista B,physics,0,0,0
i84,Maya Pullara,Monta Vista B,energy,0,0,0
i84,Maya Pullara,Monta Vista B,biology,0,0,0
i84,Maya Pullara,Monta Vista B,overall,0,0,0
i84,Nicholas Pantino,Monta Vista B,chemistry,0,0,0
i84,Nicholas Pantino,Monta Vista B,ess,0,1,-4
i84,Nicholas Pantino,Monta Vista B,math,0,0,0
i84,Nicholas Pantino,Monta Vista B,physics,2,0,8
i84,Nicholas Pantino,Monta Vista B,energy,0,0,0
i84,Nicholas Pantino,Monta Vista B,biology,0,0,0
i84,Nicholas Pantino,Monta Vista B,overall,2,1,4
i84,Carissa Tsui,Palo Alto A,chemistry,0,0,0
i84,Carissa Tsui,Palo Alto A,ess,1,0,4
i84,Carissa Tsui,Palo Alto A,math,0,0,0
i84,Carissa Tsui,Palo Alto A,physics,0,0,0
i84,Carissa Tsui,Palo Alto A,energy,0,0,0
i84,Carissa Tsui,Palo Alto A,biology,1,0,4
i84,Carissa Tsui,Palo Alto A,overall,2,0,8
i84,Forrest Chou,Palo Alto A,chemistry,3,0,12
i84,Forrest Chou,Palo Alto A,ess,1,0,4
i84,Forrest Chou,Palo Alto A,math,0,0,0
i84,Forrest Chou,Palo Alto A,physics,1,1,0
i84,Forrest Chou,Palo Alto A,energy,0,0,0
i84,Forrest Chou,Palo Alto A,biology,0,0,0
i84,Forrest Chou,Palo Alto A,overall,5,1,16
i84,Andrew Wen,Palo Alto A,chemistry,0,0,0
i84,Andrew Wen,Palo Alto A,ess,0,0,0
i84,Andrew Wen,Palo Alto A,math,2,0,8
i84,Andrew Wen,Palo Alto A,physics,0,0,0
i84,Andrew Wen,Palo Alto A,energy,0,0,0
i84,Andrew Wen,Palo Alto A,biology,0,0,0
i84,Andrew Wen,Palo Alto A,overall,2,0,8
i84,Claire Shi,Palo Alto A,chemistry,0,0,0
i84,Claire Shi,Palo Alto A,ess,0,0,0
i84,Claire Shi,Palo Alto A,math,0,0,0
i84,Claire Shi,Palo Alto A,physics,0,0,0
i84,Claire Shi,Palo Alto A,energy,1,0,4
i84,Claire Shi,Palo Alto A,biology,1,1,0
i84,Claire Shi,Palo Alto A,overall,2,1,4
i85,Suvan Chauhan,Archbishop Mitty A,chemistry,0,0,0
i85,Suvan Chauhan,Archbishop Mitty A,ess,0,1,-4
i85,Suvan Chauhan,Archbishop Mitty A,math,0,0,0
i85,Suvan Chauhan,Archbishop Mitty A,physics,0,0,0
i85,Suvan Chauhan,Archbishop Mitty A,energy,0,0,0
i85,Suvan Chauhan,Archbishop Mitty A,biology,0,0,0
i85,Suvan Chauhan,Archbishop Mitty A,overall,0,1,-4
i85,Mahit Karadigudda,Archbishop Mitty A,chemistry,0,0,0
i85,Mahit Karadigudda,Archbishop Mitty A,ess,0,0,0
i85,Mahit Karadigudda,Archbishop Mitty A,math,0,1,-4
i85,Mahit Karadigudda,Archbishop Mitty A,physics,0,0,0
i85,Mahit Karadigudda,Archbishop Mitty A,energy,0,0,0
i85,Mahit Karadigudda,Archbishop Mitty A,biology,0,0,0
i85,Mahit Karadigudda,Archbishop Mitty A,overall,0,1,-4
i85,Suyog Vibhuti,Archbishop Mitty A,chemistry,1,0,4
i85,Suyog Vibhuti,Archbishop Mitty A,ess,0,0,0
i85,Suyog Vibhuti,Archbishop Mitty A,math,0,0,0
i85,Suyog Vibhuti,Archbishop Mitty A,physics,1,0,4
i85,Suyog Vibhuti,Archbishop Mitty A,energy,0,0,0
i85,Suyog Vibhuti,Archbishop Mitty A,biology,1,0,4
i85,Suyog Vibhuti,Archbishop Mitty A,overall,3,0,12
i85,Sebastian Leung,Archbishop Mitty A,chemistry,1,0,4
i85,Sebastian Leung,Archbishop Mitty A,ess,0,0,0
i85,Sebastian Leung,Archbishop Mitty A,math,0,0,0
i85,Sebastian Leung,Archbishop Mitty A,physics,0,0,0
i85,Sebastian Leung,Archbishop Mitty A,energy,1,0,4
i85,Sebastian Leung,Archbishop Mitty A,biology,1,0,4
i85,Sebastian Leung,Archbishop Mitty A,overall,3,0,12
i85,Steven Su,Abraham Lincoln,chemistry,0,0,0
i85,Steven Su,Abraham Lincoln,ess,2,0,8
i85,Steven Su,Abraham Lincoln,math,0,0,0
i85,Steven Su,Abraham Lincoln,physics,0,1,-4
i85,Steven Su,Abraham Lincoln,energy,0,0,0
i85,Steven Su,Abraham Lincoln,biology,0,0,0
i85,Steven Su,Abraham Lincoln,overall,2,1,4
i85,Kyle Li,Abraham Lincoln,chemistry,0,0,0
i85,Kyle Li,Abraham Lincoln,ess,0,0,0
i85,Kyle Li,Abraham Lincoln,math,0,0,0
i85,Kyle Li,Abraham Lincoln,physics,0,0,0
i85,Kyle Li,Abraham Lincoln,energy,0,0,0
i85,Kyle Li,Abraham Lincoln,biology,0,0,0
i85,Kyle Li,Abraham Lincoln,overall,0,0,0
i85,Shridavi Raghavan,Abraham Lincoln,chemistry,0,0,0
i85,Shridavi Raghavan,Abraham Lincoln,ess,0,0,0
i85,Shridavi Raghavan,Abraham Lincoln,math,0,0,0
i85,Shridavi Raghavan,Abraham Lincoln,physics,0,0,0
i85,Shridavi Raghavan,Abraham Lincoln,energy,0,0,0
i85,Shridavi Raghavan,Abraham Lincoln,biology,0,0,0
i85,Shridavi Raghavan,Abraham Lincoln,overall,0,0,0
i85,Garen Yang,Abraham Lincoln,chemistry,0,0,0
i85,Garen Yang,Abraham Lincoln,ess,0,0,0
i85,Garen Yang,Abraham Lincoln,math,0,0,0
i85,Garen Yang,Abraham Lincoln,physics,0,0,0
i85,Garen Yang,Abraham Lincoln,energy,0,0,0
i85,Garen Yang,Abraham Lincoln,biology,0,0,0
i85,Garen Yang,Abraham Lincoln,overall,0,0,0
i85,Miranda Feng Cai,Abraham Lincoln,ess,0,0,0
i85,Miranda Feng Cai,Abraham Lincoln,chemistry,0,0,0
i85,Miranda Feng Cai,Abraham Lincoln,math,0,0,0
i85,Miranda Feng Cai,Abraham Lincoln,energy,0,0,0
i85,Miranda Feng Cai,Abraham Lincoln,physics,0,0,0
i85,Miranda Feng Cai,Abraham Lincoln,biology,0,0,0
i85,Miranda Feng Cai,Abraham Lincoln,overall,0,0,0
i86,Matthew Yuan,Lynbrook C,chemistry,0,0,0
i86,Matthew Yuan,Lynbrook C,ess,0,0,0
i86,Matthew Yuan,Lynbrook C,math,1,0,4
i86,Matthew Yuan,Lynbrook C,physics,0,0,0
i86,Matthew Yuan,Lynbrook C,energy,0,0,0
i86,Matthew Yuan,Lynbrook C,biology,0,0,0
i86,Matthew Yuan,Lynbrook C,overall,1,0,4
i86,Evan Liu,Lynbrook C,chemistry,1,0,4
i86,Evan Liu,Lynbrook C,ess,0,0,0
i86,Evan Liu,Lynbrook C,math,1,0,4
i86,Evan Liu,Lynbrook C,physics,1,0,4
i86,Evan Liu,Lynbrook C,energy,0,0,0
i86,Evan Liu,Lynbrook C,biology,0,0,0
i86,Evan Liu,Lynbrook C,overall,3,0,12
i86,Thomas Wu,Lynbrook C,chemistry,0,0,0
i86,Thomas Wu,Lynbrook C,ess,3,0,12
i86,Thomas Wu,Lynbrook C,math,0,0,0
i86,Thomas Wu,Lynbrook C,physics,0,0,0
i86,Thomas Wu,Lynbrook C,energy,0,0,0
i86,Thomas Wu,Lynbrook C,biology,0,0,0
i86,Thomas Wu,Lynbrook C,overall,3,0,12
i86,Shripriya Kalbhavi,Lynbrook C,chemistry,0,0,0
i86,Shripriya Kalbhavi,Lynbrook C,ess,0,0,0
i86,Shripriya Kalbhavi,Lynbrook C,math,0,0,0
i86,Shripriya Kalbhavi,Lynbrook C,physics,0,0,0
i86,Shripriya Kalbhavi,Lynbrook C,energy,0,0,0
i86,Shripriya Kalbhavi,Lynbrook C,biology,0,0,0
i86,Shripriya Kalbhavi,Lynbrook C,overall,0,0,0
i86,Warren Chee,Saratoga,chemistry,0,0,0
i86,Warren Chee,Saratoga,ess,0,0,0
i86,Warren Chee,Saratoga,math,0,0,0
i86,Warren Chee,Saratoga,physics,0,0,0
i86,Warren Chee,Saratoga,energy,1,0,4
i86,Warren Chee,Saratoga,biology,1,0,4
i86,Warren Chee,Saratoga,overall,2,0,8
i86,Skyler Mao,Saratoga,chemistry,1,0,4
i86,Skyler Mao,Saratoga,ess,0,1,-4
i86,Skyler Mao,Saratoga,math,1,1,0
i86,Skyler Mao,Saratoga,physics,2,0,8
i86,Skyler Mao,Saratoga,energy,1,0,4
i86,Skyler Mao,Saratoga,biology,1,0,4
i86,Skyler Mao,Saratoga,overall,6,2,16
i86,Willis Chung,Saratoga,chemistry,0,0,0
i86,Willis Chung,Saratoga,ess,0,0,0
i86,Willis Chung,Saratoga,math,0,0,0
i86,Willis Chung,Saratoga,physics,0,0,0
i86,Willis Chung,Saratoga,energy,0,0,0
i86,Willis Chung,Saratoga,biology,0,0,0
i86,Willis Chung,Saratoga,overall,0,0,0
i86,Alex Ge,Saratoga,chemistry,1,0,4
i86,Alex Ge,Saratoga,ess,0,0,0
i86,Alex Ge,Saratoga,math,0,0,0
i86,Alex Ge,Saratoga,physics,0,0,0
i86,Alex Ge,Saratoga,energy,1,0,4
i86,Alex Ge,Saratoga,biology,1,0,4
i86,Alex Ge,Saratoga,overall,3,0,12
i86,Alan Cai,Saratoga,energy,0,0,0
i86,Alan Cai,Saratoga,biology,1,0,4
i86,Alan Cai,Saratoga,ess,0,1,-4
i86,Alan Cai,Saratoga,chemistry,0,0,0
i86,Alan Cai,Saratoga,math,0,0,0
i86,Alan Cai,Saratoga,physics,0,0,0
i86,Alan Cai,Saratoga,overall,1,1,0
i87,Roshan Annamalai,Mission San Jose A,chemistry,0,0,0
i87,Roshan Annamalai,Mission San Jose A,ess,2,0,8
i87,Roshan Annamalai,Mission San Jose A,math,1,0,4
i87,Roshan Annamalai,Mission San Jose A,physics,0,0,0
i87,Roshan Annamalai,Mission San Jose A,energy,0,0,0
i87,Roshan Annamalai,Mission San Jose A,biology,0,0,0
i87,Roshan Annamalai,Mission San Jose A,overall,3,0,12
i87,Jeffrey Li,Mission San Jose A,chemistry,1,0,4
i87,Jeffrey Li,Mission San Jose A,ess,0,0,0
i87,Jeffrey Li,Mission San Jose A,math,1,0,4
i87,Jeffrey Li,Mission San Jose A,physics,1,0,4
i87,Jeffrey Li,Mission San Jose A,energy,0,0,0
i87,Jeffrey Li,Mission San Jose A,biology,0,0,0
i87,Jeffrey Li,Mission San Jose A,overall,3,0,12
i87,Gokulanath Mahesh Kumar,Mission San Jose A,chemistry,0,0,0
i87,Gokulanath Mahesh Kumar,Mission San Jose A,ess,0,0,0
i87,Gokulanath Mahesh Kumar,Mission San Jose A,math,0,0,0
i87,Gokulanath Mahesh Kumar,Mission San Jose A,physics,2,0,8
i87,Gokulanath Mahesh Kumar,Mission San Jose A,energy,0,0,0
i87,Gokulanath Mahesh Kumar,Mission San Jose A,biology,3,0,12
i87,Gokulanath Mahesh Kumar,Mission San Jose A,overall,5,0,20
i87,Annie Xu,Mission San Jose A,chemistry,2,0,8
i87,Annie Xu,Mission San Jose A,ess,0,0,0
i87,Annie Xu,Mission San Jose A,math,0,0,0
i87,Annie Xu,Mission San Jose A,physics,0,0,0
i87,Annie Xu,Mission San Jose A,energy,0,0,0
i87,Annie Xu,Mission San Jose A,biology,0,0,0
i87,Annie Xu,Mission San Jose A,overall,2,0,8
i87,Jishnu Balaji,California A,chemistry,0,0,0
i87,Jishnu Balaji,California A,ess,0,0,0
i87,Jishnu Balaji,California A,math,0,0,0
i87,Jishnu Balaji,California A,physics,0,0,0
i87,Jishnu Balaji,California A,energy,2,0,8
i87,Jishnu Balaji,California A,biology,0,0,0
i87,Jishnu Balaji,California A,overall,2,0,8
i87,Jax Milasincic,California A,chemistry,0,0,0
i87,Jax Milasincic,California A,ess,1,0,4
i87,Jax Milasincic,California A,math,0,0,0
i87,Jax Milasincic,California A,physics,1,0,4
i87,Jax Milasincic,California A,energy,0,0,0
i87,Jax Milasincic,California A,biology,1,0,4
i87,Jax Milasincic,California A,overall,3,0,12
i87,Mukund Senthil Kumar,California A,chemistry,0,0,0
i87,Mukund Senthil Kumar,California A,ess,0,0,0
i87,Mukund Senthil Kumar,California A,math,0,0,0
i87,Mukund Senthil Kumar,California A,physics,0,0,0
i87,Mukund Senthil Kumar,California A,energy,0,0,0
i87,Mukund Senthil Kumar,California A,biology,0,0,0
i87,Mukund Senthil Kumar,California A,overall,0,0,0
i87,Rex Ouyang,California A,chemistry,0,0,0
i87,Rex Ouyang,California A,ess,0,0,0
i87,Rex Ouyang,California A,math,0,0,0
i87,Rex Ouyang,California A,physics,0,0,0
i87,Rex Ouyang,California A,energy,0,0,0
i87,Rex Ouyang,California A,biology,0,0,0
i87,Rex Ouyang,California A,overall,0,0,0
i87,Veerein Pala,California A,biology,0,0,0
i87,Veerein Pala,California A,ess,0,0,0
i87,Veerein Pala,California A,chemistry,0,0,0
i87,Veerein Pala,California A,math,0,0,0
i87,Veerein Pala,California A,energy,0,0,0
i87,Veerein Pala,California A,physics,0,0,0
i87,Veerein Pala,California A,overall,0,0,0
i88,Sriram Venkatesh,American A,chemistry,0,0,0
i88,Sriram Venkatesh,American A,ess,0,0,0
i88,Sriram Venkatesh,American A,math,0,0,0
i88,Sriram Venkatesh,American A,physics,0,0,0
i88,Sriram Venkatesh,American A,energy,0,0,0
i88,Sriram Venkatesh,American A,biology,0,0,0
i88,Sriram Venkatesh,American A,overall,0,0,0
i88,Amaan Mohammad,American A,chemistry,0,0,0
i88,Amaan Mohammad,American A,ess,0,1,-4
i88,Amaan Mohammad,American A,math,1,0,4
i88,Amaan Mohammad,American A,physics,0,0,0
i88,Amaan Mohammad,American A,energy,0,0,0
i88,Amaan Mohammad,American A,biology,0,0,0
i88,Amaan Mohammad,American A,overall,1,1,0
i88,Ayati Vyas,American A,chemistry,0,0,0
i88,Ayati Vyas,American A,ess,0,0,0
i88,Ayati Vyas,American A,math,0,0,0
i88,Ayati Vyas,American A,physics,0,0,0
i88,Ayati Vyas,American A,energy,0,0,0
i88,Ayati Vyas,American A,biology,0,0,0
i88,Ayati Vyas,American A,overall,0,0,0
i88,Krishay Garg,American A,chemistry,0,0,0
i88,Krishay Garg,American A,ess,1,0,4
i88,Krishay Garg,American A,math,1,0,4
i88,Krishay Garg,American A,physics,0,0,0
i88,Krishay Garg,American A,energy,0,0,0
i88,Krishay Garg,American A,biology,2,0,8
i88,Krishay Garg,American A,overall,4,0,16
i88,Ryan Manocha,American B,chemistry,0,0,0
i88,Ryan Manocha,American B,ess,0,0,0
i88,Ryan Manocha,American B,math,0,0,0
i88,Ryan Manocha,American B,physics,0,0,0
i88,Ryan Manocha,American B,energy,0,0,0
i88,Ryan Manocha,American B,biology,0,0,0
i88,Ryan Manocha,American B,overall,0,0,0
i88,Vishruth Dinesh,American B,chemistry,0,0,0
i88,Vishruth Dinesh,American B,ess,0,0,0
i88,Vishruth Dinesh,American B,math,0,0,0
i88,Vishruth Dinesh,American B,physics,0,0,0
i88,Vishruth Dinesh,American B,energy,0,0,0
i88,Vishruth Dinesh,American B,biology,0,0,0
i88,Vishruth Dinesh,American B,overall,0,0,0
i88,Arnava Bharadwaja,American B,chemistry,1,0,4
i88,Arnava Bharadwaja,American B,ess,0,0,0
i88,Arnava Bharadwaja,American B,math,0,0,0
i88,Arnava Bharadwaja,American B,physics,0,0,0
i88,Arnava Bharadwaja,American B,energy,1,0,4
i88,Arnava Bharadwaja,American B,biology,1,0,4
i88,Arnava Bharadwaja,American B,overall,3,0,12
i88,Nikhil Sinha,American B,chemistry,0,0,0
i88,Nikhil Sinha,American B,ess,1,0,4
i88,Nikhil Sinha,American B,math,0,0,0
i88,Nikhil Sinha,American B,physics,0,0,0
i88,Nikhil Sinha,American B,energy,0,0,0
i88,Nikhil Sinha,American B,biology,0,0,0
i88,Nikhil Sinha,American B,overall,1,0,4
i88,Stavya Gaonkar,American A,ess,0,1,-4
i88,Stavya Gaonkar,American A,chemistry,1,0,4
i88,Stavya Gaonkar,American A,math,1,0,4
i88,Stavya Gaonkar,American A,energy,0,0,0
i88,Stavya Gaonkar,American A,physics,1,0,4
i88,Stavya Gaonkar,American A,biology,0,0,0
i88,Stavya Gaonkar,American A,overall,3,1,8
i88,Mahesh Karthikeyan,American B,ess,0,0,0
i88,Mahesh Karthikeyan,American B,chemistry,0,0,0
i88,Mahesh Karthikeyan,American B,math,1,0,4
i88,Mahesh Karthikeyan,American B,energy,0,0,0
i88,Mahesh Karthikeyan,American B,physics,0,0,0
i88,Mahesh Karthikeyan,American B,biology,0,0,0
i88,Mahesh Karthikeyan,American B,overall,1,0,4
i89,Namita Gaidhani,Cupertino A,chemistry,0,0,0
i89,Namita Gaidhani,Cupertino A,ess,0,0,0
i89,Namita Gaidhani,Cupertino A,math,0,0,0
i89,Namita Gaidhani,Cupertino A,physics,0,0,0
i89,Namita Gaidhani,Cupertino A,energy,0,0,0
i89,Namita Gaidhani,Cupertino A,biology,0,0,0
i89,Namita Gaidhani,Cupertino A,overall,0,0,0
i89,Minseo Park,Cupertino A,chemistry,0,0,0
i89,Minseo Park,Cupertino A,ess,0,0,0
i89,Minseo Park,Cupertino A,math,0,0,0
i89,Minseo Park,Cupertino A,physics,0,0,0
i89,Minseo Park,Cupertino A,energy,0,0,0
i89,Minseo Park,Cupertino A,biology,0,0,0
i89,Minseo Park,Cupertino A,overall,0,0,0
i89,Aaditya Karnataki,Cupertino A,chemistry,0,0,0
i89,Aaditya Karnataki,Cupertino A,ess,0,0,0
i89,Aaditya Karnataki,Cupertino A,math,0,0,0
i89,Aaditya Karnataki,Cupertino A,physics,0,0,0
i89,Aaditya Karnataki,Cupertino A,energy,2,0,8
i89,Aaditya Karnataki,Cupertino A,biology,1,0,4
i89,Aaditya Karnataki,Cupertino A,overall,3,0,12
i89,Jake Wang,Cupertino A,chemistry,0,0,0
i89,Jake Wang,Cupertino A,ess,2,1,4
i89,Jake Wang,Cupertino A,math,2,0,8
i89,Jake Wang,Cupertino A,physics,1,0,4
i89,Jake Wang,Cupertino A,energy,0,0,0
i89,Jake Wang,Cupertino A,biology,2,0,8
i89,Jake Wang,Cupertino A,overall,7,1,24
i89,Sreekar Sreeram,Foothill A,chemistry,0,0,0
i89,Sreekar Sreeram,Foothill A,ess,1,0,4
i89,Sreekar Sreeram,Foothill A,math,0,0,0
i89,Sreekar Sreeram,Foothill A,physics,0,0,0
i89,Sreekar Sreeram,Foothill A,energy,0,0,0
i89,Sreekar Sreeram,Foothill A,biology,0,0,0
i89,Sreekar Sreeram,Foothill A,overall,1,0,4
i89,Lakshanya Palani,Foothill A,chemistry,0,0,0
i89,Lakshanya Palani,Foothill A,ess,0,0,0
i89,Lakshanya Palani,Foothill A,math,0,0,0
i89,Lakshanya Palani,Foothill A,physics,1,0,4
i89,Lakshanya Palani,Foothill A,energy,0,0,0
i89,Lakshanya Palani,Foothill A,biology,0,1,-4
i89,Lakshanya Palani,Foothill A,overall,1,1,0
i89,Jake Nguyen,Foothill A,chemistry,2,0,8
i89,Jake Nguyen,Foothill A,ess,0,0,0
i89,Jake Nguyen,Foothill A,math,0,0,0
i89,Jake Nguyen,Foothill A,physics,0,0,0
i89,Jake Nguyen,Foothill A,energy,0,0,0
i89,Jake Nguyen,Foothill A,biology,0,0,0
i89,Jake Nguyen,Foothill A,overall,2,0,8
i89,Harini Penumuchu,Foothill A,chemistry,0,0,0
i89,Harini Penumuchu,Foothill A,ess,0,0,0
i89,Harini Penumuchu,Foothill A,math,1,0,4
i89,Harini Penumuchu,Foothill A,physics,0,0,0
i89,Harini Penumuchu,Foothill A,energy,0,0,0
i89,Harini Penumuchu,Foothill A,biology,0,0,0
i89,Harini Penumuchu,Foothill A,overall,1,0,4
i89,Aditi Gargeshwari,Cupertino A,energy,0,0,0
i89,Aditi Gargeshwari,Cupertino A,biology,0,1,-4
i89,Aditi Gargeshwari,Cupertino A,ess,0,0,0
i89,Aditi Gargeshwari,Cupertino A,chemistry,1,0,4
i89,Aditi Gargeshwari,Cupertino A,math,0,0,0
i89,Aditi Gargeshwari,Cupertino A,physics,0,0,0
i89,Aditi Gargeshwari,Cupertino A,overall,1,1,0
i89,Sahil Deshmukh,Foothill A,energy,1,0,4
i89,Sahil Deshmukh,Foothill A,biology,0,0,0
i89,Sahil Deshmukh,Foothill A,ess,0,0,0
i89,Sahil Deshmukh,Foothill A,chemistry,0,0,0
i89,Sahil Deshmukh,Foothill A,math,0,0,0
i89,Sahil Deshmukh,Foothill A,physics,0,0,0
i89,Sahil Deshmukh,Foothill A,overall,1,0,4
i90,Victoria Xu,Dougherty Valley B,chemistry,0,0,0
i90,Victoria Xu,Dougherty Valley B,ess,0,0,0
i90,Victoria Xu,Dougherty Valley B,math,0,0,0
i90,Victoria Xu,Dougherty Valley B,physics,0,0,0
i90,Victoria Xu,Dougherty Valley B,energy,0,0,0
i90,Victoria Xu,Dougherty Valley B,biology,0,0,0
i90,Victoria Xu,Dougherty Valley B,overall,0,0,0
i90,Varun Challa,Dougherty Valley B,chemistry,0,0,0
i90,Varun Challa,Dougherty Valley B,ess,0,0,0
i90,Varun Challa,Dougherty Valley B,math,0,0,0
i90,Varun Challa,Dougherty Valley B,physics,0,0,0
i90,Varun Challa,Dougherty Valley B,energy,1,0,4
i90,Varun Challa,Dougherty Valley B,biology,0,0,0
i90,Varun Challa,Dougherty Valley B,overall,1,0,4
i90,Jayden Lee,Dougherty Valley B,chemistry,1,0,4
i90,Jayden Lee,Dougherty Valley B,ess,0,0,0
i90,Jayden Lee,Dougherty Valley B,math,0,0,0
i90,Jayden Lee,Dougherty Valley B,physics,0,0,0
i90,Jayden Lee,Dougherty Valley B,energy,0,0,0
i90,Jayden Lee,Dougherty Valley B,biology,1,0,4
i90,Jayden Lee,Dougherty Valley B,overall,2,0,8
i90,Vishwas Charan,Mira Loma B,chemistry,0,0,0
i90,Vishwas Charan,Mira Loma B,ess,0,1,-4
i90,Vishwas Charan,Mira Loma B,math,0,0,0
i90,Vishwas Charan,Mira Loma B,physics,0,0,0
i90,Vishwas Charan,Mira Loma B,energy,0,0,0
i90,Vishwas Charan,Mira Loma B,biology,1,0,4
i90,Vishwas Charan,Mira Loma B,overall,1,1,0
i90,Ashrith Beeravelli,Mira Loma B,chemistry,0,0,0
i90,Ashrith Beeravelli,Mira Loma B,ess,0,0,0
i90,Ashrith Beeravelli,Mira Loma B,math,1,0,4
i90,Ashrith Beeravelli,Mira Loma B,physics,0,0,0
i90,Ashrith Beeravelli,Mira Loma B,energy,0,0,0
i90,Ashrith Beeravelli,Mira Loma B,biology,2,0,8
i90,Ashrith Beeravelli,Mira Loma B,overall,3,0,12
i90,Kapilan Karunakaran,Mira Loma B,chemistry,0,0,0
i90,Kapilan Karunakaran,Mira Loma B,ess,0,0,0
i90,Kapilan Karunakaran,Mira Loma B,math,0,0,0
i90,Kapilan Karunakaran,Mira Loma B,physics,0,0,0
i90,Kapilan Karunakaran,Mira Loma B,energy,0,0,0
i90,Kapilan Karunakaran,Mira Loma B,biology,0,0,0
i90,Kapilan Karunakaran,Mira Loma B,overall,0,0,0
i90,Nishanth Karanam,Mira Loma B,chemistry,0,0,0
i90,Nishanth Karanam,Mira Loma B,ess,2,0,8
i90,Nishanth Karanam,Mira Loma B,math,0,0,0
i90,Nishanth Karanam,Mira Loma B,physics,1,0,4
i90,Nishanth Karanam,Mira Loma B,energy,1,0,4
i90,Nishanth Karanam,Mira Loma B,biology,0,0,0
i90,Nishanth Karanam,Mira Loma B,overall,4,0,16
i90,Benjamin Mark,Mira Loma B,biology,0,0,0
i90,Benjamin Mark,Mira Loma B,ess,0,0,0
i90,Benjamin Mark,Mira Loma B,chemistry,0,0,0
i90,Benjamin Mark,Mira Loma B,math,0,0,0
i90,Benjamin Mark,Mira Loma B,energy,0,0,0
i90,Benjamin Mark,Mira Loma B,physics,0,0,0
i90,Benjamin Mark,Mira Loma B,overall,0,0,0
i91,Roshan Annamalai,Mission San Jose A,overall,5,0,20
i91,Jeffrey Li,Mission San Jose A,overall,0,0,0
i91,Gokulanath Mahesh Kumar,Mission San Jose A,overall,2,1,4
i91,Annie Xu,Mission San Jose A,overall,3,0,12
i91,Krishay Garg,American A,overall,1,0,4
i91,Stavya Gaonkar,American A,overall,3,1,8
i91,Amaan Mohammad,American A,overall,1,0,4
i91,Ayati Vyas,American A,overall,0,0,0
i91,Advaith Mopuri,Mission San Jose A,overall,2,0,8
i92,Tanay Bodducherla,Mira Loma A,overall,4,0,16
i92,Elyas Nuh,Mira Loma A,overall,6,0,24
i92,Harish Premkumar,Mira Loma A,overall,0,0,0
i92,Aatreyo Bhattacharyya,Mira Loma A,overall,3,1,8
i92,Shripriya Kalbhavi,Lynbrook C,overall,2,0,8
i92,Evan Liu,Lynbrook C,overall,1,0,4
i92,Thomas Wu,Lynbrook C,overall,2,0,8
i92,Matthew Yuan,Lynbrook C,overall,0,0,0
i93,Suzuko Ohshima,North Hollywood,overall,4,1,12
i93,Connor Zhao,North Hollywood,overall,8,0,32
i93,Boheng Cao,North Hollywood,overall,5,0,20
i93,Phoebe Xu,North Hollywood,overall,0,0,0
i93,Anish Bayyapu,Monta Vista A,overall,2,0,8
i93,Ishaan Desai,Monta Vista A,overall,0,0,0
i93,Siddhant Jain,Monta Vista A,overall,1,1,0
i93,Chinmay Raghvendran,Monta Vista A,overall,0,0,0
i93,Vibha Raghvendran,Monta Vista A,overall,0,0,0
i94,Ian Chen,Lynbrook B,overall,1,0,4
i94,Harold Wang,Lynbrook B,overall,1,0,4
i94,Ryan Bansal,Lynbrook B,overall,3,3,0
i94,Brian Bi,Lynbrook B,overall,0,0,0
i94,Gaurav Gupta,Amador Valley A,overall,1,0,4
i94,Rohan Garg,Amador Valley A,overall,7,1,24
i94,Edwin He,Amador Valley A,overall,4,1,12
i94,Ritwik Aeka,Amador Valley A,overall,0,0,0
i95,Michelle Liang,Canyon Crest A,overall,1,0,4
i95,Sean Yu,Canyon Crest A,overall,4,1,12
i95,Alex Xu,Canyon Crest A,overall,5,0,20
i95,Flora Jiang,Canyon Crest A,overall,3,0,12
i95,William Zhao,Dougherty Valley A,overall,4,0,16
i95,Pleban Mishra,Dougherty Valley A,overall,0,0,0
i95,Akshaj Challa,Dougherty Valley A,overall,0,0,0
i95,Anthony Wei,Dougherty Valley A,overall,2,1,4
i96,Aniket Mangalampalli,Mission San Jose B,overall,1,1,0
i96,Advai Srinivasan,Mission San Jose B,overall,4,0,16
i96,Daniel Liu,Mission San Jose B,overall,2,0,8
i96,Theenash Sengupta,Mission San Jose B,overall,4,1,12
i96,Alan Cai,Saratoga,overall,0,1,-4
i96,Skyler Mao,Saratoga,overall,5,1,16
i96,Warren Chee,Saratoga,overall,1,0,4
i96,Alex Ge,Saratoga,overall,0,0,0
i97,Aditi Gargeshwari,Cupertino A,overall,1,0,4
i97,Minseo Park,Cupertino A,overall,0,0,0
i97,Aaditya Karnataki,Cupertino A,overall,3,1,8
i97,Jake Wang,Cupertino A,overall,7,0,28
i97,Anirudh Kannan,Saint Francis,overall,0,1,-4
i97,Ishan Pachauri,Saint Francis,overall,6,1,20
i97,Alexander Xia,Saint Francis,overall,1,0,4
i97,Viyan Dabke,Saint Francis,overall,0,0,0
i98,Anoushka Thamane,BASIS Independent A,overall,0,0,0
i98,Yueqian Zhang,BASIS Independent A,overall,1,0,4
i98,Sidhant Chaliha,BASIS Independent A,overall,5,1,16
i98,Ivan Zhang,BASIS Independent A,overall,2,0,8
i98,Jianyu Wang,Lynbrook A,overall,2,1,4
i98,Sohil Rathi,Lynbrook A,overall,1,1,0
i98,Selena Yang,Lynbrook A,overall,2,1,4
i98,Samuel Wang,Lynbrook A,overall,0,0,0
i98,Steve Yang,Lynbrook A,overall,4,0,16
i99,Roshan Annamalai,Mission San Jose A,overall,1,2,-4
i99,Advaith Mopuri,Mission San Jose A,overall,2,1,4
i99,Gokulanath Mahesh Kumar,Mission San Jose A,overall,3,0,12
i99,Annie Xu,Mission San Jose A,overall,1,0,4
i99,Aatreyo Bhattacharyya,Mira Loma A,overall,1,0,4
i99,Harish Premkumar,Mira Loma A,overall,2,0,8
i99,Tanay Bodducherla,Mira Loma A,overall,4,0,16
i99,Aryan Morasa,Mira Loma A,overall,0,0,0
i100,Suzuko Ohshima,North Hollywood,overall,4,1,12
i100,Connor Zhao,North Hollywood,overall,5,1,16
i100,Boheng Cao,North Hollywood,overall,1,1,0
i100,Phoebe Xu,North Hollywood,overall,0,0,0
i100,Gaurav Gupta,Amador Valley A,overall,0,0,0
i100,Rohan Garg,Amador Valley A,overall,3,3,0
i100,Edwin He,Amador Valley A,overall,3,1,8
i100,Spencer Fang,Amador Valley A,overall,0,0,0
i100,Ritwik Aeka,Amador Valley A,overall,0,0,0
i101,Michelle Liang,Canyon Crest A,overall,2,1,4
i101,Sean Yu,Canyon Crest A,overall,1,0,4
i101,Alex Xu,Canyon Crest A,overall,5,0,20
i101,Flora Jiang,Canyon Crest A,overall,0,0,0
i101,Theenash Sengupta,Mission San Jose B,overall,5,1,16
i101,Daniel Liu,Mission San Jose B,overall,1,0,4
i101,Advai Srinivasan,Mission San Jose B,overall,1,0,4
i101,Aniket Mangalampalli,Mission San Jose B,overall,1,0,4
i102,Aditi Gargeshwari,Cupertino A,overall,0,0,0
i102,Minseo Park,Cupertino A,overall,0,0,0
i102,Aaditya Karnataki,Cupertino A,overall,4,0,16
i102,Jake Wang,Cupertino A,overall,1,2,-4
i102,Selena Yang,Lynbrook A,overall,4,0,16
i102,Sohil Rathi,Lynbrook A,overall,2,0,8
i102,Steve Yang,Lynbrook A,overall,2,0,8
i102,Jianyu Wang,Lynbrook A,overall,4,0,16
i102,Samuel Wang,Lynbrook A,overall,0,1,-4
i103,Sriram Venkatesh,American A,overall,0,0,0
i103,Amaan Mohammad,American A,overall,2,0,8
i103,Stavya Gaonkar,American A,overall,2,1,4
i103,Krishay Garg,American A,overall,1,0,4
i103,Shripriya Kalbhavi,Lynbrook C,overall,2,0,8
i103,Evan Liu,Lynbrook C,overall,0,0,0
i103,Matthew Yuan,Lynbrook C,overall,2,0,8
i103,Thomas Wu,Lynbrook C,overall,0,1,-4
i103,Ayati Vyas,American A,overall,0,0,0
i103,Siwen Luo,Lynbrook C,overall,0,0,0
i104,Chinmay Raghvendran,Monta Vista A,overall,0,0,0
i104,Siddhant Jain,Monta Vista A,overall,4,0,16
i104,Ishaan Desai,Monta Vista A,overall,2,0,8
i104,Anish Bayyapu,Monta Vista A,overall,2,0,8
i104,Chaas Kandregula,Lynbrook B,overall,1,1,0
i104,Ryan Bansal,Lynbrook B,overall,4,1,12
i104,Harold Wang,Lynbrook B,overall,3,1,8
i104,Ian Chen,Lynbrook B,overall,1,1,0
i104,Vibha Raghvendran,Monta Vista A,overall,0,0,0
i105,Anthony Wei,Dougherty Valley A,overall,2,0,8
i105,Akshaj Challa,Dougherty Valley A,overall,1,0,4
i105,Pleban Mishra,Dougherty Valley A,overall,1,0,4
i105,William Zhao,Dougherty Valley A,overall,5,1,16
i105,Alan Cai,Saratoga,overall,2,0,8
i105,Skyler Mao,Saratoga,overall,4,1,12
i105,Warren Chee,Saratoga,overall,0,0,0
i105,Alex Ge,Saratoga,overall,0,0,0
i106,Caleb Obico,Saint Francis,overall,0,0,0
i106,Alexander Xia,Saint Francis,overall,2,0,8
i106,Ishan Pachauri,Saint Francis,overall,6,1,20
i106,Anirudh Kannan,Saint Francis,overall,0,2,-8
i106,Ivan Zhang,BASIS Independent A,overall,1,0,4
i106,Sidhant Chaliha,BASIS Independent A,overall,6,1,20
i106,Yueqian Zhang,BASIS Independent A,overall,2,0,8
i106,Meryl Zhang,BASIS Independent A,overall,0,0,0
i106,Viyan Dabke,Saint Francis,overall,0,0,0
i107,Aryan Morasa,Mira Loma A,overall,1,0,4
i107,Elyas Nuh,Mira Loma A,overall,5,0,20
i107,Harish Premkumar,Mira Loma A,overall,0,0,0
i107,Aatreyo Bhattacharyya,Mira Loma A,overall,2,0,8
i107,Krishay Garg,American A,overall,0,0,0
i107,Stavya Gaonkar,American A,overall,4,1,12
i107,Amaan Mohammad,American A,overall,1,0,4
i107,Ayati Vyas,American A,overall,0,0,0
i107,Tanay Bodducherla,Mira Loma A,overall,2,0,8
i107,Sriram Venkatesh,American A,overall,0,0,0
i108,Ritwik Aeka,Amador Valley A,overall,2,0,8
i108,Edwin He,Amador Valley A,overall,8,1,28
i108,Rohan Garg,Amador Valley A,overall,3,0,12
i108,Gaurav Gupta,Amador Valley A,overall,0,0,0
i108,Anish Bayyapu,Monta Vista A,overall,1,1,0
i108,Ishaan Desai,Monta Vista A,overall,0,0,0
i108,Siddhant Jain,Monta Vista A,overall,3,2,4
i108,Vibha Raghvendran,Monta Vista A,overall,0,0,0
i109,Aniket Mangalampalli,Mission San Jose B,overall,2,0,8
i109,Advai Srinivasan,Mission San Jose B,overall,0,0,0
i109,Daniel Liu,Mission San Jose B,overall,0,0,0
i109,Theenash Sengupta,Mission San Jose B,overall,7,3,16
i109,William Zhao,Dougherty Valley A,overall,3,1,8
i109,Pleban Mishra,Dougherty Valley A,overall,0,1,-4
i109,Akshaj Challa,Dougherty Valley A,overall,1,1,0
i109,Anthony Wei,Dougherty Valley A,overall,2,0,8
i110,Aditi Gargeshwari,Cupertino A,overall,0,0,0
i110,Minseo Park,Cupertino A,overall,0,0,0
i110,Aaditya Karnataki,Cupertino A,overall,6,2,16
i110,Jake Wang,Cupertino A,overall,3,0,12
i110,Ivan Zhang,BASIS Independent A,overall,3,0,12
i110,Sidhant Chaliha,BASIS Independent A,overall,4,1,12
i110,Yueqian Zhang,BASIS Independent A,overall,1,0,4
i110,Anoushka Thamane,BASIS Independent A,overall,0,0,0
i110,Meryl Zhang,BASIS Independent A,overall,0,0,0
i111,Roshan Annamalai,Mission San Jose A,overall,2,0,8
i111,Advaith Mopuri,Mission San Jose A,overall,2,0,8
i111,Gokulanath Mahesh Kumar,Mission San Jose A,overall,5,0,20
i111,Annie Xu,Mission San Jose A,overall,2,0,8
i111,Phoebe Xu,North Hollywood,overall,0,0,0
i111,Boheng Cao,North Hollywood,overall,3,0,12
i111,Connor Zhao,North Hollywood,overall,3,0,12
i111,Suzuko Ohshima,North Hollywood,overall,2,2,0
i112,Michelle Liang,Canyon Crest A,overall,1,0,4
i112,Sean Yu,Canyon Crest A,overall,1,0,4
i112,Alex Xu,Canyon Crest A,overall,5,0,20
i112,Flora Jiang,Canyon Crest A,overall,0,0,0
i112,Selena Yang,Lynbrook A,overall,2,2,0
i112,Sohil Rathi,Lynbrook A,overall,4,0,16
i112,Jianyu Wang,Lynbrook A,overall,0,1,-4
i112,Steve Yang,Lynbrook A,overall,2,1,4
i113,Tanay Bodducherla,Mira Loma A,overall,5,0,20
i113,Elyas Nuh,Mira Loma A,overall,0,0,0
i113,Harish Premkumar,Mira Loma A,overall,3,0,12
i113,Aatreyo Bhattacharyya,Mira Loma A,overall,5,0,20
i113,Gaurav Gupta,Amador Valley A,overall,0,0,0
i113,Rohan Garg,Amador Valley A,overall,1,4,-12
i113,Edwin He,Amador Valley A,overall,1,2,-4
i113,Ritwik Aeka,Amador Valley A,overall,0,1,-4
i113,Aryan Morasa,Mira Loma A,overall,1,0,4
i114,Aniket Mangalampalli,Mission San Jose B,overall,0,0,0
i114,Advai Srinivasan,Mission San Jose B,overall,0,0,0
i114,Daniel Liu,Mission San Jose B,overall,2,0,8
i114,Theenash Sengupta,Mission San Jose B,overall,3,4,-4
i114,Jake Wang,Cupertino A,overall,5,1,16
i114,Aaditya Karnataki,Cupertino A,overall,3,1,8
i114,Minseo Park,Cupertino A,overall,1,0,4
i114,Aditi Gargeshwari,Cupertino A,overall,1,0,4
i115,Suzuko Ohshima,North Hollywood,overall,4,1,12
i115,Connor Zhao,North Hollywood,overall,4,1,12
i115,Boheng Cao,North Hollywood,overall,2,0,8
i115,Phoebe Xu,North Hollywood,overall,0,0,0
i115,Aatreyo Bhattacharyya,Mira Loma A,overall,4,0,16
i115,Harish Premkumar,Mira Loma A,overall,0,0,0
i115,Elyas Nuh,Mira Loma A,overall,3,0,12
i115,Tanay Bodducherla,Mira Loma A,overall,0,1,-4
i116,Samuel Wang,Lynbrook A,overall,0,0,0
i116,Selena Yang,Lynbrook A,overall,1,0,4
i116,Sohil Rathi,Lynbrook A,overall,5,0,20
i116,Steve Yang,Lynbrook A,overall,1,2,-4
i116,Jake Wang,Cupertino A,overall,3,0,12
i116,Aaditya Karnataki,Cupertino A,overall,7,1,24
i116,Minseo Park,Cupertino A,overall,0,0,0
i116,Aditi Gargeshwari,Cupertino A,overall,0,0,0
i116,Jianyu Wang,Lynbrook A,overall,0,0,0
i117,Roshan Annamalai,Mission San Jose A,overall,3,0,12
i117,Jeffrey Li,Mission San Jose A,overall,1,0,4
i117,Gokulanath Mahesh Kumar,Mission San Jose A,overall,1,0,4
i117,Annie Xu,Mission San Jose A,overall,3,0,12
i117,Flora Jiang,Canyon Crest A,overall,1,0,4
i117,Alex Xu,Canyon Crest A,overall,3,0,12
i117,Sean Yu,Canyon Crest A,overall,0,0,0
i117,Michelle Liang,Canyon Crest A,overall,1,0,4
i118,Suzuko Ohshima,North Hollywood,overall,3,0,12
i118,Connor Zhao,North Hollywood,overall,4,0,16
i118,Boheng Cao,North Hollywood,overall,3,0,12
i118,Phoebe Xu,North Hollywood,overall,0,0,0
i118,Jake Wang,Cupertino A,overall,3,1,8
i118,Aaditya Karnataki,Cupertino A,overall,1,0,4
i118,Minseo Park,Cupertino A,overall,0,0,0
i118,Aditi Gargeshwari,Cupertino A,overall,0,0,0
i119,Michelle Liang,Canyon Crest A,overall,1,0,4
i119,Sean Yu,Canyon Crest A,overall,0,1,-4
i119,Alex Xu,Canyon Crest A,overall,1,0,4
i119,Flora Jiang,Canyon Crest A,overall,2,0,8
i119,Phoebe Xu,North Hollywood,overall,0,0,0
i119,Boheng Cao,North Hollywood,overall,2,1,4
i119,Connor Zhao,North Hollywood,overall,3,0,12
i119,Suzuko Ohshima,North Hollywood,overall,4,0,16
i120,Roshan Annamalai,Mission San Jose A,overall,1,0,4
i120,Advaith Mopuri,Mission San Jose A,overall,1,1,0
i120,Gokulanath Mahesh Kumar,Mission San Jose A,overall,2,0,8
i120,Annie Xu,Mission San Jose A,overall,3,0,12
i120,Phoebe Xu,North Hollywood,overall,0,0,0
i120,Boheng Cao,North Hollywood,overall,4,0,16
i120,Connor Zhao,North Hollywood,overall,2,1,4
i120,Suzuko Ohshima,North Hollywood,overall,0,0,0
