player,team,scope,subject,gp,tuh,correct,zeros,negs,points,ppg
Ariv Barua,AHB 1,rr,overall,5,100,8,11,0,32,
Ariv Barua,AHB 1,rr,biology,5,20,1,0,0,4,
Ariv Barua,AHB 1,rr,math,5,20,0,2,0,0,
Ariv Barua,AHB 1,rr,chemistry,5,20,5,0,0,20,
Ariv Barua,AHB 1,rr,ess,5,20,2,8,0,8,
Ariv Barua,AHB 1,rr,physics,5,20,0,1,0,0,
Arnav Bhatia,AHB 1,rr,overall,4,80,5,5,0,20,
Arnav Bhatia,AHB 1,rr,biology,4,16,0,0,0,0,
Arnav Bhatia,AHB 1,rr,math,4,16,3,3,0,12,
Arnav Bhatia,AHB 1,rr,chemistry,4,16,2,1,0,8,
Arnav Bhatia,AHB 1,rr,ess,4,16,0,1,0,0,
Arnav Bhatia,AHB 1,rr,physics,4,16,0,0,0,0,
Daniel Cai,AHB 1,rr,overall,5,100,10,2,3,28,
Daniel Cai,AHB 1,rr,biology,5,20,0,0,0,0,
Daniel Cai,AHB 1,rr,math,5,20,1,1,0,4,
Daniel Cai,AHB 1,rr,chemistry,5,20,3,0,0,12,
Daniel Cai,AHB 1,rr,ess,5,20,0,0,0,0,
Daniel Cai,AHB 1,rr,physics,5,20,6,1,3,12,
Jason Tang,AHB 1,rr,overall,5,100,14,9,4,40,
Jason Tang,AHB 1,rr,biology,5,20,8,4,2,24,
Jason Tang,AHB 1,rr,math,5,20,1,4,1,0,
Jason Tang,AHB 1,rr,chemistry,5,20,2,0,0,8,
Jason Tang,AHB 1,rr,ess,5,20,2,1,0,8,
Jason Tang,AHB 1,rr,physics,5,20,1,0,1,0,
Rishitha Marri,AHB 1,rr,overall,4,80,3,0,1,8,
Rishitha Marri,AHB 1,rr,biology,4,16,0,0,1,-4,
Rishitha Marri,AHB 1,rr,math,4,16,1,0,0,4,
Rishitha Marri,AHB 1,rr,chemistry,4,16,0,0,0,0,
Rishitha Marri,AHB 1,rr,ess,4,16,2,0,0,8,
Rishitha Marri,AHB 1,rr,physics,4,16,0,0,0,0,
Advik Sharma,ASFA 1,rr,overall,5,100,12,2,3,36,
Advik Sharma,ASFA 1,rr,biology,5,20,6,1,2,16,
Advik Sharma,ASFA 1,rr,math,5,20,4,1,0,16,
Advik Sharma,ASFA 1,rr,chemistry,5,20,0,0,1,-4,
Advik Sharma,ASFA 1,rr,ess,5,20,1,0,0,4,
Advik Sharma,ASFA 1,rr,physics,5,20,1,0,0,4,
Akhil Batchu,ASFA 1,rr,overall,5,100,37,1,8,116,
Akhil Batchu,ASFA 1,rr,biology,5,20,4,0,1,12,
Akhil Batchu,ASFA 1,rr,math,5,20,3,0,1,8,
Akhil Batchu,ASFA 1,rr,chemistry,5,20,12,0,2,40,
Akhil Batchu,ASFA 1,rr,ess,5,20,11,1,2,36,
Akhil Batchu,ASFA 1,rr,physics,5,20,7,0,2,20,
Albert Chen,ASFA 1,rr,overall,5,100,6,3,1,20,
Albert Chen,ASFA 1,rr,biology,5,20,0,0,0,0,
Albert Chen,ASFA 1,rr,math,5,20,3,2,0,12,
Albert Chen,ASFA 1,rr,chemistry,5,20,0,0,0,0,
Albert Chen,ASFA 1,rr,ess,5,20,0,0,0,0,
Albert Chen,ASFA 1,rr,physics,5,20,3,1,1,8,
Clark Baty,ASFA 1,rr,overall,2,40,0,0,0,0,
Clark Baty,ASFA 1,rr,biology,2,8,0,0,0,0,
Clark Baty,ASFA 1,rr,math,2,8,0,0,0,0,
Clark Baty,ASFA 1,rr,chemistry,2,8,0,0,0,0,
Clark Baty,ASFA 1,rr,ess,2,8,0,0,0,0,
Clark Baty,ASFA 1,rr,physics,2,8,0,0,0,0,
Skyler Brown,ASFA 1,rr,overall,2,40,6,1,1,20,
Skyler Brown,ASFA 1,rr,biology,2,8,0,0,0,0,
Skyler Brown,ASFA 1,rr,math,2,8,0,0,0,0,
Skyler Brown,ASFA 1,rr,chemistry,2,8,2,1,1,4,
Skyler Brown,ASFA 1,rr,ess,2,8,0,0,0,0,
Skyler Brown,ASFA 1,rr,physics,2,8,4,0,0,16,
Aneesh Sule,Academies of Loudoun,rr,overall,4.5,90,10,7,1,36,
Aneesh Sule,Academies of Loudoun,rr,biology,4.5,18,1,2,0,4,
Aneesh Sule,Academies of Loudoun,rr,math,4.5,18,2,2,0,8,
Aneesh Sule,Academies of Loudoun,rr,chemistry,4.5,18,3,0,0,12,
Aneesh Sule,Academies of Loudoun,rr,ess,4.5,18,1,1,0,4,
Aneesh Sule,Academies of Loudoun,rr,physics,4.5,18,3,2,1,8,
Hudson Barkman,Academies of Loudoun,rr,overall,5,100,3,13,0,12,
Hudson Barkman,Academies of Loudoun,rr,biology,5,20,0,0,0,0,
Hudson Barkman,Academies of Loudoun,rr,math,5,20,0,1,0,0,
Hudson Barkman,Academies of Loudoun,rr,chemistry,5,20,1,0,0,4,
Hudson Barkman,Academies of Loudoun,rr,ess,5,20,2,9,0,8,
Hudson Barkman,Academies of Loudoun,rr,physics,5,20,0,3,0,0,
Priya Lloyd,Academies of Loudoun,rr,overall,5,100,1,6,0,4,
Priya Lloyd,Academies of Loudoun,rr,biology,5,20,0,1,0,0,
Priya Lloyd,Academies of Loudoun,rr,math,5,20,0,1,0,0,
Priya Lloyd,Academies of Loudoun,rr,chemistry,5,20,1,4,0,4,
Priya Lloyd,Academies of Loudoun,rr,ess,5,20,0,0,0,0,
Priya Lloyd,Academies of Loudoun,rr,physics,5,20,0,0,0,0,
Rhea Bhadange,Academies of Loudoun,rr,overall,3,60,0,0,0,0,
Rhea Bhadange,Academies of Loudoun,rr,biology,3,12,0,0,0,0,
Rhea Bhadange,Academies of Loudoun,rr,math,3,12,0,0,0,0,
Rhea Bhadange,Academies of Loudoun,rr,chemistry,3,12,0,0,0,0,
Rhea Bhadange,Academies of Loudoun,rr,ess,3,12,0,0,0,0,
Rhea Bhadange,Academies of Loudoun,rr,physics,3,12,0,0,0,0,
Zayn Imran,Academies of Loudoun,rr,overall,5,100,2,4,0,8,
Zayn Imran,Academies of Loudoun,rr,biology,5,20,2,2,0,8,
Zayn Imran,Academies of Loudoun,rr,math,5,20,0,0,0,0,
Zayn Imran,Academies of Loudoun,rr,chemistry,5,20,0,0,0,0,
Zayn Imran,Academies of Loudoun,rr,ess,5,20,0,0,0,0,
Zayn Imran,Academies of Loudoun,rr,physics,5,20,0,2,0,0,
Austin Zhang,Arcadia 1,rr,overall,5,100,11,2,0,44,
Austin Zhang,Arcadia 1,rr,biology,5,20,0,0,0,0,
Austin Zhang,Arcadia 1,rr,math,5,20,2,2,0,8,
Austin Zhang,Arcadia 1,rr,chemistry,5,20,0,0,0,0,
Austin Zhang,Arcadia 1,rr,ess,5,20,3,0,0,12,
Austin Zhang,Arcadia 1,rr,physics,5,20,6,0,0,24,
Ethan Wang,Arcadia 1,rr,overall,5,100,2,1,1,4,
Ethan Wang,Arcadia 1,rr,biology,5,20,0,1,1,-4,
Ethan Wang,Arcadia 1,rr,math,5,20,1,0,0,4,
Ethan Wang,Arcadia 1,rr,chemistry,5,20,1,0,0,4,
Ethan Wang,Arcadia 1,rr,ess,5,20,0,0,0,0,
Ethan Wang,Arcadia 1,rr,physics,5,20,0,0,0,0,
Henry Zhang,Arcadia 1,rr,overall,5,100,3,3,0,12,
Henry Zhang,Arcadia 1,rr,biology,5,20,1,0,0,4,
Henry Zhang,Arcadia 1,rr,math,5,20,0,1,0,0,
Henry Zhang,Arcadia 1,rr,chemistry,5,20,1,0,0,4,
Henry Zhang,Arcadia 1,rr,ess,5,20,0,0,0,0,
Henry Zhang,Arcadia 1,rr,physics,5,20,1,2,0,4,
Kevin Wu,Arcadia 1,rr,overall,5,100,0,0,0,0,
Kevin Wu,Arcadia 1,rr,biology,5,20,0,0,0,0,
Kevin Wu,Arcadia 1,rr,math,5,20,0,0,0,0,
Kevin Wu,Arcadia 1,rr,chemistry,5,20,0,0,0,0,
Kevin Wu,Arcadia 1,rr,ess,5,20,0,0,0,0,
Kevin Wu,Arcadia 1,rr,physics,5,20,0,0,0,0,
Paxton Lin,Arcadia 1,rr,overall,5,100,21,8,1,80,
Paxton Lin,Arcadia 1,rr,biology,5,20,2,0,0,8,
Paxton Lin,Arcadia 1,rr,math,5,20,2,2,1,4,
Paxton Lin,Arcadia 1,rr,chemistry,5,20,11,2,0,44,
Paxton Lin,Arcadia 1,rr,ess,5,20,6,3,0,24,
Paxton Lin,Arcadia 1,rr,physics,5,20,0,1,0,0,
Yingchi Xiao,Arcadia 1,rr,overall,5,100,4,1,1,12,
Yingchi Xiao,Arcadia 1,rr,biology,5,20,4,1,1,12,
Yingchi Xiao,Arcadia 1,rr,math,5,20,0,0,0,0,
Yingchi Xiao,Arcadia 1,rr,chemistry,5,20,0,0,0,0,
Yingchi Xiao,Arcadia 1,rr,ess,5,20,0,0,0,0,
Yingchi Xiao,Arcadia 1,rr,physics,5,20,0,0,0,0,
Jamie Wu,Arcadia 2,rr,overall,5,100,1,2,0,4,
Jamie Wu,Arcadia 2,rr,biology,5,20,0,0,0,0,
Jamie Wu,Arcadia 2,rr,math,5,20,0,0,0,0,
Jamie Wu,Arcadia 2,rr,chemistry,5,20,0,0,0,0,
Jamie Wu,Arcadia 2,rr,ess,5,20,1,2,0,4,
Jamie Wu,Arcadia 2,rr,physics,5,20,0,0,0,0,
Johnson Peng,Arcadia 2,rr,overall,5,100,14,13,1,52,
Johnson Peng,Arcadia 2,rr,biology,5,20,3,3,0,12,
Johnson Peng,Arcadia 2,rr,math,5,20,3,6,0,12,
Johnson Peng,Arcadia 2,rr,chemistry,5,20,2,1,0,8,
Johnson Peng,Arcadia 2,rr,ess,5,20,1,0,0,4,
Johnson Peng,Arcadia 2,rr,physics,5,20,5,3,1,16,
Pruthwiraj Vishwanatha,Arcadia 2,rr,overall,5,100,11,6,0,44,
Pruthwiraj Vishwanatha,Arcadia 2,rr,biology,5,20,0,1,0,0,
Pruthwiraj Vishwanatha,Arcadia 2,rr,math,5,20,1,1,0,4,
Pruthwiraj Vishwanatha,Arcadia 2,rr,chemistry,5,20,4,1,0,16,
Pruthwiraj Vishwanatha,Arcadia 2,rr,ess,5,20,4,2,0,16,
Pruthwiraj Vishwanatha,Arcadia 2,rr,physics,5,20,2,1,0,8,
Angela Cao,BASIS Independent Fremont,rr,overall,5,100,5,3,1,16,
Angela Cao,BASIS Independent Fremont,rr,biology,5,20,3,2,0,12,
Angela Cao,BASIS Independent Fremont,rr,math,5,20,0,0,0,0,
Angela Cao,BASIS Independent Fremont,rr,chemistry,5,20,2,1,1,4,
Angela Cao,BASIS Independent Fremont,rr,ess,5,20,0,0,0,0,
Angela Cao,BASIS Independent Fremont,rr,physics,5,20,0,0,0,0,
Anthony Hu,BASIS Independent Fremont,rr,overall,5,100,1,2,0,4,
Anthony Hu,BASIS Independent Fremont,rr,biology,5,20,0,0,0,0,
Anthony Hu,BASIS Independent Fremont,rr,math,5,20,1,0,0,4,
Anthony Hu,BASIS Independent Fremont,rr,chemistry,5,20,0,0,0,0,
Anthony Hu,BASIS Independent Fremont,rr,ess,5,20,0,0,0,0,
Anthony Hu,BASIS Independent Fremont,rr,physics,5,20,0,2,0,0,
Arjun Pandey,BASIS Independent Fremont,rr,overall,5,100,16,13,0,64,
Arjun Pandey,BASIS Independent Fremont,rr,biology,5,20,4,1,0,16,
Arjun Pandey,BASIS Independent Fremont,rr,math,5,20,4,4,0,16,
Arjun Pandey,BASIS Independent Fremont,rr,chemistry,5,20,2,0,0,8,
Arjun Pandey,BASIS Independent Fremont,rr,ess,5,20,3,4,0,12,
Arjun Pandey,BASIS Independent Fremont,rr,physics,5,20,3,4,0,12,
Kevin Chen,BASIS Independent Fremont,rr,overall,5,100,3,6,2,4,
Kevin Chen,BASIS Independent Fremont,rr,biology,5,20,2,1,0,8,
Kevin Chen,BASIS Independent Fremont,rr,math,5,20,0,0,1,-4,
Kevin Chen,BASIS Independent Fremont,rr,chemistry,5,20,1,0,0,4,
Kevin Chen,BASIS Independent Fremont,rr,ess,5,20,0,5,0,0,
Kevin Chen,BASIS Independent Fremont,rr,physics,5,20,0,0,1,-4,
Ryan Yan,BASIS Independent Fremont,rr,overall,4,80,1,1,1,0,
Ryan Yan,BASIS Independent Fremont,rr,biology,4,16,0,0,0,0,
Ryan Yan,BASIS Independent Fremont,rr,math,4,16,1,1,0,4,
Ryan Yan,BASIS Independent Fremont,rr,chemistry,4,16,0,0,0,0,
Ryan Yan,BASIS Independent Fremont,rr,ess,4,16,0,0,0,0,
Ryan Yan,BASIS Independent Fremont,rr,physics,4,16,0,0,1,-4,
Aaron Cohen,BISV 1,rr,overall,5,100,0,1,0,0,
Aaron Cohen,BISV 1,rr,biology,5,20,0,0,0,0,
Aaron Cohen,BISV 1,rr,math,5,20,0,0,0,0,
Aaron Cohen,BISV 1,rr,chemistry,5,20,0,0,0,0,
Aaron Cohen,BISV 1,rr,ess,5,20,0,1,0,0,
Aaron Cohen,BISV 1,rr,physics,5,20,0,0,0,0,
Derrick Liu,BISV 1,rr,overall,5,100,9,3,3,24,
Derrick Liu,BISV 1,rr,biology,5,20,2,0,1,4,
Derrick Liu,BISV 1,rr,math,5,20,2,1,2,0,
Derrick Liu,BISV 1,rr,chemistry,5,20,5,0,0,20,
Derrick Liu,BISV 1,rr,ess,5,20,0,2,0,0,
Derrick Liu,BISV 1,rr,physics,5,20,0,0,0,0,
Larry Zhao,BISV 1,rr,overall,5,100,13,1,1,48,
Larry Zhao,BISV 1,rr,biology,5,20,13,1,1,48,
Larry Zhao,BISV 1,rr,math,5,20,0,0,0,0,
Larry Zhao,BISV 1,rr,chemistry,5,20,0,0,0,0,
Larry Zhao,BISV 1,rr,ess,5,20,0,0,0,0,
Larry Zhao,BISV 1,rr,physics,5,20,0,0,0,0,
Lucas Quan,BISV 1,rr,overall,5,100,22,5,6,64,
Lucas Quan,BISV 1,rr,biology,5,20,0,0,0,0,
Lucas Quan,BISV 1,rr,math,5,20,3,3,1,8,
Lucas Quan,BISV 1,rr,chemistry,5,20,7,1,2,20,
Lucas Quan,BISV 1,rr,ess,5,20,5,0,0,20,
Lucas Quan,BISV 1,rr,physics,5,20,7,1,3,16,
Sidhant Chaliha,BISV 1,rr,overall,5,100,8,8,4,16,
Sidhant Chaliha,BISV 1,rr,biology,5,20,0,0,1,-4,
Sidhant Chaliha,BISV 1,rr,math,5,20,2,2,2,0,
Sidhant Chaliha,BISV 1,rr,chemistry,5,20,1,1,0,4,
Sidhant Chaliha,BISV 1,rr,ess,5,20,2,3,1,4,
Sidhant Chaliha,BISV 1,rr,physics,5,20,3,2,0,12,
Eric Guo,BISV 2,rr,overall,5,100,1,1,2,-4,
Eric Guo,BISV 2,rr,biology,5,20,0,0,0,0,
Eric Guo,BISV 2,rr,math,5,20,0,1,1,-4,
Eric Guo,BISV 2,rr,chemistry,5,20,0,0,0,0,
Eric Guo,BISV 2,rr,ess,5,20,1,0,0,4,
Eric Guo,BISV 2,rr,physics,5,20,0,0,1,-4,
Jason Z,BISV 2,rr,overall,5,100,2,13,0,8,
Jason Z,BISV 2,rr,biology,5,20,0,3,0,0,
Jason Z,BISV 2,rr,math,5,20,1,3,0,4,
Jason Z,BISV 2,rr,chemistry,5,20,0,1,0,0,
Jason Z,BISV 2,rr,ess,5,20,1,5,0,4,
Jason Z,BISV 2,rr,physics,5,20,0,1,0,0,
Liam Tran,BISV 2,rr,overall,5,100,24,9,2,88,
Liam Tran,BISV 2,rr,biology,5,20,2,2,0,8,
Liam Tran,BISV 2,rr,math,5,20,4,1,0,16,
Liam Tran,BISV 2,rr,chemistry,5,20,9,0,0,36,
Liam Tran,BISV 2,rr,ess,5,20,1,4,0,4,
Liam Tran,BISV 2,rr,physics,5,20,8,2,2,24,
Minglang Du,BISV 2,rr,overall,5,100,0,1,0,0,
Minglang Du,BISV 2,rr,biology,5,20,0,0,0,0,
Minglang Du,BISV 2,rr,math,5,20,0,1,0,0,
Minglang Du,BISV 2,rr,chemistry,5,20,0,0,0,0,
Minglang Du,BISV 2,rr,ess,5,20,0,0,0,0,
Minglang Du,BISV 2,rr,physics,5,20,0,0,0,0,
Timo Ye,BISV 2,rr,overall,5,100,2,0,1,4,
Timo Ye,BISV 2,rr,biology,5,20,1,0,1,0,
Timo Ye,BISV 2,rr,math,5,20,0,0,0,0,
Timo Ye,BISV 2,rr,chemistry,5,20,0,0,0,0,
Timo Ye,BISV 2,rr,ess,5,20,0,0,0,0,
Timo Ye,BISV 2,rr,physics,5,20,1,0,0,4,
Adhrit Maiti,BRMHS 1,rr,overall,5,100,12,10,3,36,
Adhrit Maiti,BRMHS 1,rr,biology,5,20,0,0,0,0,
Adhrit Maiti,BRMHS 1,rr,math,5,20,5,7,1,16,
Adhrit Maiti,BRMHS 1,rr,chemistry,5,20,3,0,0,12,
Adhrit Maiti,BRMHS 1,rr,ess,5,20,1,1,0,4,
Adhrit Maiti,BRMHS 1,rr,physics,5,20,3,2,2,4,
Bhaskar Moorthy,BRMHS 1,rr,overall,5,100,17,8,2,60,
Bhaskar Moorthy,BRMHS 1,rr,biology,5,20,6,1,1,20,
Bhaskar Moorthy,BRMHS 1,rr,math,5,20,0,1,0,0,
Bhaskar Moorthy,BRMHS 1,rr,chemistry,5,20,6,5,0,24,
Bhaskar Moorthy,BRMHS 1,rr,ess,5,20,2,0,0,8,
Bhaskar Moorthy,BRMHS 1,rr,physics,5,20,3,1,1,8,
Dev Iyer,BRMHS 1,rr,overall,5,100,1,3,1,0,
Dev Iyer,BRMHS 1,rr,biology,5,20,1,3,1,0,
Dev Iyer,BRMHS 1,rr,math,5,20,0,0,0,0,
Dev Iyer,BRMHS 1,rr,chemistry,5,20,0,0,0,0,
Dev Iyer,BRMHS 1,rr,ess,5,20,0,0,0,0,
Dev Iyer,BRMHS 1,rr,physics,5,20,0,0,0,0,
Mary Pham,BRMHS 1,rr,overall,5,100,9,1,1,32,
Mary Pham,BRMHS 1,rr,biology,5,20,0,0,0,0,
Mary Pham,BRMHS 1,rr,math,5,20,0,0,0,0,
Mary Pham,BRMHS 1,rr,chemistry,5,20,1,0,0,4,
Mary Pham,BRMHS 1,rr,ess,5,20,7,1,1,24,
Mary Pham,BRMHS 1,rr,physics,5,20,1,0,0,4,
Alexander Yang,BRMHS 2,rr,overall,5,100,15,9,0,60,
Alexander Yang,BRMHS 2,rr,biology,5,20,4,3,0,16,
Alexander Yang,BRMHS 2,rr,math,5,20,3,3,0,12,
Alexander Yang,BRMHS 2,rr,chemistry,5,20,5,1,0,20,
Alexander Yang,BRMHS 2,rr,ess,5,20,0,1,0,0,
Alexander Yang,BRMHS 2,rr,physics,5,20,3,1,0,12,
Christopher Khoa Nguyen,BRMHS 2,rr,overall,5,100,11,12,0,44,
Christopher Khoa Nguyen,BRMHS 2,rr,biology,5,20,1,3,0,4,
Christopher Khoa Nguyen,BRMHS 2,rr,math,5,20,2,1,0,8,
Christopher Khoa Nguyen,BRMHS 2,rr,chemistry,5,20,1,2,0,4,
Christopher Khoa Nguyen,BRMHS 2,rr,ess,5,20,3,5,0,12,
Christopher Khoa Nguyen,BRMHS 2,rr,physics,5,20,4,1,0,16,
Hitai Lu,BRMHS 2,rr,overall,5,100,0,0,0,0,
Hitai Lu,BRMHS 2,rr,biology,5,20,0,0,0,0,
Hitai Lu,BRMHS 2,rr,math,5,20,0,0,0,0,
Hitai Lu,BRMHS 2,rr,chemistry,5,20,0,0,0,0,
Hitai Lu,BRMHS 2,rr,ess,5,20,0,0,0,0,
Hitai Lu,BRMHS 2,rr,physics,5,20,0,0,0,0,
Kenneth Michel,BRMHS 2,rr,overall,5,100,3,2,0,12,
Kenneth Michel,BRMHS 2,rr,biology,5,20,0,0,0,0,
Kenneth Michel,BRMHS 2,rr,math,5,20,0,1,0,0,
Kenneth Michel,BRMHS 2,rr,chemistry,5,20,0,1,0,0,
Kenneth Michel,BRMHS 2,rr,ess,5,20,1,0,0,4,
Kenneth Michel,BRMHS 2,rr,physics,5,20,2,0,0,8,
John Fenic,BUMSJK,rr,overall,5,100,9,7,4,20,
John Fenic,BUMSJK,rr,biology,5,20,2,0,0,8,
John Fenic,BUMSJK,rr,math,5,20,3,4,1,8,
John Fenic,BUMSJK,rr,chemistry,5,20,2,1,0,8,
John Fenic,BUMSJK,rr,ess,5,20,0,0,0,0,
John Fenic,BUMSJK,rr,physics,5,20,2,2,3,-4,
Jolie Neal,BUMSJK,rr,overall,5,100,1,2,0,4,
Jolie Neal,BUMSJK,rr,biology,5,20,0,0,0,0,
Jolie Neal,BUMSJK,rr,math,5,20,0,0,0,0,
Jolie Neal,BUMSJK,rr,chemistry,5,20,0,0,0,0,
Jolie Neal,BUMSJK,rr,ess,5,20,1,2,0,4,
Jolie Neal,BUMSJK,rr,physics,5,20,0,0,0,0,
Kristin Peng,BUMSJK,rr,overall,5,100,11,12,0,44,
Kristin Peng,BUMSJK,rr,biology,5,20,3,4,0,12,
Kristin Peng,BUMSJK,rr,math,5,20,2,1,0,8,
Kristin Peng,BUMSJK,rr,chemistry,5,20,2,3,0,8,
Kristin Peng,BUMSJK,rr,ess,5,20,0,4,0,0,
Kristin Peng,BUMSJK,rr,physics,5,20,4,0,0,16,
Lena Hong,BUMSJK,rr,overall,5,100,0,0,0,0,
Lena Hong,BUMSJK,rr,biology,5,20,0,0,0,0,
Lena Hong,BUMSJK,rr,math,5,20,0,0,0,0,
Lena Hong,BUMSJK,rr,chemistry,5,20,0,0,0,0,
Lena Hong,BUMSJK,rr,ess,5,20,0,0,0,0,
Lena Hong,BUMSJK,rr,physics,5,20,0,0,0,0,
Chris Wang,Blair 1,rr,overall,4,80,2,2,0,8,
Chris Wang,Blair 1,rr,biology,4,16,0,0,0,0,
Chris Wang,Blair 1,rr,math,4,16,1,1,0,4,
Chris Wang,Blair 1,rr,chemistry,4,16,0,0,0,0,
Chris Wang,Blair 1,rr,ess,4,16,0,1,0,0,
Chris Wang,Blair 1,rr,physics,4,16,1,0,0,4,
Evan Zhang,Blair 1,rr,overall,5,100,28,3,5,92,
Evan Zhang,Blair 1,rr,biology,5,20,0,0,0,0,
Evan Zhang,Blair 1,rr,math,5,20,11,1,1,40,
Evan Zhang,Blair 1,rr,chemistry,5,20,1,0,0,4,
Evan Zhang,Blair 1,rr,ess,5,20,8,1,2,24,
Evan Zhang,Blair 1,rr,physics,5,20,8,1,2,24,
Kevin Feng,Blair 1,rr,overall,5,100,5,1,1,16,
Kevin Feng,Blair 1,rr,biology,5,20,0,0,0,0,
Kevin Feng,Blair 1,rr,math,5,20,0,1,1,-4,
Kevin Feng,Blair 1,rr,chemistry,5,20,1,0,0,4,
Kevin Feng,Blair 1,rr,ess,5,20,3,0,0,12,
Kevin Feng,Blair 1,rr,physics,5,20,1,0,0,4,
Kian Dhawan,Blair 1,rr,overall,5,100,32,1,6,104,
Kian Dhawan,Blair 1,rr,biology,5,20,14,0,3,44,
Kian Dhawan,Blair 1,rr,math,5,20,2,0,0,8,
Kian Dhawan,Blair 1,rr,chemistry,5,20,11,0,1,40,
Kian Dhawan,Blair 1,rr,ess,5,20,1,0,1,0,
Kian Dhawan,Blair 1,rr,physics,5,20,4,1,1,12,
Sam Easaw,Blair 1,rr,overall,4,80,1,0,2,-4,
Sam Easaw,Blair 1,rr,biology,4,16,0,0,0,0,
Sam Easaw,Blair 1,rr,math,4,16,0,0,0,0,
Sam Easaw,Blair 1,rr,chemistry,4,16,1,0,2,-4,
Sam Easaw,Blair 1,rr,ess,4,16,0,0,0,0,
Sam Easaw,Blair 1,rr,physics,4,16,0,0,0,0,
Abhijay Banerjee,Blair 2,rr,overall,3.5,70,2,1,3,-4,
Abhijay Banerjee,Blair 2,rr,biology,3.5,14,0,0,0,0,
Abhijay Banerjee,Blair 2,rr,math,3.5,14,0,0,1,-4,
Abhijay Banerjee,Blair 2,rr,chemistry,3.5,14,1,0,1,0,
Abhijay Banerjee,Blair 2,rr,ess,3.5,14,0,0,0,0,
Abhijay Banerjee,Blair 2,rr,physics,3.5,14,1,1,1,0,
Bill Qian,Blair 2,rr,overall,3.5,70,0,2,3,-12,
Bill Qian,Blair 2,rr,biology,3.5,14,0,0,0,0,
Bill Qian,Blair 2,rr,math,3.5,14,0,2,3,-12,
Bill Qian,Blair 2,rr,chemistry,3.5,14,0,0,0,0,
Bill Qian,Blair 2,rr,ess,3.5,14,0,0,0,0,
Bill Qian,Blair 2,rr,physics,3.5,14,0,0,0,0,
Eric Xie,Blair 2,rr,overall,5,100,17,4,1,64,
Eric Xie,Blair 2,rr,biology,5,20,1,0,0,4,
Eric Xie,Blair 2,rr,math,5,20,7,1,1,24,
Eric Xie,Blair 2,rr,chemistry,5,20,1,0,0,4,
Eric Xie,Blair 2,rr,ess,5,20,0,0,0,0,
Eric Xie,Blair 2,rr,physics,5,20,8,3,0,32,
Meghna Singh,Blair 2,rr,overall,5,100,13,4,0,52,
Meghna Singh,Blair 2,rr,biology,5,20,2,1,0,8,
Meghna Singh,Blair 2,rr,math,5,20,0,0,0,0,
Meghna Singh,Blair 2,rr,chemistry,5,20,5,0,0,20,
Meghna Singh,Blair 2,rr,ess,5,20,6,3,0,24,
Meghna Singh,Blair 2,rr,physics,5,20,0,0,0,0,
Samuel Wang,Blair 2,rr,overall,5,100,19,3,6,52,
Samuel Wang,Blair 2,rr,biology,5,20,11,1,2,36,
Samuel Wang,Blair 2,rr,math,5,20,0,1,0,0,
Samuel Wang,Blair 2,rr,chemistry,5,20,2,1,0,8,
Samuel Wang,Blair 2,rr,ess,5,20,5,0,3,8,
Samuel Wang,Blair 2,rr,physics,5,20,1,0,1,0,
Edison Gao,Blair 3,rr,overall,5,100,6,5,1,20,
Edison Gao,Blair 3,rr,biology,5,20,1,0,0,4,
Edison Gao,Blair 3,rr,math,5,20,4,2,1,12,
Edison Gao,Blair 3,rr,chemistry,5,20,0,0,0,0,
Edison Gao,Blair 3,rr,ess,5,20,0,0,0,0,
Edison Gao,Blair 3,rr,physics,5,20,1,3,0,4,
Henry Lu,Blair 3,rr,overall,5,100,15,13,1,56,
Henry Lu,Blair 3,rr,biology,5,20,3,2,0,12,
Henry Lu,Blair 3,rr,math,5,20,2,1,0,8,
Henry Lu,Blair 3,rr,chemistry,5,20,3,0,0,12,
Henry Lu,Blair 3,rr,ess,5,20,6,9,1,20,
Henry Lu,Blair 3,rr,physics,5,20,1,1,0,4,
Ruixi Zhang,Blair 3,rr,overall,5,100,4,3,0,16,
Ruixi Zhang,Blair 3,rr,biology,5,20,0,2,0,0,
Ruixi Zhang,Blair 3,rr,math,5,20,3,0,0,12,
Ruixi Zhang,Blair 3,rr,chemistry,5,20,1,0,0,4,
Ruixi Zhang,Blair 3,rr,ess,5,20,0,0,0,0,
Ruixi Zhang,Blair 3,rr,physics,5,20,0,1,0,0,
Advaith Bade,Bridgeland,rr,overall,5,100,6,2,4,8,
Advaith Bade,Bridgeland,rr,biology,5,20,1,0,0,4,
Advaith Bade,Bridgeland,rr,math,5,20,0,1,0,0,
Advaith Bade,Bridgeland,rr,chemistry,5,20,0,0,0,0,
Advaith Bade,Bridgeland,rr,ess,5,20,5,0,1,16,
Advaith Bade,Bridgeland,rr,physics,5,20,0,1,3,-12,
Ben Dang,Bridgeland,rr,overall,5,100,16,6,1,60,
Ben Dang,Bridgeland,rr,biology,5,20,7,0,0,28,
Ben Dang,Bridgeland,rr,math,5,20,2,1,0,8,
Ben Dang,Bridgeland,rr,chemistry,5,20,2,0,0,8,
Ben Dang,Bridgeland,rr,ess,5,20,4,3,0,16,
Ben Dang,Bridgeland,rr,physics,5,20,1,2,1,0,
Carson Postrigan,Bridgeland,rr,overall,5,100,2,1,1,4,
Carson Postrigan,Bridgeland,rr,biology,5,20,1,0,1,0,
Carson Postrigan,Bridgeland,rr,math,5,20,1,0,0,4,
Carson Postrigan,Bridgeland,rr,chemistry,5,20,0,0,0,0,
Carson Postrigan,Bridgeland,rr,ess,5,20,0,0,0,0,
Carson Postrigan,Bridgeland,rr,physics,5,20,0,1,0,0,
Shreshta Pendurti,Bridgeland,rr,overall,5,100,2,1,0,8,
Shreshta Pendurti,Bridgeland,rr,biology,5,20,0,1,0,0,
Shreshta Pendurti,Bridgeland,rr,math,5,20,1,0,0,4,
Shreshta Pendurti,Bridgeland,rr,chemistry,5,20,1,0,0,4,
Shreshta Pendurti,Bridgeland,rr,ess,5,20,0,0,0,0,
Shreshta Pendurti,Bridgeland,rr,physics,5,20,0,0,0,0,
Alexander Destefano,CCA 1,rr,overall,5,100,11,14,1,40,
Alexander Destefano,CCA 1,rr,biology,5,20,4,5,0,16,
Alexander Destefano,CCA 1,rr,math,5,20,0,0,0,0,
Alexander Destefano,CCA 1,rr,chemistry,5,20,1,0,0,4,
Alexander Destefano,CCA 1,rr,ess,5,20,3,7,1,8,
Alexander Destefano,CCA 1,rr,physics,5,20,3,2,0,12,
Dennis Stens,CCA 1,rr,overall,5,100,7,1,1,24,
Dennis Stens,CCA 1,rr,biology,5,20,1,1,0,4,
Dennis Stens,CCA 1,rr,math,5,20,0,0,0,0,
Dennis Stens,CCA 1,rr,chemistry,5,20,6,0,1,20,
Dennis Stens,CCA 1,rr,ess,5,20,0,0,0,0,
Dennis Stens,CCA 1,rr,physics,5,20,0,0,0,0,
Owen Mao,CCA 1,rr,overall,5,100,12,13,0,48,
Owen Mao,CCA 1,rr,biology,5,20,0,0,0,0,
Owen Mao,CCA 1,rr,math,5,20,7,8,0,28,
Owen Mao,CCA 1,rr,chemistry,5,20,2,1,0,8,
Owen Mao,CCA 1,rr,ess,5,20,2,0,0,8,
Owen Mao,CCA 1,rr,physics,5,20,1,4,0,4,
Yihan Jing,CCA 1,rr,overall,5,100,0,1,1,-4,
Yihan Jing,CCA 1,rr,biology,5,20,0,0,1,-4,
Yihan Jing,CCA 1,rr,math,5,20,0,1,0,0,
Yihan Jing,CCA 1,rr,chemistry,5,20,0,0,0,0,
Yihan Jing,CCA 1,rr,ess,5,20,0,0,0,0,
Yihan Jing,CCA 1,rr,physics,5,20,0,0,0,0,
Annie Luo,CCA 2,rr,overall,5,100,3,7,2,4,
Annie Luo,CCA 2,rr,biology,5,20,1,4,2,-4,
Annie Luo,CCA 2,rr,math,5,20,1,2,0,4,
Annie Luo,CCA 2,rr,chemistry,5,20,1,1,0,4,
Annie Luo,CCA 2,rr,ess,5,20,0,0,0,0,
Annie Luo,CCA 2,rr,physics,5,20,0,0,0,0,
Aryan Deshmukh,CCA 2,rr,overall,5,100,5,7,1,16,
Aryan Deshmukh,CCA 2,rr,biology,5,20,0,0,0,0,
Aryan Deshmukh,CCA 2,rr,math,5,20,0,0,0,0,
Aryan Deshmukh,CCA 2,rr,chemistry,5,20,2,0,1,4,
Aryan Deshmukh,CCA 2,rr,ess,5,20,1,3,0,4,
Aryan Deshmukh,CCA 2,rr,physics,5,20,2,4,0,8,
Ashley Li,CCA 2,rr,overall,5,100,11,5,0,44,
Ashley Li,CCA 2,rr,biology,5,20,4,1,0,16,
Ashley Li,CCA 2,rr,math,5,20,0,0,0,0,
Ashley Li,CCA 2,rr,chemistry,5,20,5,2,0,20,
Ashley Li,CCA 2,rr,ess,5,20,2,2,0,8,
Ashley Li,CCA 2,rr,physics,5,20,0,0,0,0,
Rishi Kumar,CCA 2,rr,overall,5,100,11,8,0,44,
Rishi Kumar,CCA 2,rr,biology,5,20,0,1,0,0,
Rishi Kumar,CCA 2,rr,math,5,20,4,3,0,16,
Rishi Kumar,CCA 2,rr,chemistry,5,20,2,0,0,8,
Rishi Kumar,CCA 2,rr,ess,5,20,3,2,0,12,
Rishi Kumar,CCA 2,rr,physics,5,20,2,2,0,8,
Alexander Yu,Camas,rr,overall,5,100,14,3,0,56,
Alexander Yu,Camas,rr,biology,5,20,1,1,0,4,
Alexander Yu,Camas,rr,math,5,20,5,0,0,20,
Alexander Yu,Camas,rr,chemistry,5,20,0,0,0,0,
Alexander Yu,Camas,rr,ess,5,20,3,1,0,12,
Alexander Yu,Camas,rr,physics,5,20,5,1,0,20,
Narayan Chutkay,Camas,rr,overall,5,100,8,3,5,12,
Narayan Chutkay,Camas,rr,biology,5,20,7,1,4,12,
Narayan Chutkay,Camas,rr,math,5,20,0,0,0,0,
Narayan Chutkay,Camas,rr,chemistry,5,20,0,0,1,-4,
Narayan Chutkay,Camas,rr,ess,5,20,1,1,0,4,
Narayan Chutkay,Camas,rr,physics,5,20,0,1,0,0,
Shaunak Deshpande,Camas,rr,overall,5,100,2,2,0,8,
Shaunak Deshpande,Camas,rr,biology,5,20,0,0,0,0,
Shaunak Deshpande,Camas,rr,math,5,20,0,0,0,0,
Shaunak Deshpande,Camas,rr,chemistry,5,20,1,2,0,4,
Shaunak Deshpande,Camas,rr,ess,5,20,0,0,0,0,
Shaunak Deshpande,Camas,rr,physics,5,20,1,0,0,4,
Winston Zhang,Camas,rr,overall,5,100,1,1,0,4,
Winston Zhang,Camas,rr,biology,5,20,0,0,0,0,
Winston Zhang,Camas,rr,math,5,20,0,1,0,0,
Winston Zhang,Camas,rr,chemistry,5,20,0,0,0,0,
Winston Zhang,Camas,rr,ess,5,20,0,0,0,0,
Winston Zhang,Camas,rr,physics,5,20,1,0,0,4,
Achuth Vinay,Clovis North High,rr,overall,5,100,12,5,1,44,
Achuth Vinay,Clovis North High,rr,biology,5,20,9,3,1,32,
Achuth Vinay,Clovis North High,rr,math,5,20,2,1,0,8,
Achuth Vinay,Clovis North High,rr,chemistry,5,20,0,0,0,0,
Achuth Vinay,Clovis North High,rr,ess,5,20,0,1,0,0,
Achuth Vinay,Clovis North High,rr,physics,5,20,1,0,0,4,
Justin Do,Clovis North High,rr,overall,5,100,17,3,0,68,
Justin Do,Clovis North High,rr,biology,5,20,2,0,0,8,
Justin Do,Clovis North High,rr,math,5,20,2,2,0,8,
Justin Do,Clovis North High,rr,chemistry,5,20,11,0,0,44,
Justin Do,Clovis North High,rr,ess,5,20,0,1,0,0,
Justin Do,Clovis North High,rr,physics,5,20,2,0,0,8,
Majed Almasri,Clovis North High,rr,overall,5,100,10,12,3,28,
Majed Almasri,Clovis North High,rr,biology,5,20,0,0,0,0,
Majed Almasri,Clovis North High,rr,math,5,20,1,6,0,4,
Majed Almasri,Clovis North High,rr,chemistry,5,20,0,0,0,0,
Majed Almasri,Clovis North High,rr,ess,5,20,2,5,0,8,
Majed Almasri,Clovis North High,rr,physics,5,20,7,1,3,16,
Renard Wu,Clovis North High,rr,overall,5,100,1,3,0,4,
Renard Wu,Clovis North High,rr,biology,5,20,0,0,0,0,
Renard Wu,Clovis North High,rr,math,5,20,0,0,0,0,
Renard Wu,Clovis North High,rr,chemistry,5,20,0,1,0,0,
Renard Wu,Clovis North High,rr,ess,5,20,0,2,0,0,
Renard Wu,Clovis North High,rr,physics,5,20,1,0,0,4,
Andrew Zhang,College Park,rr,overall,4.5,90,4,5,2,8,
Andrew Zhang,College Park,rr,biology,4.5,18,0,0,0,0,
Andrew Zhang,College Park,rr,math,4.5,18,3,4,2,4,
Andrew Zhang,College Park,rr,chemistry,4.5,18,1,0,0,4,
Andrew Zhang,College Park,rr,ess,4.5,18,0,1,0,0,
Andrew Zhang,College Park,rr,physics,4.5,18,0,0,0,0,
Saketh Komaragiri,College Park,rr,overall,5,100,4,2,0,16,
Saketh Komaragiri,College Park,rr,biology,5,20,3,1,0,12,
Saketh Komaragiri,College Park,rr,math,5,20,0,0,0,0,
Saketh Komaragiri,College Park,rr,chemistry,5,20,1,0,0,4,
Saketh Komaragiri,College Park,rr,ess,5,20,0,1,0,0,
Saketh Komaragiri,College Park,rr,physics,5,20,0,0,0,0,
Shubam Vennu,College Park,rr,overall,4.5,90,27,10,6,84,
Shubam Vennu,College Park,rr,biology,4.5,18,7,1,1,24,
Shubam Vennu,College Park,rr,math,4.5,18,1,0,1,0,
Shubam Vennu,College Park,rr,chemistry,4.5,18,10,1,1,36,
Shubam Vennu,College Park,rr,ess,4.5,18,4,5,2,8,
Shubam Vennu,College Park,rr,physics,4.5,18,5,3,1,16,
Charith Nimmagadda,Collierville 1,rr,overall,4.5,90,1,0,1,0,
Charith Nimmagadda,Collierville 1,rr,biology,4.5,18,0,0,0,0,
Charith Nimmagadda,Collierville 1,rr,math,4.5,18,0,0,0,0,
Charith Nimmagadda,Collierville 1,rr,chemistry,4.5,18,0,0,0,0,
Charith Nimmagadda,Collierville 1,rr,ess,4.5,18,0,0,0,0,
Charith Nimmagadda,Collierville 1,rr,physics,4.5,18,1,0,1,0,
Rehan Krishnan,Collierville 1,rr,overall,5,100,12,2,3,36,
Rehan Krishnan,Collierville 1,rr,biology,5,20,10,2,3,28,
Rehan Krishnan,Collierville 1,rr,math,5,20,0,0,0,0,
Rehan Krishnan,Collierville 1,rr,chemistry,5,20,2,0,0,8,
Rehan Krishnan,Collierville 1,rr,ess,5,20,0,0,0,0,
Rehan Krishnan,Collierville 1,rr,physics,5,20,0,0,0,0,
Sai Balusulapalem,Collierville 1,rr,overall,3.5,70,0,0,0,0,
Sai Balusulapalem,Collierville 1,rr,biology,3.5,14,0,0,0,0,
Sai Balusulapalem,Collierville 1,rr,math,3.5,14,0,0,0,0,
Sai Balusulapalem,Collierville 1,rr,chemistry,3.5,14,0,0,0,0,
Sai Balusulapalem,Collierville 1,rr,ess,3.5,14,0,0,0,0,
Sai Balusulapalem,Collierville 1,rr,physics,3.5,14,0,0,0,0,
Shreyansh Alluri,Collierville 1,rr,overall,5,100,5,2,1,16,
Shreyansh Alluri,Collierville 1,rr,biology,5,20,0,0,0,0,
Shreyansh Alluri,Collierville 1,rr,math,5,20,3,2,1,8,
Shreyansh Alluri,Collierville 1,rr,chemistry,5,20,0,0,0,0,
Shreyansh Alluri,Collierville 1,rr,ess,5,20,0,0,0,0,
Shreyansh Alluri,Collierville 1,rr,physics,5,20,2,0,0,8,
Sumin Yoon,Collierville 1,rr,overall,5,100,24,3,5,76,
Sumin Yoon,Collierville 1,rr,biology,5,20,1,0,0,4,
Sumin Yoon,Collierville 1,rr,math,5,20,0,0,0,0,
Sumin Yoon,Collierville 1,rr,chemistry,5,20,11,0,1,40,
Sumin Yoon,Collierville 1,rr,ess,5,20,9,1,3,24,
Sumin Yoon,Collierville 1,rr,physics,5,20,3,2,1,8,
Angeline Chen,Collierville 2,rr,overall,5,100,6,6,0,24,
Angeline Chen,Collierville 2,rr,biology,5,20,0,0,0,0,
Angeline Chen,Collierville 2,rr,math,5,20,2,1,0,8,
Angeline Chen,Collierville 2,rr,chemistry,5,20,1,0,0,4,
Angeline Chen,Collierville 2,rr,ess,5,20,3,5,0,12,
Angeline Chen,Collierville 2,rr,physics,5,20,0,0,0,0,
Cherry Balusulapalem,Collierville 2,rr,overall,5,100,3,0,0,12,
Cherry Balusulapalem,Collierville 2,rr,biology,5,20,0,0,0,0,
Cherry Balusulapalem,Collierville 2,rr,math,5,20,2,0,0,8,
Cherry Balusulapalem,Collierville 2,rr,chemistry,5,20,1,0,0,4,
Cherry Balusulapalem,Collierville 2,rr,ess,5,20,0,0,0,0,
Cherry Balusulapalem,Collierville 2,rr,physics,5,20,0,0,0,0,
Ishan Anne,Collierville 2,rr,overall,5,100,8,4,0,32,
Ishan Anne,Collierville 2,rr,biology,5,20,2,0,0,8,
Ishan Anne,Collierville 2,rr,math,5,20,2,1,0,8,
Ishan Anne,Collierville 2,rr,chemistry,5,20,1,0,0,4,
Ishan Anne,Collierville 2,rr,ess,5,20,0,1,0,0,
Ishan Anne,Collierville 2,rr,physics,5,20,3,2,0,12,
Santhosh Balaji Venkatesh Babu,Collierville 2,rr,overall,5,100,7,9,2,20,
Santhosh Balaji Venkatesh Babu,Collierville 2,rr,biology,5,20,6,1,1,20,
Santhosh Balaji Venkatesh Babu,Collierville 2,rr,math,5,20,0,4,0,0,
Santhosh Balaji Venkatesh Babu,Collierville 2,rr,chemistry,5,20,1,0,1,0,
Santhosh Balaji Venkatesh Babu,Collierville 2,rr,ess,5,20,0,0,0,0,
Santhosh Balaji Venkatesh Babu,Collierville 2,rr,physics,5,20,0,4,0,0,
Brandon Seo,Cupertino 1,rr,overall,5,100,1,0,0,4,
Brandon Seo,Cupertino 1,rr,biology,5,20,0,0,0,0,
Brandon Seo,Cupertino 1,rr,math,5,20,0,0,0,0,
Brandon Seo,Cupertino 1,rr,chemistry,5,20,1,0,0,4,
Brandon Seo,Cupertino 1,rr,ess,5,20,0,0,0,0,
Brandon Seo,Cupertino 1,rr,physics,5,20,0,0,0,0,
Iurii Kirpichev,Cupertino 1,rr,overall,5,100,0,2,0,0,
Iurii Kirpichev,Cupertino 1,rr,biology,5,20,0,0,0,0,
Iurii Kirpichev,Cupertino 1,rr,math,5,20,0,1,0,0,
Iurii Kirpichev,Cupertino 1,rr,chemistry,5,20,0,0,0,0,
Iurii Kirpichev,Cupertino 1,rr,ess,5,20,0,0,0,0,
Iurii Kirpichev,Cupertino 1,rr,physics,5,20,0,1,0,0,
Namita Gaidhani,Cupertino 1,rr,overall,5,100,5,7,0,20,
Namita Gaidhani,Cupertino 1,rr,biology,5,20,1,1,0,4,
Namita Gaidhani,Cupertino 1,rr,math,5,20,0,0,0,0,
Namita Gaidhani,Cupertino 1,rr,chemistry,5,20,0,1,0,0,
Namita Gaidhani,Cupertino 1,rr,ess,5,20,4,5,0,16,
Namita Gaidhani,Cupertino 1,rr,physics,5,20,0,0,0,0,
Pranav Burra,Cupertino 1,rr,overall,5,100,7,12,4,12,
Pranav Burra,Cupertino 1,rr,biology,5,20,0,0,0,0,
Pranav Burra,Cupertino 1,rr,math,5,20,2,5,2,0,
Pranav Burra,Cupertino 1,rr,chemistry,5,20,0,3,2,-8,
Pranav Burra,Cupertino 1,rr,ess,5,20,0,1,0,0,
Pranav Burra,Cupertino 1,rr,physics,5,20,5,3,0,20,
Shubhi Jain,Cupertino 1,rr,overall,5,100,3,1,2,4,
Shubhi Jain,Cupertino 1,rr,biology,5,20,2,0,2,0,
Shubhi Jain,Cupertino 1,rr,math,5,20,0,0,0,0,
Shubhi Jain,Cupertino 1,rr,chemistry,5,20,0,1,0,0,
Shubhi Jain,Cupertino 1,rr,ess,5,20,0,0,0,0,
Shubhi Jain,Cupertino 1,rr,physics,5,20,1,0,0,4,
Anya S,Cupertino 2,rr,overall,5,100,4,8,0,16,
Anya S,Cupertino 2,rr,biology,5,20,1,0,0,4,
Anya S,Cupertino 2,rr,math,5,20,1,3,0,4,
Anya S,Cupertino 2,rr,chemistry,5,20,0,0,0,0,
Anya S,Cupertino 2,rr,ess,5,20,1,4,0,4,
Anya S,Cupertino 2,rr,physics,5,20,1,1,0,4,
Elaine Chen,Cupertino 2,rr,overall,5,100,0,2,0,0,
Elaine Chen,Cupertino 2,rr,biology,5,20,0,0,0,0,
Elaine Chen,Cupertino 2,rr,math,5,20,0,2,0,0,
Elaine Chen,Cupertino 2,rr,chemistry,5,20,0,0,0,0,
Elaine Chen,Cupertino 2,rr,ess,5,20,0,0,0,0,
Elaine Chen,Cupertino 2,rr,physics,5,20,0,0,0,0,
Jaanya Annapureddy,Cupertino 2,rr,overall,5,100,4,0,0,16,
Jaanya Annapureddy,Cupertino 2,rr,biology,5,20,0,0,0,0,
Jaanya Annapureddy,Cupertino 2,rr,math,5,20,2,0,0,8,
Jaanya Annapureddy,Cupertino 2,rr,chemistry,5,20,0,0,0,0,
Jaanya Annapureddy,Cupertino 2,rr,ess,5,20,1,0,0,4,
Jaanya Annapureddy,Cupertino 2,rr,physics,5,20,1,0,0,4,
Rosa Lee,Cupertino 2,rr,overall,5,100,5,1,2,12,
Rosa Lee,Cupertino 2,rr,biology,5,20,4,1,2,8,
Rosa Lee,Cupertino 2,rr,math,5,20,0,0,0,0,
Rosa Lee,Cupertino 2,rr,chemistry,5,20,1,0,0,4,
Rosa Lee,Cupertino 2,rr,ess,5,20,0,0,0,0,
Rosa Lee,Cupertino 2,rr,physics,5,20,0,0,0,0,
Ethan Chan,Davidson Academy,rr,overall,5,100,5,1,0,20,
Ethan Chan,Davidson Academy,rr,biology,5,20,0,0,0,0,
Ethan Chan,Davidson Academy,rr,math,5,20,3,1,0,12,
Ethan Chan,Davidson Academy,rr,chemistry,5,20,0,0,0,0,
Ethan Chan,Davidson Academy,rr,ess,5,20,1,0,0,4,
Ethan Chan,Davidson Academy,rr,physics,5,20,1,0,0,4,
Lucas Wu,Davidson Academy,rr,overall,5,100,37,10,5,128,
Lucas Wu,Davidson Academy,rr,biology,5,20,0,0,0,0,
Lucas Wu,Davidson Academy,rr,math,5,20,9,3,1,32,
Lucas Wu,Davidson Academy,rr,chemistry,5,20,10,0,0,40,
Lucas Wu,Davidson Academy,rr,ess,5,20,6,7,0,24,
Lucas Wu,Davidson Academy,rr,physics,5,20,12,0,4,32,
Shayan Sattarvand,Davidson Academy,rr,overall,5,100,2,0,3,-4,
Shayan Sattarvand,Davidson Academy,rr,biology,5,20,0,0,1,-4,
Shayan Sattarvand,Davidson Academy,rr,math,5,20,0,0,0,0,
Shayan Sattarvand,Davidson Academy,rr,chemistry,5,20,2,0,0,8,
Shayan Sattarvand,Davidson Academy,rr,ess,5,20,0,0,2,-8,
Shayan Sattarvand,Davidson Academy,rr,physics,5,20,0,0,0,0,
Yajur Chandar,Davidson Academy,rr,overall,5,100,16,2,2,56,
Yajur Chandar,Davidson Academy,rr,biology,5,20,11,2,1,40,
Yajur Chandar,Davidson Academy,rr,math,5,20,0,0,0,0,
Yajur Chandar,Davidson Academy,rr,chemistry,5,20,5,0,1,16,
Yajur Chandar,Davidson Academy,rr,ess,5,20,0,0,0,0,
Yajur Chandar,Davidson Academy,rr,physics,5,20,0,0,0,0,
Neal Kedia,Eastlake,rr,overall,4.5,90,6,2,1,20,
Neal Kedia,Eastlake,rr,biology,4.5,18,6,2,1,20,
Neal Kedia,Eastlake,rr,math,4.5,18,0,0,0,0,
Neal Kedia,Eastlake,rr,chemistry,4.5,18,0,0,0,0,
Neal Kedia,Eastlake,rr,ess,4.5,18,0,0,0,0,
Neal Kedia,Eastlake,rr,physics,4.5,18,0,0,0,0,
Saahil Dugar,Eastlake,rr,overall,5,100,11,6,5,24,
Saahil Dugar,Eastlake,rr,biology,5,20,2,1,3,-4,
Saahil Dugar,Eastlake,rr,math,5,20,0,0,1,-4,
Saahil Dugar,Eastlake,rr,chemistry,5,20,6,2,1,20,
Saahil Dugar,Eastlake,rr,ess,5,20,1,3,0,4,
Saahil Dugar,Eastlake,rr,physics,5,20,2,0,0,8,
Saamik Agrawal,Eastlake,rr,overall,5,100,7,6,3,16,
Saamik Agrawal,Eastlake,rr,biology,5,20,0,0,0,0,
Saamik Agrawal,Eastlake,rr,math,5,20,6,3,2,16,
Saamik Agrawal,Eastlake,rr,chemistry,5,20,1,0,0,4,
Saamik Agrawal,Eastlake,rr,ess,5,20,0,0,0,0,
Saamik Agrawal,Eastlake,rr,physics,5,20,0,3,1,-4,
Shivam Chowdhary,Eastlake,rr,overall,4.5,90,8,2,0,32,
Shivam Chowdhary,Eastlake,rr,biology,4.5,18,0,0,0,0,
Shivam Chowdhary,Eastlake,rr,math,4.5,18,2,0,0,8,
Shivam Chowdhary,Eastlake,rr,chemistry,4.5,18,1,1,0,4,
Shivam Chowdhary,Eastlake,rr,ess,4.5,18,0,0,0,0,
Shivam Chowdhary,Eastlake,rr,physics,4.5,18,5,1,0,20,
Yash N,Eastlake,rr,overall,5,100,3,7,2,4,
Yash N,Eastlake,rr,biology,5,20,0,0,0,0,
Yash N,Eastlake,rr,math,5,20,0,0,0,0,
Yash N,Eastlake,rr,chemistry,5,20,0,0,0,0,
Yash N,Eastlake,rr,ess,5,20,3,7,2,4,
Yash N,Eastlake,rr,physics,5,20,0,0,0,0,
Arman Tabesh,Harvard Westlake 1,rr,overall,4,80,0,0,0,0,
Arman Tabesh,Harvard Westlake 1,rr,biology,4,16,0,0,0,0,
Arman Tabesh,Harvard Westlake 1,rr,math,4,16,0,0,0,0,
Arman Tabesh,Harvard Westlake 1,rr,chemistry,4,16,0,0,0,0,
Arman Tabesh,Harvard Westlake 1,rr,ess,4,16,0,0,0,0,
Arman Tabesh,Harvard Westlake 1,rr,physics,4,16,0,0,0,0,
Jessica Ferrie,Harvard Westlake 1,rr,overall,4,80,1,0,1,0,
Jessica Ferrie,Harvard Westlake 1,rr,biology,4,16,0,0,1,-4,
Jessica Ferrie,Harvard Westlake 1,rr,math,4,16,0,0,0,0,
Jessica Ferrie,Harvard Westlake 1,rr,chemistry,4,16,1,0,0,4,
Jessica Ferrie,Harvard Westlake 1,rr,ess,4,16,0,0,0,0,
Jessica Ferrie,Harvard Westlake 1,rr,physics,4,16,0,0,0,0,
Jessie Cai,Harvard Westlake 1,rr,overall,4,80,0,0,0,0,
Jessie Cai,Harvard Westlake 1,rr,biology,4,16,0,0,0,0,
Jessie Cai,Harvard Westlake 1,rr,math,4,16,0,0,0,0,
Jessie Cai,Harvard Westlake 1,rr,chemistry,4,16,0,0,0,0,
Jessie Cai,Harvard Westlake 1,rr,ess,4,16,0,0,0,0,
Jessie Cai,Harvard Westlake 1,rr,physics,4,16,0,0,0,0,
Lisa Cheng,Harvard Westlake 1,rr,overall,4,80,12,7,6,24,
Lisa Cheng,Harvard Westlake 1,rr,biology,4,16,4,2,4,0,
Lisa Cheng,Harvard Westlake 1,rr,math,4,16,1,1,1,0,
Lisa Cheng,Harvard Westlake 1,rr,chemistry,4,16,4,1,0,16,
Lisa Cheng,Harvard Westlake 1,rr,ess,4,16,1,1,0,4,
Lisa Cheng,Harvard Westlake 1,rr,physics,4,16,2,2,1,4,
Mikenever Dai,Harvard Westlake 1,rr,overall,4,80,3,8,0,12,
Mikenever Dai,Harvard Westlake 1,rr,biology,4,16,0,0,0,0,
Mikenever Dai,Harvard Westlake 1,rr,math,4,16,2,7,0,8,
Mikenever Dai,Harvard Westlake 1,rr,chemistry,4,16,0,0,0,0,
Mikenever Dai,Harvard Westlake 1,rr,ess,4,16,0,0,0,0,
Mikenever Dai,Harvard Westlake 1,rr,physics,4,16,1,1,0,4,
Peter Gao,Harvard Westlake 1,rr,overall,4,80,0,0,0,0,
Peter Gao,Harvard Westlake 1,rr,biology,4,16,0,0,0,0,
Peter Gao,Harvard Westlake 1,rr,math,4,16,0,0,0,0,
Peter Gao,Harvard Westlake 1,rr,chemistry,4,16,0,0,0,0,
Peter Gao,Harvard Westlake 1,rr,ess,4,16,0,0,0,0,
Peter Gao,Harvard Westlake 1,rr,physics,4,16,0,0,0,0,
Troy Goodgame,Harvard Westlake 1,rr,overall,4,80,10,5,2,32,
Troy Goodgame,Harvard Westlake 1,rr,biology,4,16,1,1,0,4,
Troy Goodgame,Harvard Westlake 1,rr,math,4,16,1,0,0,4,
Troy Goodgame,Harvard Westlake 1,rr,chemistry,4,16,2,1,0,8,
Troy Goodgame,Harvard Westlake 1,rr,ess,4,16,4,3,2,8,
Troy Goodgame,Harvard Westlake 1,rr,physics,4,16,2,0,0,8,
Alex Gavin,Harvard Westlake 2,rr,overall,5,100,7,11,0,28,
Alex Gavin,Harvard Westlake 2,rr,biology,5,20,0,3,0,0,
Alex Gavin,Harvard Westlake 2,rr,math,5,20,3,4,0,12,
Alex Gavin,Harvard Westlake 2,rr,chemistry,5,20,1,2,0,4,
Alex Gavin,Harvard Westlake 2,rr,ess,5,20,0,1,0,0,
Alex Gavin,Harvard Westlake 2,rr,physics,5,20,3,1,0,12,
Elsa Cheng,Harvard Westlake 2,rr,overall,5,100,3,7,0,12,
Elsa Cheng,Harvard Westlake 2,rr,biology,5,20,1,2,0,4,
Elsa Cheng,Harvard Westlake 2,rr,math,5,20,0,1,0,0,
Elsa Cheng,Harvard Westlake 2,rr,chemistry,5,20,1,1,0,4,
Elsa Cheng,Harvard Westlake 2,rr,ess,5,20,0,1,0,0,
Elsa Cheng,Harvard Westlake 2,rr,physics,5,20,1,2,0,4,
Jessie Cai,Harvard Westlake 2,rr,overall,5,100,2,3,0,8,
Jessie Cai,Harvard Westlake 2,rr,biology,5,20,0,0,0,0,
Jessie Cai,Harvard Westlake 2,rr,math,5,20,0,0,0,0,
Jessie Cai,Harvard Westlake 2,rr,chemistry,5,20,0,1,0,0,
Jessie Cai,Harvard Westlake 2,rr,ess,5,20,2,0,0,8,
Jessie Cai,Harvard Westlake 2,rr,physics,5,20,0,2,0,0,
Peter Gao,Harvard Westlake 2,rr,overall,5,100,6,7,0,24,
Peter Gao,Harvard Westlake 2,rr,biology,5,20,4,1,0,16,
Peter Gao,Harvard Westlake 2,rr,math,5,20,0,0,0,0,
Peter Gao,Harvard Westlake 2,rr,chemistry,5,20,1,0,0,4,
Peter Gao,Harvard Westlake 2,rr,ess,5,20,1,5,0,4,
Peter Gao,Harvard Westlake 2,rr,physics,5,20,0,1,0,0,
Camille Pimentel,Hunter College 1,rr,overall,5,100,15,1,3,48,
Camille Pimentel,Hunter College 1,rr,biology,5,20,3,1,1,8,
Camille Pimentel,Hunter College 1,rr,math,5,20,0,0,0,0,
Camille Pimentel,Hunter College 1,rr,chemistry,5,20,0,0,0,0,
Camille Pimentel,Hunter College 1,rr,ess,5,20,12,0,2,40,
Camille Pimentel,Hunter College 1,rr,physics,5,20,0,0,0,0,
Gabe Levin,Hunter College 1,rr,overall,5,100,34,3,6,112,
Gabe Levin,Hunter College 1,rr,biology,5,20,1,0,0,4,
Gabe Levin,Hunter College 1,rr,math,5,20,9,2,2,28,
Gabe Levin,Hunter College 1,rr,chemistry,5,20,12,0,1,44,
Gabe Levin,Hunter College 1,rr,ess,5,20,0,0,0,0,
Gabe Levin,Hunter College 1,rr,physics,5,20,12,1,3,36,
Simone Maimon,Hunter College 1,rr,overall,5,100,5,1,0,20,
Simone Maimon,Hunter College 1,rr,biology,5,20,3,1,0,12,
Simone Maimon,Hunter College 1,rr,math,5,20,0,0,0,0,
Simone Maimon,Hunter College 1,rr,chemistry,5,20,0,0,0,0,
Simone Maimon,Hunter College 1,rr,ess,5,20,0,0,0,0,
Simone Maimon,Hunter College 1,rr,physics,5,20,2,0,0,8,
Jeev Hora,IMSA 1,rr,overall,5,100,8,13,3,20,
Jeev Hora,IMSA 1,rr,biology,5,20,1,3,2,-4,
Jeev Hora,IMSA 1,rr,math,5,20,0,2,0,0,
Jeev Hora,IMSA 1,rr,chemistry,5,20,2,0,0,8,
Jeev Hora,IMSA 1,rr,ess,5,20,2,5,0,8,
Jeev Hora,IMSA 1,rr,physics,5,20,3,3,1,8,
Shlok Choudhary,IMSA 1,rr,overall,5,100,1,1,0,4,
Shlok Choudhary,IMSA 1,rr,biology,5,20,0,0,0,0,
Shlok Choudhary,IMSA 1,rr,math,5,20,0,1,0,0,
Shlok Choudhary,IMSA 1,rr,chemistry,5,20,0,0,0,0,
Shlok Choudhary,IMSA 1,rr,ess,5,20,0,0,0,0,
Shlok Choudhary,IMSA 1,rr,physics,5,20,1,0,0,4,
Tony Han,IMSA 1,rr,overall,5,100,9,1,6,12,
Tony Han,IMSA 1,rr,biology,5,20,1,0,1,0,
Tony Han,IMSA 1,rr,math,5,20,5,1,2,12,
Tony Han,IMSA 1,rr,chemistry,5,20,1,0,1,0,
Tony Han,IMSA 1,rr,ess,5,20,0,0,0,0,
Tony Han,IMSA 1,rr,physics,5,20,2,0,2,0,
Tyler He,IMSA 1,rr,overall,5,100,2,2,2,0,
Tyler He,IMSA 1,rr,biology,5,20,0,1,0,0,
Tyler He,IMSA 1,rr,math,5,20,0,0,1,-4,
Tyler He,IMSA 1,rr,chemistry,5,20,2,1,1,4,
Tyler He,IMSA 1,rr,ess,5,20,0,0,0,0,
Tyler He,IMSA 1,rr,physics,5,20,0,0,0,0,
Aarnav Jain,IMSA 2,rr,overall,5,100,4,4,3,4,
Aarnav Jain,IMSA 2,rr,biology,5,20,1,0,0,4,
Aarnav Jain,IMSA 2,rr,math,5,20,0,1,0,0,
Aarnav Jain,IMSA 2,rr,chemistry,5,20,0,0,0,0,
Aarnav Jain,IMSA 2,rr,ess,5,20,2,0,1,4,
Aarnav Jain,IMSA 2,rr,physics,5,20,1,3,2,-4,
Colton Bing,IMSA 2,rr,overall,5,100,11,0,2,36,
Colton Bing,IMSA 2,rr,biology,5,20,6,0,2,16,
Colton Bing,IMSA 2,rr,math,5,20,0,0,0,0,
Colton Bing,IMSA 2,rr,chemistry,5,20,2,0,0,8,
Colton Bing,IMSA 2,rr,ess,5,20,2,0,0,8,
Colton Bing,IMSA 2,rr,physics,5,20,1,0,0,4,
Jade Go,IMSA 2,rr,overall,5,100,0,0,0,0,
Jade Go,IMSA 2,rr,biology,5,20,0,0,0,0,
Jade Go,IMSA 2,rr,math,5,20,0,0,0,0,
Jade Go,IMSA 2,rr,chemistry,5,20,0,0,0,0,
Jade Go,IMSA 2,rr,ess,5,20,0,0,0,0,
Jade Go,IMSA 2,rr,physics,5,20,0,0,0,0,
Jonathan Cai,IMSA 2,rr,overall,5,100,2,0,1,4,
Jonathan Cai,IMSA 2,rr,biology,5,20,0,0,0,0,
Jonathan Cai,IMSA 2,rr,math,5,20,0,0,0,0,
Jonathan Cai,IMSA 2,rr,chemistry,5,20,1,0,0,4,
Jonathan Cai,IMSA 2,rr,ess,5,20,0,0,0,0,
Jonathan Cai,IMSA 2,rr,physics,5,20,1,0,1,0,
Daniel york,Iolani School 1,rr,overall,5,100,15,11,6,36,
Daniel york,Iolani School 1,rr,biology,5,20,3,2,0,12,
Daniel york,Iolani School 1,rr,math,5,20,0,1,0,0,
Daniel york,Iolani School 1,rr,chemistry,5,20,4,0,1,12,
Daniel york,Iolani School 1,rr,ess,5,20,3,6,1,8,
Daniel york,Iolani School 1,rr,physics,5,20,5,2,4,4,
Keene Koide,Iolani School 1,rr,overall,5,100,7,2,1,24,
Keene Koide,Iolani School 1,rr,biology,5,20,0,0,0,0,
Keene Koide,Iolani School 1,rr,math,5,20,4,1,0,16,
Keene Koide,Iolani School 1,rr,chemistry,5,20,2,1,1,4,
Keene Koide,Iolani School 1,rr,ess,5,20,0,0,0,0,
Keene Koide,Iolani School 1,rr,physics,5,20,1,0,0,4,
Min Shin,Iolani School 1,rr,overall,5,100,0,0,0,0,
Min Shin,Iolani School 1,rr,biology,5,20,0,0,0,0,
Min Shin,Iolani School 1,rr,math,5,20,0,0,0,0,
Min Shin,Iolani School 1,rr,chemistry,5,20,0,0,0,0,
Min Shin,Iolani School 1,rr,ess,5,20,0,0,0,0,
Min Shin,Iolani School 1,rr,physics,5,20,0,0,0,0,
Sola Murakami,Iolani School 1,rr,overall,5,100,7,7,1,24,
Sola Murakami,Iolani School 1,rr,biology,5,20,0,2,0,0,
Sola Murakami,Iolani School 1,rr,math,5,20,3,2,0,12,
Sola Murakami,Iolani School 1,rr,chemistry,5,20,1,0,0,4,
Sola Murakami,Iolani School 1,rr,ess,5,20,2,2,0,8,
Sola Murakami,Iolani School 1,rr,physics,5,20,1,1,1,0,
Heidi Leonard,James Clemens,rr,overall,5,100,11,2,1,40,
Heidi Leonard,James Clemens,rr,biology,5,20,11,2,0,44,
Heidi Leonard,James Clemens,rr,math,5,20,0,0,1,-4,
Heidi Leonard,James Clemens,rr,chemistry,5,20,0,0,0,0,
Heidi Leonard,James Clemens,rr,ess,5,20,0,0,0,0,
Heidi Leonard,James Clemens,rr,physics,5,20,0,0,0,0,
Joel Yang,James Clemens,rr,overall,5,100,8,2,0,32,
Joel Yang,James Clemens,rr,biology,5,20,0,0,0,0,
Joel Yang,James Clemens,rr,math,5,20,0,0,0,0,
Joel Yang,James Clemens,rr,chemistry,5,20,0,0,0,0,
Joel Yang,James Clemens,rr,ess,5,20,8,2,0,32,
Joel Yang,James Clemens,rr,physics,5,20,0,0,0,0,
Praneel Avula,James Clemens,rr,overall,5,100,35,5,12,92,
Praneel Avula,James Clemens,rr,biology,5,20,2,0,0,8,
Praneel Avula,James Clemens,rr,math,5,20,7,4,2,20,
Praneel Avula,James Clemens,rr,chemistry,5,20,11,0,3,32,
Praneel Avula,James Clemens,rr,ess,5,20,6,1,1,20,
Praneel Avula,James Clemens,rr,physics,5,20,9,0,6,12,
Saqib Baig,James Clemens,rr,overall,5,100,3,1,0,12,
Saqib Baig,James Clemens,rr,biology,5,20,1,1,0,4,
Saqib Baig,James Clemens,rr,math,5,20,0,0,0,0,
Saqib Baig,James Clemens,rr,chemistry,5,20,2,0,0,8,
Saqib Baig,James Clemens,rr,ess,5,20,0,0,0,0,
Saqib Baig,James Clemens,rr,physics,5,20,0,0,0,0,
Helen Wang,Jericho 1,rr,overall,5,100,20,9,1,76,
Helen Wang,Jericho 1,rr,biology,5,20,10,4,0,40,
Helen Wang,Jericho 1,rr,math,5,20,3,2,1,8,
Helen Wang,Jericho 1,rr,chemistry,5,20,0,0,0,0,
Helen Wang,Jericho 1,rr,ess,5,20,5,0,0,20,
Helen Wang,Jericho 1,rr,physics,5,20,2,3,0,8,
Mahdi Khan,Jericho 1,rr,overall,5,100,12,8,0,48,
Mahdi Khan,Jericho 1,rr,biology,5,20,0,0,0,0,
Mahdi Khan,Jericho 1,rr,math,5,20,4,1,0,16,
Mahdi Khan,Jericho 1,rr,chemistry,5,20,1,0,0,4,
Mahdi Khan,Jericho 1,rr,ess,5,20,3,5,0,12,
Mahdi Khan,Jericho 1,rr,physics,5,20,4,2,0,16,
Ryan Tae,Jericho 1,rr,overall,5,100,15,9,3,48,
Ryan Tae,Jericho 1,rr,biology,5,20,1,0,0,4,
Ryan Tae,Jericho 1,rr,math,5,20,0,2,0,0,
Ryan Tae,Jericho 1,rr,chemistry,5,20,12,2,1,44,
Ryan Tae,Jericho 1,rr,ess,5,20,0,2,0,0,
Ryan Tae,Jericho 1,rr,physics,5,20,2,3,2,0,
Andy Ryoo,Jericho 2,rr,overall,4,80,1,4,0,4,
Andy Ryoo,Jericho 2,rr,biology,4,16,0,0,0,0,
Andy Ryoo,Jericho 2,rr,math,4,16,0,3,0,0,
Andy Ryoo,Jericho 2,rr,chemistry,4,16,0,0,0,0,
Andy Ryoo,Jericho 2,rr,ess,4,16,0,0,0,0,
Andy Ryoo,Jericho 2,rr,physics,4,16,1,1,0,4,
Henry Li,Jericho 2,rr,overall,4,80,1,6,2,-4,
Henry Li,Jericho 2,rr,biology,4,16,0,0,0,0,
Henry Li,Jericho 2,rr,math,4,16,0,2,0,0,
Henry Li,Jericho 2,rr,chemistry,4,16,0,0,1,-4,
Henry Li,Jericho 2,rr,ess,4,16,1,3,0,4,
Henry Li,Jericho 2,rr,physics,4,16,0,1,1,-4,
Joshua Horowitz,Jericho 2,rr,overall,4,80,5,4,1,16,
Joshua Horowitz,Jericho 2,rr,biology,4,16,2,0,1,4,
Joshua Horowitz,Jericho 2,rr,math,4,16,3,1,0,12,
Joshua Horowitz,Jericho 2,rr,chemistry,4,16,0,1,0,0,
Joshua Horowitz,Jericho 2,rr,ess,4,16,0,1,0,0,
Joshua Horowitz,Jericho 2,rr,physics,4,16,0,1,0,0,
Rayan Hasan,Jericho 2,rr,overall,4,80,7,7,1,24,
Rayan Hasan,Jericho 2,rr,biology,4,16,0,3,0,0,
Rayan Hasan,Jericho 2,rr,math,4,16,1,0,1,0,
Rayan Hasan,Jericho 2,rr,chemistry,4,16,5,2,0,20,
Rayan Hasan,Jericho 2,rr,ess,4,16,1,1,0,4,
Rayan Hasan,Jericho 2,rr,physics,4,16,0,1,0,0,
Aryan Ahire,John P. Stevens,rr,overall,5,100,2,2,2,0,
Aryan Ahire,John P. Stevens,rr,biology,5,20,0,0,0,0,
Aryan Ahire,John P. Stevens,rr,math,5,20,1,0,1,0,
Aryan Ahire,John P. Stevens,rr,chemistry,5,20,0,0,0,0,
Aryan Ahire,John P. Stevens,rr,ess,5,20,0,1,0,0,
Aryan Ahire,John P. Stevens,rr,physics,5,20,1,1,1,0,
Pranesh Kirubakar,John P. Stevens,rr,overall,5,100,2,14,1,4,
Pranesh Kirubakar,John P. Stevens,rr,biology,5,20,0,1,1,-4,
Pranesh Kirubakar,John P. Stevens,rr,math,5,20,1,4,0,4,
Pranesh Kirubakar,John P. Stevens,rr,chemistry,5,20,0,1,0,0,
Pranesh Kirubakar,John P. Stevens,rr,ess,5,20,1,5,0,4,
Pranesh Kirubakar,John P. Stevens,rr,physics,5,20,0,3,0,0,
Rishabh Girish,John P. Stevens,rr,overall,5,100,1,6,1,0,
Rishabh Girish,John P. Stevens,rr,biology,5,20,0,1,0,0,
Rishabh Girish,John P. Stevens,rr,math,5,20,0,1,0,0,
Rishabh Girish,John P. Stevens,rr,chemistry,5,20,0,0,1,-4,
Rishabh Girish,John P. Stevens,rr,ess,5,20,0,1,0,0,
Rishabh Girish,John P. Stevens,rr,physics,5,20,1,3,0,4,
Saish Koul,John P. Stevens,rr,overall,5,100,6,14,3,12,
Saish Koul,John P. Stevens,rr,biology,5,20,1,4,3,-8,
Saish Koul,John P. Stevens,rr,math,5,20,0,1,0,0,
Saish Koul,John P. Stevens,rr,chemistry,5,20,4,4,0,16,
Saish Koul,John P. Stevens,rr,ess,5,20,1,2,0,4,
Saish Koul,John P. Stevens,rr,physics,5,20,0,3,0,0,
Shlok K,John P. Stevens,rr,overall,5,100,0,0,0,0,
Shlok K,John P. Stevens,rr,biology,5,20,0,0,0,0,
Shlok K,John P. Stevens,rr,math,5,20,0,0,0,0,
Shlok K,John P. Stevens,rr,chemistry,5,20,0,0,0,0,
Shlok K,John P. Stevens,rr,ess,5,20,0,0,0,0,
Shlok K,John P. Stevens,rr,physics,5,20,0,0,0,0,
Shlok Kumar,John P. Stevens,rr,overall,5,100,0,0,0,0,
Shlok Kumar,John P. Stevens,rr,biology,5,20,0,0,0,0,
Shlok Kumar,John P. Stevens,rr,math,5,20,0,0,0,0,
Shlok Kumar,John P. Stevens,rr,chemistry,5,20,0,0,0,0,
Shlok Kumar,John P. Stevens,rr,ess,5,20,0,0,0,0,
Shlok Kumar,John P. Stevens,rr,physics,5,20,0,0,0,0,
Sreehaas Mannepalli,John P. Stevens,rr,overall,5,100,2,1,1,4,
Sreehaas Mannepalli,John P. Stevens,rr,biology,5,20,1,0,0,4,
Sreehaas Mannepalli,John P. Stevens,rr,math,5,20,0,0,1,-4,
Sreehaas Mannepalli,John P. Stevens,rr,chemistry,5,20,0,0,0,0,
Sreehaas Mannepalli,John P. Stevens,rr,ess,5,20,1,0,0,4,
Sreehaas Mannepalli,John P. Stevens,rr,physics,5,20,0,1,0,0,
Aaron Lin,Ladue,rr,overall,5,100,32,8,3,116,
Aaron Lin,Ladue,rr,biology,5,20,0,0,2,-8,
Aaron Lin,Ladue,rr,math,5,20,11,6,0,44,
Aaron Lin,Ladue,rr,chemistry,5,20,6,0,0,24,
Aaron Lin,Ladue,rr,ess,5,20,0,1,0,0,
Aaron Lin,Ladue,rr,physics,5,20,15,1,1,56,
Alex Wang,Ladue,rr,overall,5,100,2,0,1,4,
Alex Wang,Ladue,rr,biology,5,20,0,0,0,0,
Alex Wang,Ladue,rr,math,5,20,0,0,0,0,
Alex Wang,Ladue,rr,chemistry,5,20,1,0,0,4,
Alex Wang,Ladue,rr,ess,5,20,1,0,1,0,
Alex Wang,Ladue,rr,physics,5,20,0,0,0,0,
Arman A,Ladue,rr,overall,5,100,9,4,3,24,
Arman A,Ladue,rr,biology,5,20,6,2,2,16,
Arman A,Ladue,rr,math,5,20,0,0,0,0,
Arman A,Ladue,rr,chemistry,5,20,2,1,0,8,
Arman A,Ladue,rr,ess,5,20,1,1,0,4,
Arman A,Ladue,rr,physics,5,20,0,0,1,-4,
Ayden Huang,Ladue,rr,overall,5,100,8,6,3,20,
Ayden Huang,Ladue,rr,biology,5,20,2,0,1,4,
Ayden Huang,Ladue,rr,math,5,20,0,0,0,0,
Ayden Huang,Ladue,rr,chemistry,5,20,1,0,1,0,
Ayden Huang,Ladue,rr,ess,5,20,5,6,1,16,
Ayden Huang,Ladue,rr,physics,5,20,0,0,0,0,
Rishi Suri,Ladue,rr,overall,5,100,0,0,0,0,
Rishi Suri,Ladue,rr,biology,5,20,0,0,0,0,
Rishi Suri,Ladue,rr,math,5,20,0,0,0,0,
Rishi Suri,Ladue,rr,chemistry,5,20,0,0,0,0,
Rishi Suri,Ladue,rr,ess,5,20,0,0,0,0,
Rishi Suri,Ladue,rr,physics,5,20,0,0,0,0,
Tianhan Huang,Ladue,rr,overall,5,100,1,0,0,4,
Tianhan Huang,Ladue,rr,biology,5,20,0,0,0,0,
Tianhan Huang,Ladue,rr,math,5,20,0,0,0,0,
Tianhan Huang,Ladue,rr,chemistry,5,20,1,0,0,4,
Tianhan Huang,Ladue,rr,ess,5,20,0,0,0,0,
Tianhan Huang,Ladue,rr,physics,5,20,0,0,0,0,
Zoran Pan,Ladue,rr,overall,5,100,0,1,0,0,
Zoran Pan,Ladue,rr,biology,5,20,0,1,0,0,
Zoran Pan,Ladue,rr,math,5,20,0,0,0,0,
Zoran Pan,Ladue,rr,chemistry,5,20,0,0,0,0,
Zoran Pan,Ladue,rr,ess,5,20,0,0,0,0,
Zoran Pan,Ladue,rr,physics,5,20,0,0,0,0,
Emma Li,Lakeside 1,rr,overall,4,80,0,0,0,0,
Emma Li,Lakeside 1,rr,biology,4,16,0,0,0,0,
Emma Li,Lakeside 1,rr,math,4,16,0,0,0,0,
Emma Li,Lakeside 1,rr,chemistry,4,16,0,0,0,0,
Emma Li,Lakeside 1,rr,ess,4,16,0,0,0,0,
Emma Li,Lakeside 1,rr,physics,4,16,0,0,0,0,
James Yang,Lakeside 1,rr,overall,5,100,3,4,3,0,
James Yang,Lakeside 1,rr,biology,5,20,0,0,0,0,
James Yang,Lakeside 1,rr,math,5,20,3,4,3,0,
James Yang,Lakeside 1,rr,chemistry,5,20,0,0,0,0,
James Yang,Lakeside 1,rr,ess,5,20,0,0,0,0,
James Yang,Lakeside 1,rr,physics,5,20,0,0,0,0,
Sara Liu,Lakeside 1,rr,overall,5,100,2,1,0,8,
Sara Liu,Lakeside 1,rr,biology,5,20,0,0,0,0,
Sara Liu,Lakeside 1,rr,math,5,20,0,0,0,0,
Sara Liu,Lakeside 1,rr,chemistry,5,20,0,0,0,0,
Sara Liu,Lakeside 1,rr,ess,5,20,0,0,0,0,
Sara Liu,Lakeside 1,rr,physics,5,20,2,1,0,8,
Vishnu Mangipudi,Lakeside 1,rr,overall,5,100,30,13,3,108,
Vishnu Mangipudi,Lakeside 1,rr,biology,5,20,4,3,0,16,
Vishnu Mangipudi,Lakeside 1,rr,math,5,20,2,3,1,4,
Vishnu Mangipudi,Lakeside 1,rr,chemistry,5,20,4,0,0,16,
Vishnu Mangipudi,Lakeside 1,rr,ess,5,20,13,5,0,52,
Vishnu Mangipudi,Lakeside 1,rr,physics,5,20,7,2,2,20,
William Wang,Lakeside 1,rr,overall,5,100,14,2,1,52,
William Wang,Lakeside 1,rr,biology,5,20,1,2,0,4,
William Wang,Lakeside 1,rr,math,5,20,0,0,0,0,
William Wang,Lakeside 1,rr,chemistry,5,20,10,0,1,36,
William Wang,Lakeside 1,rr,ess,5,20,0,0,0,0,
William Wang,Lakeside 1,rr,physics,5,20,3,0,0,12,
Aarin Mugundu,Lexington,rr,overall,5,100,4,1,1,12,
Aarin Mugundu,Lexington,rr,biology,5,20,0,0,0,0,
Aarin Mugundu,Lexington,rr,math,5,20,0,0,0,0,
Aarin Mugundu,Lexington,rr,chemistry,5,20,4,1,1,12,
Aarin Mugundu,Lexington,rr,ess,5,20,0,0,0,0,
Aarin Mugundu,Lexington,rr,physics,5,20,0,0,0,0,
Akshay Rao,Lexington,rr,overall,5,100,11,8,0,44,
Akshay Rao,Lexington,rr,biology,5,20,1,0,0,4,
Akshay Rao,Lexington,rr,math,5,20,6,5,0,24,
Akshay Rao,Lexington,rr,chemistry,5,20,1,0,0,4,
Akshay Rao,Lexington,rr,ess,5,20,2,2,0,8,
Akshay Rao,Lexington,rr,physics,5,20,1,1,0,4,
Ashray Malhotra,Lexington,rr,overall,5,100,9,5,2,28,
Ashray Malhotra,Lexington,rr,biology,5,20,1,0,1,0,
Ashray Malhotra,Lexington,rr,math,5,20,0,0,0,0,
Ashray Malhotra,Lexington,rr,chemistry,5,20,0,0,0,0,
Ashray Malhotra,Lexington,rr,ess,5,20,6,3,0,24,
Ashray Malhotra,Lexington,rr,physics,5,20,2,2,1,4,
Simon Zhang,Lexington,rr,overall,5,100,22,4,1,84,
Simon Zhang,Lexington,rr,biology,5,20,8,3,1,28,
Simon Zhang,Lexington,rr,math,5,20,0,1,0,0,
Simon Zhang,Lexington,rr,chemistry,5,20,10,0,0,40,
Simon Zhang,Lexington,rr,ess,5,20,2,0,0,8,
Simon Zhang,Lexington,rr,physics,5,20,2,0,0,8,
Alex Ma,Lynbrook 1,rr,overall,2,40,0,0,0,0,
Alex Ma,Lynbrook 1,rr,biology,2,8,0,0,0,0,
Alex Ma,Lynbrook 1,rr,math,2,8,0,0,0,0,
Alex Ma,Lynbrook 1,rr,chemistry,2,8,0,0,0,0,
Alex Ma,Lynbrook 1,rr,ess,2,8,0,0,0,0,
Alex Ma,Lynbrook 1,rr,physics,2,8,0,0,0,0,
Evan Liu,Lynbrook 1,rr,overall,4.5,90,18,18,2,64,
Evan Liu,Lynbrook 1,rr,biology,4.5,18,1,3,0,4,
Evan Liu,Lynbrook 1,rr,math,4.5,18,2,5,0,8,
Evan Liu,Lynbrook 1,rr,chemistry,4.5,18,8,0,2,24,
Evan Liu,Lynbrook 1,rr,ess,4.5,18,1,6,0,4,
Evan Liu,Lynbrook 1,rr,physics,4.5,18,6,4,0,24,
Philip Kohr,Lynbrook 1,rr,overall,3,60,3,4,0,12,
Philip Kohr,Lynbrook 1,rr,biology,3,12,0,1,0,0,
Philip Kohr,Lynbrook 1,rr,math,3,12,0,0,0,0,
Philip Kohr,Lynbrook 1,rr,chemistry,3,12,0,0,0,0,
Philip Kohr,Lynbrook 1,rr,ess,3,12,3,3,0,12,
Philip Kohr,Lynbrook 1,rr,physics,3,12,0,0,0,0,
Ryan Bansal,Lynbrook 1,rr,overall,2,40,0,0,0,0,
Ryan Bansal,Lynbrook 1,rr,biology,2,8,0,0,0,0,
Ryan Bansal,Lynbrook 1,rr,math,2,8,0,0,0,0,
Ryan Bansal,Lynbrook 1,rr,chemistry,2,8,0,0,0,0,
Ryan Bansal,Lynbrook 1,rr,ess,2,8,0,0,0,0,
Ryan Bansal,Lynbrook 1,rr,physics,2,8,0,0,0,0,
Sohil Rathi,Lynbrook 1,rr,overall,2,40,9,1,2,28,
Sohil Rathi,Lynbrook 1,rr,biology,2,8,2,0,1,4,
Sohil Rathi,Lynbrook 1,rr,math,2,8,3,1,0,12,
Sohil Rathi,Lynbrook 1,rr,chemistry,2,8,0,0,0,0,
Sohil Rathi,Lynbrook 1,rr,ess,2,8,0,0,1,-4,
Sohil Rathi,Lynbrook 1,rr,physics,2,8,4,0,0,16,
Aarush Iyer,MSJ 3,rr,overall,5,100,15,7,2,52,
Aarush Iyer,MSJ 3,rr,biology,5,20,10,1,0,40,
Aarush Iyer,MSJ 3,rr,math,5,20,0,1,1,-4,
Aarush Iyer,MSJ 3,rr,chemistry,5,20,4,3,1,12,
Aarush Iyer,MSJ 3,rr,ess,5,20,0,0,0,0,
Aarush Iyer,MSJ 3,rr,physics,5,20,1,2,0,4,
Abhiraam Girish,MSJ 3,rr,overall,5,100,20,5,5,60,
Abhiraam Girish,MSJ 3,rr,biology,5,20,0,0,0,0,
Abhiraam Girish,MSJ 3,rr,math,5,20,3,2,0,12,
Abhiraam Girish,MSJ 3,rr,chemistry,5,20,3,1,0,12,
Abhiraam Girish,MSJ 3,rr,ess,5,20,8,2,5,12,
Abhiraam Girish,MSJ 3,rr,physics,5,20,6,0,0,24,
Hank Sun,MSJ 3,rr,overall,5,100,6,5,1,20,
Hank Sun,MSJ 3,rr,biology,5,20,0,0,0,0,
Hank Sun,MSJ 3,rr,math,5,20,3,2,1,8,
Hank Sun,MSJ 3,rr,chemistry,5,20,0,0,0,0,
Hank Sun,MSJ 3,rr,ess,5,20,0,0,0,0,
Hank Sun,MSJ 3,rr,physics,5,20,3,3,0,12,
Maxwell Zhang,MSJ 3,rr,overall,5,100,2,0,3,-4,
Maxwell Zhang,MSJ 3,rr,biology,5,20,2,0,3,-4,
Maxwell Zhang,MSJ 3,rr,math,5,20,0,0,0,0,
Maxwell Zhang,MSJ 3,rr,chemistry,5,20,0,0,0,0,
Maxwell Zhang,MSJ 3,rr,ess,5,20,0,0,0,0,
Maxwell Zhang,MSJ 3,rr,physics,5,20,0,0,0,0,
Carl Towns,Minnesota Institute of Timberwolves,rr,overall,5,100,6,1,1,20,
Carl Towns,Minnesota Institute of Timberwolves,rr,biology,5,20,0,0,0,0,
Carl Towns,Minnesota Institute of Timberwolves,rr,math,5,20,5,1,0,20,
Carl Towns,Minnesota Institute of Timberwolves,rr,chemistry,5,20,0,0,0,0,
Carl Towns,Minnesota Institute of Timberwolves,rr,ess,5,20,1,0,1,0,
Carl Towns,Minnesota Institute of Timberwolves,rr,physics,5,20,0,0,0,0,
Edward Anthony,Minnesota Institute of Timberwolves,rr,overall,5,100,49,3,7,168,
Edward Anthony,Minnesota Institute of Timberwolves,rr,biology,5,20,7,0,2,20,
Edward Anthony,Minnesota Institute of Timberwolves,rr,math,5,20,8,1,1,28,
Edward Anthony,Minnesota Institute of Timberwolves,rr,chemistry,5,20,17,0,0,68,
Edward Anthony,Minnesota Institute of Timberwolves,rr,ess,5,20,4,1,2,8,
Edward Anthony,Minnesota Institute of Timberwolves,rr,physics,5,20,13,1,2,44,
Fei Sean,Minnesota Institute of Timberwolves,rr,overall,4,80,13,2,4,36,
Fei Sean,Minnesota Institute of Timberwolves,rr,biology,4,16,8,1,1,28,
Fei Sean,Minnesota Institute of Timberwolves,rr,math,4,16,0,0,0,0,
Fei Sean,Minnesota Institute of Timberwolves,rr,chemistry,4,16,0,0,0,0,
Fei Sean,Minnesota Institute of Timberwolves,rr,ess,4,16,4,1,1,12,
Fei Sean,Minnesota Institute of Timberwolves,rr,physics,4,16,1,0,2,-4,
Advaith Mopuri,Mission San Jose 1,rr,overall,5,100,14,1,9,20,
Advaith Mopuri,Mission San Jose 1,rr,biology,5,20,0,0,1,-4,
Advaith Mopuri,Mission San Jose 1,rr,math,5,20,8,1,3,20,
Advaith Mopuri,Mission San Jose 1,rr,chemistry,5,20,0,0,1,-4,
Advaith Mopuri,Mission San Jose 1,rr,ess,5,20,0,0,1,-4,
Advaith Mopuri,Mission San Jose 1,rr,physics,5,20,6,0,3,12,
Anish Agarwal,Mission San Jose 1,rr,overall,4.5,90,1,0,3,-8,
Anish Agarwal,Mission San Jose 1,rr,biology,4.5,18,0,0,1,-4,
Anish Agarwal,Mission San Jose 1,rr,math,4.5,18,0,0,0,0,
Anish Agarwal,Mission San Jose 1,rr,chemistry,4.5,18,1,0,1,0,
Anish Agarwal,Mission San Jose 1,rr,ess,4.5,18,0,0,0,0,
Anish Agarwal,Mission San Jose 1,rr,physics,4.5,18,0,0,1,-4,
Roshan Annamalai,Mission San Jose 1,rr,overall,5,100,27,3,2,100,
Roshan Annamalai,Mission San Jose 1,rr,biology,5,20,0,0,0,0,
Roshan Annamalai,Mission San Jose 1,rr,math,5,20,3,2,0,12,
Roshan Annamalai,Mission San Jose 1,rr,chemistry,5,20,2,0,1,4,
Roshan Annamalai,Mission San Jose 1,rr,ess,5,20,17,0,0,68,
Roshan Annamalai,Mission San Jose 1,rr,physics,5,20,5,1,1,16,
Rutvik Arora,Mission San Jose 1,rr,overall,4.5,90,4,0,0,16,
Rutvik Arora,Mission San Jose 1,rr,biology,4.5,18,0,0,0,0,
Rutvik Arora,Mission San Jose 1,rr,math,4.5,18,2,0,0,8,
Rutvik Arora,Mission San Jose 1,rr,chemistry,4.5,18,0,0,0,0,
Rutvik Arora,Mission San Jose 1,rr,ess,4.5,18,1,0,0,4,
Rutvik Arora,Mission San Jose 1,rr,physics,4.5,18,1,0,0,4,
Theenash Sengupta,Mission San Jose 1,rr,overall,5,100,27,2,6,84,
Theenash Sengupta,Mission San Jose 1,rr,biology,5,20,12,1,4,32,
Theenash Sengupta,Mission San Jose 1,rr,math,5,20,0,1,0,0,
Theenash Sengupta,Mission San Jose 1,rr,chemistry,5,20,12,0,2,40,
Theenash Sengupta,Mission San Jose 1,rr,ess,5,20,1,0,0,4,
Theenash Sengupta,Mission San Jose 1,rr,physics,5,20,2,0,0,8,
Andy Liu,Mission San Jose 2,rr,overall,4,80,3,1,3,0,
Andy Liu,Mission San Jose 2,rr,biology,4,16,0,0,1,-4,
Andy Liu,Mission San Jose 2,rr,math,4,16,2,0,0,8,
Andy Liu,Mission San Jose 2,rr,chemistry,4,16,1,1,1,0,
Andy Liu,Mission San Jose 2,rr,ess,4,16,0,0,0,0,
Andy Liu,Mission San Jose 2,rr,physics,4,16,0,0,1,-4,
Aravind Muralidharan,Mission San Jose 2,rr,overall,5,100,10,2,2,32,
Aravind Muralidharan,Mission San Jose 2,rr,biology,5,20,10,1,2,32,
Aravind Muralidharan,Mission San Jose 2,rr,math,5,20,0,0,0,0,
Aravind Muralidharan,Mission San Jose 2,rr,chemistry,5,20,0,0,0,0,
Aravind Muralidharan,Mission San Jose 2,rr,ess,5,20,0,0,0,0,
Aravind Muralidharan,Mission San Jose 2,rr,physics,5,20,0,1,0,0,
Edward Zeng,Mission San Jose 2,rr,overall,5,100,5,0,0,20,
Edward Zeng,Mission San Jose 2,rr,biology,5,20,0,0,0,0,
Edward Zeng,Mission San Jose 2,rr,math,5,20,0,0,0,0,
Edward Zeng,Mission San Jose 2,rr,chemistry,5,20,3,0,0,12,
Edward Zeng,Mission San Jose 2,rr,ess,5,20,0,0,0,0,
Edward Zeng,Mission San Jose 2,rr,physics,5,20,2,0,0,8,
Ishaan Kabra,Mission San Jose 2,rr,overall,5,100,26,4,11,60,
Ishaan Kabra,Mission San Jose 2,rr,biology,5,20,0,0,0,0,
Ishaan Kabra,Mission San Jose 2,rr,math,5,20,8,2,4,16,
Ishaan Kabra,Mission San Jose 2,rr,chemistry,5,20,2,0,2,0,
Ishaan Kabra,Mission San Jose 2,rr,ess,5,20,12,0,4,32,
Ishaan Kabra,Mission San Jose 2,rr,physics,5,20,4,2,1,12,
Lucas Jiang,Mission San Jose 2,rr,overall,5,100,3,0,0,12,
Lucas Jiang,Mission San Jose 2,rr,biology,5,20,0,0,0,0,
Lucas Jiang,Mission San Jose 2,rr,math,5,20,0,0,0,0,
Lucas Jiang,Mission San Jose 2,rr,chemistry,5,20,3,0,0,12,
Lucas Jiang,Mission San Jose 2,rr,ess,5,20,0,0,0,0,
Lucas Jiang,Mission San Jose 2,rr,physics,5,20,0,0,0,0,
Angelina Yan,North Hollywood 1,rr,overall,5,100,4,0,1,12,
Angelina Yan,North Hollywood 1,rr,biology,5,20,3,0,0,12,
Angelina Yan,North Hollywood 1,rr,math,5,20,0,0,0,0,
Angelina Yan,North Hollywood 1,rr,chemistry,5,20,0,0,0,0,
Angelina Yan,North Hollywood 1,rr,ess,5,20,1,0,1,0,
Angelina Yan,North Hollywood 1,rr,physics,5,20,0,0,0,0,
Charles Huang,North Hollywood 1,rr,overall,5,100,12,6,4,32,
Charles Huang,North Hollywood 1,rr,biology,5,20,0,0,0,0,
Charles Huang,North Hollywood 1,rr,math,5,20,1,2,1,0,
Charles Huang,North Hollywood 1,rr,chemistry,5,20,3,1,1,8,
Charles Huang,North Hollywood 1,rr,ess,5,20,0,0,0,0,
Charles Huang,North Hollywood 1,rr,physics,5,20,8,3,2,24,
Minghao Guo,North Hollywood 1,rr,overall,5,100,5,3,1,16,
Minghao Guo,North Hollywood 1,rr,biology,5,20,0,0,0,0,
Minghao Guo,North Hollywood 1,rr,math,5,20,5,3,0,20,
Minghao Guo,North Hollywood 1,rr,chemistry,5,20,0,0,0,0,
Minghao Guo,North Hollywood 1,rr,ess,5,20,0,0,1,-4,
Minghao Guo,North Hollywood 1,rr,physics,5,20,0,0,0,0,
suzuko ohshima,North Hollywood 1,rr,overall,5,100,43,2,7,144,
suzuko ohshima,North Hollywood 1,rr,biology,5,20,12,0,4,32,
suzuko ohshima,North Hollywood 1,rr,math,5,20,3,1,1,8,
suzuko ohshima,North Hollywood 1,rr,chemistry,5,20,10,0,0,40,
suzuko ohshima,North Hollywood 1,rr,ess,5,20,15,0,1,56,
suzuko ohshima,North Hollywood 1,rr,physics,5,20,3,1,1,8,
Dakshaganesh Akunuru,North Hollywood 2,rr,overall,3,60,0,0,0,0,
Dakshaganesh Akunuru,North Hollywood 2,rr,biology,3,12,0,0,0,0,
Dakshaganesh Akunuru,North Hollywood 2,rr,math,3,12,0,0,0,0,
Dakshaganesh Akunuru,North Hollywood 2,rr,chemistry,3,12,0,0,0,0,
Dakshaganesh Akunuru,North Hollywood 2,rr,ess,3,12,0,0,0,0,
Dakshaganesh Akunuru,North Hollywood 2,rr,physics,3,12,0,0,0,0,
Euna Kim,North Hollywood 2,rr,overall,4,80,1,0,0,4,
Euna Kim,North Hollywood 2,rr,biology,4,16,0,0,0,0,
Euna Kim,North Hollywood 2,rr,math,4,16,1,0,0,4,
Euna Kim,North Hollywood 2,rr,chemistry,4,16,0,0,0,0,
Euna Kim,North Hollywood 2,rr,ess,4,16,0,0,0,0,
Euna Kim,North Hollywood 2,rr,physics,4,16,0,0,0,0,
Jake Rosenblum,North Hollywood 2,rr,overall,4,80,11,3,1,40,
Jake Rosenblum,North Hollywood 2,rr,biology,4,16,9,2,1,32,
Jake Rosenblum,North Hollywood 2,rr,math,4,16,1,0,0,4,
Jake Rosenblum,North Hollywood 2,rr,chemistry,4,16,0,1,0,0,
Jake Rosenblum,North Hollywood 2,rr,ess,4,16,0,0,0,0,
Jake Rosenblum,North Hollywood 2,rr,physics,4,16,1,0,0,4,
Kensuke Ohshima,North Hollywood 2,rr,overall,4,80,24,8,3,84,
Kensuke Ohshima,North Hollywood 2,rr,biology,4,16,1,0,0,4,
Kensuke Ohshima,North Hollywood 2,rr,math,4,16,1,2,0,4,
Kensuke Ohshima,North Hollywood 2,rr,chemistry,4,16,4,2,0,16,
Kensuke Ohshima,North Hollywood 2,rr,ess,4,16,10,2,2,32,
Kensuke Ohshima,North Hollywood 2,rr,physics,4,16,8,2,1,28,
Patrick Liang,North Hollywood 2,rr,overall,4,80,5,2,1,16,
Patrick Liang,North Hollywood 2,rr,biology,4,16,0,0,0,0,
Patrick Liang,North Hollywood 2,rr,math,4,16,5,2,1,16,
Patrick Liang,North Hollywood 2,rr,chemistry,4,16,0,0,0,0,
Patrick Liang,North Hollywood 2,rr,ess,4,16,0,0,0,0,
Patrick Liang,North Hollywood 2,rr,physics,4,16,0,0,0,0,
Armaan Diwan,OCSA,rr,overall,5,100,5,1,0,20,
Armaan Diwan,OCSA,rr,biology,5,20,1,0,0,4,
Armaan Diwan,OCSA,rr,math,5,20,0,0,0,0,
Armaan Diwan,OCSA,rr,chemistry,5,20,0,0,0,0,
Armaan Diwan,OCSA,rr,ess,5,20,4,1,0,16,
Armaan Diwan,OCSA,rr,physics,5,20,0,0,0,0,
Aryan Sharma,OCSA,rr,overall,5,100,6,6,1,20,
Aryan Sharma,OCSA,rr,biology,5,20,0,0,0,0,
Aryan Sharma,OCSA,rr,math,5,20,4,4,0,16,
Aryan Sharma,OCSA,rr,chemistry,5,20,0,0,0,0,
Aryan Sharma,OCSA,rr,ess,5,20,0,1,0,0,
Aryan Sharma,OCSA,rr,physics,5,20,2,1,1,4,
Henry Kim,OCSA,rr,overall,5,100,9,5,0,36,
Henry Kim,OCSA,rr,biology,5,20,9,4,0,36,
Henry Kim,OCSA,rr,math,5,20,0,0,0,0,
Henry Kim,OCSA,rr,chemistry,5,20,0,1,0,0,
Henry Kim,OCSA,rr,ess,5,20,0,0,0,0,
Henry Kim,OCSA,rr,physics,5,20,0,0,0,0,
Joseph Baek,OCSA,rr,overall,4,80,3,3,1,8,
Joseph Baek,OCSA,rr,biology,4,16,0,0,0,0,
Joseph Baek,OCSA,rr,math,4,16,1,2,0,4,
Joseph Baek,OCSA,rr,chemistry,4,16,0,0,0,0,
Joseph Baek,OCSA,rr,ess,4,16,0,0,0,0,
Joseph Baek,OCSA,rr,physics,4,16,2,1,1,4,
Shannon Imaoka,OCSA,rr,overall,5,100,16,6,4,48,
Shannon Imaoka,OCSA,rr,biology,5,20,0,0,1,-4,
Shannon Imaoka,OCSA,rr,math,5,20,0,1,1,-4,
Shannon Imaoka,OCSA,rr,chemistry,5,20,10,2,1,36,
Shannon Imaoka,OCSA,rr,ess,5,20,5,1,1,16,
Shannon Imaoka,OCSA,rr,physics,5,20,1,2,0,4,
Andrew Wen,Palo Alto 1,rr,overall,5,100,34,5,3,124,
Andrew Wen,Palo Alto 1,rr,biology,5,20,0,0,0,0,
Andrew Wen,Palo Alto 1,rr,math,5,20,12,5,1,44,
Andrew Wen,Palo Alto 1,rr,chemistry,5,20,7,0,0,28,
Andrew Wen,Palo Alto 1,rr,ess,5,20,0,0,0,0,
Andrew Wen,Palo Alto 1,rr,physics,5,20,15,0,2,52,
Inhoo Chang,Palo Alto 1,rr,overall,5,100,1,0,0,4,
Inhoo Chang,Palo Alto 1,rr,biology,5,20,0,0,0,0,
Inhoo Chang,Palo Alto 1,rr,math,5,20,0,0,0,0,
Inhoo Chang,Palo Alto 1,rr,chemistry,5,20,1,0,0,4,
Inhoo Chang,Palo Alto 1,rr,ess,5,20,0,0,0,0,
Inhoo Chang,Palo Alto 1,rr,physics,5,20,0,0,0,0,
Kaylee Zhang,Palo Alto 1,rr,overall,5,100,0,0,0,0,
Kaylee Zhang,Palo Alto 1,rr,biology,5,20,0,0,0,0,
Kaylee Zhang,Palo Alto 1,rr,math,5,20,0,0,0,0,
Kaylee Zhang,Palo Alto 1,rr,chemistry,5,20,0,0,0,0,
Kaylee Zhang,Palo Alto 1,rr,ess,5,20,0,0,0,0,
Kaylee Zhang,Palo Alto 1,rr,physics,5,20,0,0,0,0,
Kevin Pei,Palo Alto 1,rr,overall,5,100,15,5,1,56,
Kevin Pei,Palo Alto 1,rr,biology,5,20,0,0,0,0,
Kevin Pei,Palo Alto 1,rr,math,5,20,0,0,0,0,
Kevin Pei,Palo Alto 1,rr,chemistry,5,20,8,1,0,32,
Kevin Pei,Palo Alto 1,rr,ess,5,20,7,4,1,24,
Kevin Pei,Palo Alto 1,rr,physics,5,20,0,0,0,0,
Rasia Yu,Palo Alto 1,rr,overall,5,100,9,3,2,28,
Rasia Yu,Palo Alto 1,rr,biology,5,20,9,3,2,28,
Rasia Yu,Palo Alto 1,rr,math,5,20,0,0,0,0,
Rasia Yu,Palo Alto 1,rr,chemistry,5,20,0,0,0,0,
Rasia Yu,Palo Alto 1,rr,ess,5,20,0,0,0,0,
Rasia Yu,Palo Alto 1,rr,physics,5,20,0,0,0,0,
Alex Sheng,Princeton,rr,overall,5,100,5,9,0,20,
Alex Sheng,Princeton,rr,biology,5,20,0,0,0,0,
Alex Sheng,Princeton,rr,math,5,20,3,5,0,12,
Alex Sheng,Princeton,rr,chemistry,5,20,0,0,0,0,
Alex Sheng,Princeton,rr,ess,5,20,0,2,0,0,
Alex Sheng,Princeton,rr,physics,5,20,2,2,0,8,
Gavin Macatangay,Princeton,rr,overall,5,100,7,5,0,28,
Gavin Macatangay,Princeton,rr,biology,5,20,2,2,0,8,
Gavin Macatangay,Princeton,rr,math,5,20,0,3,0,0,
Gavin Macatangay,Princeton,rr,chemistry,5,20,5,0,0,20,
Gavin Macatangay,Princeton,rr,ess,5,20,0,0,0,0,
Gavin Macatangay,Princeton,rr,physics,5,20,0,0,0,0,
Joey Chang,Princeton,rr,overall,5,100,11,2,1,40,
Joey Chang,Princeton,rr,biology,5,20,1,0,0,4,
Joey Chang,Princeton,rr,math,5,20,0,0,0,0,
Joey Chang,Princeton,rr,chemistry,5,20,6,0,1,20,
Joey Chang,Princeton,rr,ess,5,20,4,1,0,16,
Joey Chang,Princeton,rr,physics,5,20,0,1,0,0,
Nikolai Morozov,Princeton,rr,overall,5,100,12,6,3,36,
Nikolai Morozov,Princeton,rr,biology,5,20,2,1,1,4,
Nikolai Morozov,Princeton,rr,math,5,20,0,0,0,0,
Nikolai Morozov,Princeton,rr,chemistry,5,20,1,0,0,4,
Nikolai Morozov,Princeton,rr,ess,5,20,3,4,1,8,
Nikolai Morozov,Princeton,rr,physics,5,20,6,1,1,20,
Kainoa Thorne,Punahou,rr,overall,5,100,7,2,1,24,
Kainoa Thorne,Punahou,rr,biology,5,20,0,0,0,0,
Kainoa Thorne,Punahou,rr,math,5,20,0,1,0,0,
Kainoa Thorne,Punahou,rr,chemistry,5,20,2,0,1,4,
Kainoa Thorne,Punahou,rr,ess,5,20,0,0,0,0,
Kainoa Thorne,Punahou,rr,physics,5,20,5,1,0,20,
Luke Itomura,Punahou,rr,overall,5,100,8,0,5,12,
Luke Itomura,Punahou,rr,biology,5,20,7,0,5,8,
Luke Itomura,Punahou,rr,math,5,20,0,0,0,0,
Luke Itomura,Punahou,rr,chemistry,5,20,1,0,0,4,
Luke Itomura,Punahou,rr,ess,5,20,0,0,0,0,
Luke Itomura,Punahou,rr,physics,5,20,0,0,0,0,
Minh Nguyen,Punahou,rr,overall,5,100,0,0,0,0,
Minh Nguyen,Punahou,rr,biology,5,20,0,0,0,0,
Minh Nguyen,Punahou,rr,math,5,20,0,0,0,0,
Minh Nguyen,Punahou,rr,chemistry,5,20,0,0,0,0,
Minh Nguyen,Punahou,rr,ess,5,20,0,0,0,0,
Minh Nguyen,Punahou,rr,physics,5,20,0,0,0,0,
Travis Dumaran,Punahou,rr,overall,5,100,35,8,3,128,
Travis Dumaran,Punahou,rr,biology,5,20,0,0,0,0,
Travis Dumaran,Punahou,rr,math,5,20,6,5,1,20,
Travis Dumaran,Punahou,rr,chemistry,5,20,8,1,0,32,
Travis Dumaran,Punahou,rr,ess,5,20,17,2,1,64,
Travis Dumaran,Punahou,rr,physics,5,20,4,0,1,12,
Adhav Kumar,Research Triangle,rr,overall,5,100,32,21,7,100,
Adhav Kumar,Research Triangle,rr,biology,5,20,4,1,1,12,
Adhav Kumar,Research Triangle,rr,math,5,20,4,8,0,16,
Adhav Kumar,Research Triangle,rr,chemistry,5,20,13,1,1,48,
Adhav Kumar,Research Triangle,rr,ess,5,20,5,8,1,16,
Adhav Kumar,Research Triangle,rr,physics,5,20,6,3,4,8,
Jamir Campbell,Research Triangle,rr,overall,5,100,0,0,0,0,
Jamir Campbell,Research Triangle,rr,biology,5,20,0,0,0,0,
Jamir Campbell,Research Triangle,rr,math,5,20,0,0,0,0,
Jamir Campbell,Research Triangle,rr,chemistry,5,20,0,0,0,0,
Jamir Campbell,Research Triangle,rr,ess,5,20,0,0,0,0,
Jamir Campbell,Research Triangle,rr,physics,5,20,0,0,0,0,
Kairav Kannan,Research Triangle,rr,overall,5,100,0,0,0,0,
Kairav Kannan,Research Triangle,rr,biology,5,20,0,0,0,0,
Kairav Kannan,Research Triangle,rr,math,5,20,0,0,0,0,
Kairav Kannan,Research Triangle,rr,chemistry,5,20,0,0,0,0,
Kairav Kannan,Research Triangle,rr,ess,5,20,0,0,0,0,
Kairav Kannan,Research Triangle,rr,physics,5,20,0,0,0,0,
Shayan Guior,Research Triangle,rr,overall,5,100,0,0,0,0,
Shayan Guior,Research Triangle,rr,biology,5,20,0,0,0,0,
Shayan Guior,Research Triangle,rr,math,5,20,0,0,0,0,
Shayan Guior,Research Triangle,rr,chemistry,5,20,0,0,0,0,
Shayan Guior,Research Triangle,rr,ess,5,20,0,0,0,0,
Shayan Guior,Research Triangle,rr,physics,5,20,0,0,0,0,
Abhinav Senthil,School of Astronomy,rr,overall,5,100,12,8,2,40,
Abhinav Senthil,School of Astronomy,rr,biology,5,20,1,2,0,4,
Abhinav Senthil,School of Astronomy,rr,math,5,20,0,1,0,0,
Abhinav Senthil,School of Astronomy,rr,chemistry,5,20,8,1,1,28,
Abhinav Senthil,School of Astronomy,rr,ess,5,20,3,4,0,12,
Abhinav Senthil,School of Astronomy,rr,physics,5,20,0,0,1,-4,
Bryan Nasr,School of Astronomy,rr,overall,4,80,0,0,0,0,
Bryan Nasr,School of Astronomy,rr,biology,4,16,0,0,0,0,
Bryan Nasr,School of Astronomy,rr,math,4,16,0,0,0,0,
Bryan Nasr,School of Astronomy,rr,chemistry,4,16,0,0,0,0,
Bryan Nasr,School of Astronomy,rr,ess,4,16,0,0,0,0,
Bryan Nasr,School of Astronomy,rr,physics,4,16,0,0,0,0,
Riyan Nayak,School of Astronomy,rr,overall,5,100,5,1,1,16,
Riyan Nayak,School of Astronomy,rr,biology,5,20,1,0,0,4,
Riyan Nayak,School of Astronomy,rr,math,5,20,2,0,0,8,
Riyan Nayak,School of Astronomy,rr,chemistry,5,20,0,0,0,0,
Riyan Nayak,School of Astronomy,rr,ess,5,20,1,0,0,4,
Riyan Nayak,School of Astronomy,rr,physics,5,20,1,1,1,0,
Ryan Karim,School of Astronomy,rr,overall,5,100,23,11,5,72,
Ryan Karim,School of Astronomy,rr,biology,5,20,5,6,2,12,
Ryan Karim,School of Astronomy,rr,math,5,20,6,2,0,24,
Ryan Karim,School of Astronomy,rr,chemistry,5,20,4,0,1,12,
Ryan Karim,School of Astronomy,rr,ess,5,20,2,3,1,4,
Ryan Karim,School of Astronomy,rr,physics,5,20,6,0,1,20,
Sudeep Suresh,School of Astronomy,rr,overall,5,100,4,3,3,4,
Sudeep Suresh,School of Astronomy,rr,biology,5,20,0,0,0,0,
Sudeep Suresh,School of Astronomy,rr,math,5,20,2,1,0,8,
Sudeep Suresh,School of Astronomy,rr,chemistry,5,20,0,0,1,-4,
Sudeep Suresh,School of Astronomy,rr,ess,5,20,1,1,0,4,
Sudeep Suresh,School of Astronomy,rr,physics,5,20,1,1,2,-4,
Aaron Le,State College Area 1,rr,overall,5,100,12,2,3,36,
Aaron Le,State College Area 1,rr,biology,5,20,0,2,1,-4,
Aaron Le,State College Area 1,rr,math,5,20,3,0,1,8,
Aaron Le,State College Area 1,rr,chemistry,5,20,8,0,0,32,
Aaron Le,State College Area 1,rr,ess,5,20,0,0,0,0,
Aaron Le,State College Area 1,rr,physics,5,20,1,0,1,0,
Dasha Nekrutenko,State College Area 1,rr,overall,5,100,0,2,0,0,
Dasha Nekrutenko,State College Area 1,rr,biology,5,20,0,1,0,0,
Dasha Nekrutenko,State College Area 1,rr,math,5,20,0,0,0,0,
Dasha Nekrutenko,State College Area 1,rr,chemistry,5,20,0,0,0,0,
Dasha Nekrutenko,State College Area 1,rr,ess,5,20,0,1,0,0,
Dasha Nekrutenko,State College Area 1,rr,physics,5,20,0,0,0,0,
Isadora Zuo,State College Area 1,rr,overall,5,100,0,0,0,0,
Isadora Zuo,State College Area 1,rr,biology,5,20,0,0,0,0,
Isadora Zuo,State College Area 1,rr,math,5,20,0,0,0,0,
Isadora Zuo,State College Area 1,rr,chemistry,5,20,0,0,0,0,
Isadora Zuo,State College Area 1,rr,ess,5,20,0,0,0,0,
Isadora Zuo,State College Area 1,rr,physics,5,20,0,0,0,0,
Lia Fox,State College Area 1,rr,overall,3,60,0,0,0,0,
Lia Fox,State College Area 1,rr,biology,3,12,0,0,0,0,
Lia Fox,State College Area 1,rr,math,3,12,0,0,0,0,
Lia Fox,State College Area 1,rr,chemistry,3,12,0,0,0,0,
Lia Fox,State College Area 1,rr,ess,3,12,0,0,0,0,
Lia Fox,State College Area 1,rr,physics,3,12,0,0,0,0,
William Liu,State College Area 1,rr,overall,5,100,12,23,6,24,
William Liu,State College Area 1,rr,biology,5,20,1,5,0,4,
William Liu,State College Area 1,rr,math,5,20,5,6,1,16,
William Liu,State College Area 1,rr,chemistry,5,20,1,1,0,4,
William Liu,State College Area 1,rr,ess,5,20,3,8,1,8,
William Liu,State College Area 1,rr,physics,5,20,2,3,4,-8,
Bryce Thach,Temple City,rr,overall,5,100,24,5,8,64,
Bryce Thach,Temple City,rr,biology,5,20,1,1,1,0,
Bryce Thach,Temple City,rr,math,5,20,1,3,0,4,
Bryce Thach,Temple City,rr,chemistry,5,20,3,0,1,8,
Bryce Thach,Temple City,rr,ess,5,20,10,1,3,28,
Bryce Thach,Temple City,rr,physics,5,20,9,0,3,24,
Ethan Deng,Temple City,rr,overall,4.5,90,5,3,1,16,
Ethan Deng,Temple City,rr,biology,4.5,18,0,0,0,0,
Ethan Deng,Temple City,rr,math,4.5,18,1,1,0,4,
Ethan Deng,Temple City,rr,chemistry,4.5,18,2,2,1,4,
Ethan Deng,Temple City,rr,ess,4.5,18,1,0,0,4,
Ethan Deng,Temple City,rr,physics,4.5,18,1,0,0,4,
Jason Liu,Temple City,rr,overall,4,80,12,3,2,40,
Jason Liu,Temple City,rr,biology,4,16,4,1,1,12,
Jason Liu,Temple City,rr,math,4,16,3,2,0,12,
Jason Liu,Temple City,rr,chemistry,4,16,3,0,0,12,
Jason Liu,Temple City,rr,ess,4,16,0,0,0,0,
Jason Liu,Temple City,rr,physics,4,16,2,0,1,4,
Joseph Wu,Temple City,rr,overall,3,60,0,0,0,0,
Joseph Wu,Temple City,rr,biology,3,12,0,0,0,0,
Joseph Wu,Temple City,rr,math,3,12,0,0,0,0,
Joseph Wu,Temple City,rr,chemistry,3,12,0,0,0,0,
Joseph Wu,Temple City,rr,ess,3,12,0,0,0,0,
Joseph Wu,Temple City,rr,physics,3,12,0,0,0,0,
Judy Tan,Temple City,rr,overall,5,100,5,0,0,20,
Judy Tan,Temple City,rr,biology,5,20,5,0,0,20,
Judy Tan,Temple City,rr,math,5,20,0,0,0,0,
Judy Tan,Temple City,rr,chemistry,5,20,0,0,0,0,
Judy Tan,Temple City,rr,ess,5,20,0,0,0,0,
Judy Tan,Temple City,rr,physics,5,20,0,0,0,0,
Ajay Sawant,The Frazer School 1,rr,overall,5,100,22,1,1,84,
Ajay Sawant,The Frazer School 1,rr,biology,5,20,16,1,1,60,
Ajay Sawant,The Frazer School 1,rr,math,5,20,0,0,0,0,
Ajay Sawant,The Frazer School 1,rr,chemistry,5,20,4,0,0,16,
Ajay Sawant,The Frazer School 1,rr,ess,5,20,0,0,0,0,
Ajay Sawant,The Frazer School 1,rr,physics,5,20,2,0,0,8,
Anish Patel,The Frazer School 1,rr,overall,4.5,90,12,1,1,44,
Anish Patel,The Frazer School 1,rr,biology,4.5,18,0,0,0,0,
Anish Patel,The Frazer School 1,rr,math,4.5,18,1,1,0,4,
Anish Patel,The Frazer School 1,rr,chemistry,4.5,18,3,0,0,12,
Anish Patel,The Frazer School 1,rr,ess,4.5,18,0,0,0,0,
Anish Patel,The Frazer School 1,rr,physics,4.5,18,8,0,1,28,
Edwin Gao,The Frazer School 1,rr,overall,2,40,0,0,0,0,
Edwin Gao,The Frazer School 1,rr,biology,2,8,0,0,0,0,
Edwin Gao,The Frazer School 1,rr,math,2,8,0,0,0,0,
Edwin Gao,The Frazer School 1,rr,chemistry,2,8,0,0,0,0,
Edwin Gao,The Frazer School 1,rr,ess,2,8,0,0,0,0,
Edwin Gao,The Frazer School 1,rr,physics,2,8,0,0,0,0,
Jimmy Jiang,The Frazer School 1,rr,overall,4.5,90,8,0,0,32,
Jimmy Jiang,The Frazer School 1,rr,biology,4.5,18,0,0,0,0,
Jimmy Jiang,The Frazer School 1,rr,math,4.5,18,0,0,0,0,
Jimmy Jiang,The Frazer School 1,rr,chemistry,4.5,18,7,0,0,28,
Jimmy Jiang,The Frazer School 1,rr,ess,4.5,18,0,0,0,0,
Jimmy Jiang,The Frazer School 1,rr,physics,4.5,18,1,0,0,4,
Michael Wei,The Frazer School 1,rr,overall,5,100,23,8,3,80,
Michael Wei,The Frazer School 1,rr,biology,5,20,0,0,0,0,
Michael Wei,The Frazer School 1,rr,math,5,20,10,0,0,40,
Michael Wei,The Frazer School 1,rr,chemistry,5,20,1,0,0,4,
Michael Wei,The Frazer School 1,rr,ess,5,20,8,7,3,20,
Michael Wei,The Frazer School 1,rr,physics,5,20,4,1,0,16,
Andrew Du,Thomas Jefferson 1,rr,overall,4.5,90,5,1,0,20,
Andrew Du,Thomas Jefferson 1,rr,biology,4.5,18,0,1,0,0,
Andrew Du,Thomas Jefferson 1,rr,math,4.5,18,4,0,0,16,
Andrew Du,Thomas Jefferson 1,rr,chemistry,4.5,18,0,0,0,0,
Andrew Du,Thomas Jefferson 1,rr,ess,4.5,18,1,0,0,4,
Andrew Du,Thomas Jefferson 1,rr,physics,4.5,18,0,0,0,0,
Eric Xie,Thomas Jefferson 1,rr,overall,5,100,13,1,0,52,
Eric Xie,Thomas Jefferson 1,rr,biology,5,20,0,0,0,0,
Eric Xie,Thomas Jefferson 1,rr,math,5,20,0,0,0,0,
Eric Xie,Thomas Jefferson 1,rr,chemistry,5,20,0,0,0,0,
Eric Xie,Thomas Jefferson 1,rr,ess,5,20,3,0,0,12,
Eric Xie,Thomas Jefferson 1,rr,physics,5,20,10,1,0,40,
Eshaan Sombhatta,Thomas Jefferson 1,rr,overall,4.5,90,11,9,1,40,
Eshaan Sombhatta,Thomas Jefferson 1,rr,biology,4.5,18,3,2,0,12,
Eshaan Sombhatta,Thomas Jefferson 1,rr,math,4.5,18,5,4,1,16,
Eshaan Sombhatta,Thomas Jefferson 1,rr,chemistry,4.5,18,0,0,0,0,
Eshaan Sombhatta,Thomas Jefferson 1,rr,ess,4.5,18,2,2,0,8,
Eshaan Sombhatta,Thomas Jefferson 1,rr,physics,4.5,18,1,1,0,4,
Hari Rangarajan,Thomas Jefferson 1,rr,overall,5,100,4,2,0,16,
Hari Rangarajan,Thomas Jefferson 1,rr,biology,5,20,3,0,0,12,
Hari Rangarajan,Thomas Jefferson 1,rr,math,5,20,0,0,0,0,
Hari Rangarajan,Thomas Jefferson 1,rr,chemistry,5,20,1,0,0,4,
Hari Rangarajan,Thomas Jefferson 1,rr,ess,5,20,0,1,0,0,
Hari Rangarajan,Thomas Jefferson 1,rr,physics,5,20,0,1,0,0,
Hrishi Bhooma,Thomas Jefferson 1,rr,overall,5,100,15,3,3,48,
Hrishi Bhooma,Thomas Jefferson 1,rr,biology,5,20,3,0,0,12,
Hrishi Bhooma,Thomas Jefferson 1,rr,math,5,20,1,1,0,4,
Hrishi Bhooma,Thomas Jefferson 1,rr,chemistry,5,20,9,0,2,28,
Hrishi Bhooma,Thomas Jefferson 1,rr,ess,5,20,0,1,1,-4,
Hrishi Bhooma,Thomas Jefferson 1,rr,physics,5,20,2,1,0,8,
Sophia Guo,Thomas Jefferson 1,rr,overall,4,80,0,0,0,0,
Sophia Guo,Thomas Jefferson 1,rr,biology,4,16,0,0,0,0,
Sophia Guo,Thomas Jefferson 1,rr,math,4,16,0,0,0,0,
Sophia Guo,Thomas Jefferson 1,rr,chemistry,4,16,0,0,0,0,
Sophia Guo,Thomas Jefferson 1,rr,ess,4,16,0,0,0,0,
Sophia Guo,Thomas Jefferson 1,rr,physics,4,16,0,0,0,0,
Ferris Li,Throrthwood Tottenham,rr,overall,5,100,8,3,1,28,
Ferris Li,Throrthwood Tottenham,rr,biology,5,20,7,2,1,24,
Ferris Li,Throrthwood Tottenham,rr,math,5,20,1,1,0,4,
Ferris Li,Throrthwood Tottenham,rr,chemistry,5,20,0,0,0,0,
Ferris Li,Throrthwood Tottenham,rr,ess,5,20,0,0,0,0,
Ferris Li,Throrthwood Tottenham,rr,physics,5,20,0,0,0,0,
Gordon Wong,Throrthwood Tottenham,rr,overall,5,100,3,1,0,12,
Gordon Wong,Throrthwood Tottenham,rr,biology,5,20,0,0,0,0,
Gordon Wong,Throrthwood Tottenham,rr,math,5,20,1,1,0,4,
Gordon Wong,Throrthwood Tottenham,rr,chemistry,5,20,0,0,0,0,
Gordon Wong,Throrthwood Tottenham,rr,ess,5,20,2,0,0,8,
Gordon Wong,Throrthwood Tottenham,rr,physics,5,20,0,0,0,0,
Liran Zhu,Throrthwood Tottenham,rr,overall,5,100,39,7,0,156,
Liran Zhu,Throrthwood Tottenham,rr,biology,5,20,3,1,0,12,
Liran Zhu,Throrthwood Tottenham,rr,math,5,20,6,1,0,24,
Liran Zhu,Throrthwood Tottenham,rr,chemistry,5,20,13,1,0,52,
Liran Zhu,Throrthwood Tottenham,rr,ess,5,20,8,1,0,32,
Liran Zhu,Throrthwood Tottenham,rr,physics,5,20,9,3,0,36,
Seojin Park,Throrthwood Tottenham,rr,overall,5,100,8,1,0,32,
Seojin Park,Throrthwood Tottenham,rr,biology,5,20,1,0,0,4,
Seojin Park,Throrthwood Tottenham,rr,math,5,20,0,0,0,0,
Seojin Park,Throrthwood Tottenham,rr,chemistry,5,20,1,0,0,4,
Seojin Park,Throrthwood Tottenham,rr,ess,5,20,4,1,0,16,
Seojin Park,Throrthwood Tottenham,rr,physics,5,20,2,0,0,8,
Aarav Doshi,Troy 1,rr,overall,5,100,6,8,2,16,
Aarav Doshi,Troy 1,rr,biology,5,20,3,1,2,4,
Aarav Doshi,Troy 1,rr,math,5,20,1,5,0,4,
Aarav Doshi,Troy 1,rr,chemistry,5,20,0,0,0,0,
Aarav Doshi,Troy 1,rr,ess,5,20,0,1,0,0,
Aarav Doshi,Troy 1,rr,physics,5,20,2,1,0,8,
Abhinav Jain,Troy 1,rr,overall,5,100,6,0,2,16,
Abhinav Jain,Troy 1,rr,biology,5,20,0,0,0,0,
Abhinav Jain,Troy 1,rr,math,5,20,0,0,0,0,
Abhinav Jain,Troy 1,rr,chemistry,5,20,6,0,2,16,
Abhinav Jain,Troy 1,rr,ess,5,20,0,0,0,0,
Abhinav Jain,Troy 1,rr,physics,5,20,0,0,0,0,
Ethan Wang,Troy 1,rr,overall,4,80,13,11,3,40,
Ethan Wang,Troy 1,rr,biology,4,16,3,0,0,12,
Ethan Wang,Troy 1,rr,math,4,16,4,5,1,12,
Ethan Wang,Troy 1,rr,chemistry,4,16,0,1,0,0,
Ethan Wang,Troy 1,rr,ess,4,16,3,4,0,12,
Ethan Wang,Troy 1,rr,physics,4,16,3,1,2,4,
Hamza Bilal Chaudhry,Troy 1,rr,overall,4,80,0,0,0,0,
Hamza Bilal Chaudhry,Troy 1,rr,biology,4,16,0,0,0,0,
Hamza Bilal Chaudhry,Troy 1,rr,math,4,16,0,0,0,0,
Hamza Bilal Chaudhry,Troy 1,rr,chemistry,4,16,0,0,0,0,
Hamza Bilal Chaudhry,Troy 1,rr,ess,4,16,0,0,0,0,
Hamza Bilal Chaudhry,Troy 1,rr,physics,4,16,0,0,0,0,
Keshav Bhavsar,Troy 1,rr,overall,4,80,0,0,0,0,
Keshav Bhavsar,Troy 1,rr,biology,4,16,0,0,0,0,
Keshav Bhavsar,Troy 1,rr,math,4,16,0,0,0,0,
Keshav Bhavsar,Troy 1,rr,chemistry,4,16,0,0,0,0,
Keshav Bhavsar,Troy 1,rr,ess,4,16,0,0,0,0,
Keshav Bhavsar,Troy 1,rr,physics,4,16,0,0,0,0,
Tanish Rastogi,Troy 1,rr,overall,4,80,0,0,0,0,
Tanish Rastogi,Troy 1,rr,biology,4,16,0,0,0,0,
Tanish Rastogi,Troy 1,rr,math,4,16,0,0,0,0,
Tanish Rastogi,Troy 1,rr,chemistry,4,16,0,0,0,0,
Tanish Rastogi,Troy 1,rr,ess,4,16,0,0,0,0,
Tanish Rastogi,Troy 1,rr,physics,4,16,0,0,0,0,
Bhavana Thirunavukkarasan,University 1,rr,overall,4,80,5,2,0,20,
Bhavana Thirunavukkarasan,University 1,rr,biology,4,16,5,2,0,20,
Bhavana Thirunavukkarasan,University 1,rr,math,4,16,0,0,0,0,
Bhavana Thirunavukkarasan,University 1,rr,chemistry,4,16,0,0,0,0,
Bhavana Thirunavukkarasan,University 1,rr,ess,4,16,0,0,0,0,
Bhavana Thirunavukkarasan,University 1,rr,physics,4,16,0,0,0,0,
Carl Liu,University 1,rr,overall,4,80,3,1,2,4,
Carl Liu,University 1,rr,biology,4,16,0,0,0,0,
Carl Liu,University 1,rr,math,4,16,0,0,0,0,
Carl Liu,University 1,rr,chemistry,4,16,2,1,1,4,
Carl Liu,University 1,rr,ess,4,16,0,0,0,0,
Carl Liu,University 1,rr,physics,4,16,1,0,1,0,
Eugene Dai,University 1,rr,overall,4,80,0,0,0,0,
Eugene Dai,University 1,rr,biology,4,16,0,0,0,0,
Eugene Dai,University 1,rr,math,4,16,0,0,0,0,
Eugene Dai,University 1,rr,chemistry,4,16,0,0,0,0,
Eugene Dai,University 1,rr,ess,4,16,0,0,0,0,
Eugene Dai,University 1,rr,physics,4,16,0,0,0,0,
Samriddho Bhowal,University 1,rr,overall,4,80,1,2,0,4,
Samriddho Bhowal,University 1,rr,biology,4,16,0,0,0,0,
Samriddho Bhowal,University 1,rr,math,4,16,0,0,0,0,
Samriddho Bhowal,University 1,rr,chemistry,4,16,0,0,0,0,
Samriddho Bhowal,University 1,rr,ess,4,16,1,2,0,4,
Samriddho Bhowal,University 1,rr,physics,4,16,0,0,0,0,
Timothy Chen,University 1,rr,overall,4,80,22,12,12,40,
Timothy Chen,University 1,rr,biology,4,16,1,3,1,0,
Timothy Chen,University 1,rr,math,4,16,7,1,7,0,
Timothy Chen,University 1,rr,chemistry,4,16,3,1,1,8,
Timothy Chen,University 1,rr,ess,4,16,2,6,1,4,
Timothy Chen,University 1,rr,physics,4,16,9,1,2,28,
Birdie Liu,University 2,rr,overall,5,100,11,8,1,40,
Birdie Liu,University 2,rr,biology,5,20,1,0,0,4,
Birdie Liu,University 2,rr,math,5,20,1,1,1,0,
Birdie Liu,University 2,rr,chemistry,5,20,2,1,0,8,
Birdie Liu,University 2,rr,ess,5,20,7,6,0,28,
Birdie Liu,University 2,rr,physics,5,20,0,0,0,0,
Brandon Chiu,University 2,rr,overall,5,100,4,5,3,4,
Brandon Chiu,University 2,rr,biology,5,20,0,0,0,0,
Brandon Chiu,University 2,rr,math,5,20,2,4,2,0,
Brandon Chiu,University 2,rr,chemistry,5,20,0,0,0,0,
Brandon Chiu,University 2,rr,ess,5,20,0,0,0,0,
Brandon Chiu,University 2,rr,physics,5,20,2,1,1,4,
Evan Wang,University 2,rr,overall,3,60,0,0,0,0,
Evan Wang,University 2,rr,biology,3,12,0,0,0,0,
Evan Wang,University 2,rr,math,3,12,0,0,0,0,
Evan Wang,University 2,rr,chemistry,3,12,0,0,0,0,
Evan Wang,University 2,rr,ess,3,12,0,0,0,0,
Evan Wang,University 2,rr,physics,3,12,0,0,0,0,
Sophia Liu,University 2,rr,overall,5,100,3,7,0,12,
Sophia Liu,University 2,rr,biology,5,20,3,7,0,12,
Sophia Liu,University 2,rr,math,5,20,0,0,0,0,
Sophia Liu,University 2,rr,chemistry,5,20,0,0,0,0,
Sophia Liu,University 2,rr,ess,5,20,0,0,0,0,
Sophia Liu,University 2,rr,physics,5,20,0,0,0,0,
Toby Wei,University 2,rr,overall,5,100,6,3,1,20,
Toby Wei,University 2,rr,biology,5,20,1,0,0,4,
Toby Wei,University 2,rr,math,5,20,1,0,0,4,
Toby Wei,University 2,rr,chemistry,5,20,0,0,0,0,
Toby Wei,University 2,rr,ess,5,20,0,1,1,-4,
Toby Wei,University 2,rr,physics,5,20,4,2,0,16,
S I,VMATHs,rr,overall,5,100,20,8,1,76,
S I,VMATHs,rr,biology,5,20,3,1,0,12,
S I,VMATHs,rr,math,5,20,0,0,0,0,
S I,VMATHs,rr,chemistry,5,20,5,2,0,20,
S I,VMATHs,rr,ess,5,20,8,4,1,28,
S I,VMATHs,rr,physics,5,20,4,1,0,16,
Uddip Kashyap,VMATHs,rr,overall,5,100,7,5,4,12,
Uddip Kashyap,VMATHs,rr,biology,5,20,7,2,3,16,
Uddip Kashyap,VMATHs,rr,math,5,20,0,0,0,0,
Uddip Kashyap,VMATHs,rr,chemistry,5,20,0,0,0,0,
Uddip Kashyap,VMATHs,rr,ess,5,20,0,3,1,-4,
Uddip Kashyap,VMATHs,rr,physics,5,20,0,0,0,0,
Varun Gadi,VMATHs,rr,overall,5,100,18,5,1,68,
Varun Gadi,VMATHs,rr,biology,5,20,0,0,0,0,
Varun Gadi,VMATHs,rr,math,5,20,15,3,0,60,
Varun Gadi,VMATHs,rr,chemistry,5,20,1,0,0,4,
Varun Gadi,VMATHs,rr,ess,5,20,0,0,0,0,
Varun Gadi,VMATHs,rr,physics,5,20,2,2,1,4,
Abhinav Anand,WWPS 1,rr,overall,4,80,13,6,1,48,
Abhinav Anand,WWPS 1,rr,biology,4,16,7,4,0,28,
Abhinav Anand,WWPS 1,rr,math,4,16,0,0,0,0,
Abhinav Anand,WWPS 1,rr,chemistry,4,16,0,0,0,0,
Abhinav Anand,WWPS 1,rr,ess,4,16,5,1,1,16,
Abhinav Anand,WWPS 1,rr,physics,4,16,1,1,0,4,
Dennis Ji,WWPS 1,rr,overall,4,80,0,0,0,0,
Dennis Ji,WWPS 1,rr,biology,4,16,0,0,0,0,
Dennis Ji,WWPS 1,rr,math,4,16,0,0,0,0,
Dennis Ji,WWPS 1,rr,chemistry,4,16,0,0,0,0,
Dennis Ji,WWPS 1,rr,ess,4,16,0,0,0,0,
Dennis Ji,WWPS 1,rr,physics,4,16,0,0,0,0,
Gyan Chande,WWPS 1,rr,overall,4,80,2,0,0,8,
Gyan Chande,WWPS 1,rr,biology,4,16,0,0,0,0,
Gyan Chande,WWPS 1,rr,math,4,16,0,0,0,0,
Gyan Chande,WWPS 1,rr,chemistry,4,16,0,0,0,0,
Gyan Chande,WWPS 1,rr,ess,4,16,2,0,0,8,
Gyan Chande,WWPS 1,rr,physics,4,16,0,0,0,0,
Monish Saravana Kumar,WWPS 1,rr,overall,4,80,11,6,3,32,
Monish Saravana Kumar,WWPS 1,rr,biology,4,16,0,0,0,0,
Monish Saravana Kumar,WWPS 1,rr,math,4,16,5,4,3,8,
Monish Saravana Kumar,WWPS 1,rr,chemistry,4,16,0,0,0,0,
Monish Saravana Kumar,WWPS 1,rr,ess,4,16,0,0,0,0,
Monish Saravana Kumar,WWPS 1,rr,physics,4,16,6,2,0,24,
Sanjay Oruganti,WWPS 1,rr,overall,4,80,16,1,5,44,
Sanjay Oruganti,WWPS 1,rr,biology,4,16,0,0,1,-4,
Sanjay Oruganti,WWPS 1,rr,math,4,16,0,0,0,0,
Sanjay Oruganti,WWPS 1,rr,chemistry,4,16,14,0,2,48,
Sanjay Oruganti,WWPS 1,rr,ess,4,16,1,0,1,0,
Sanjay Oruganti,WWPS 1,rr,physics,4,16,1,1,1,0,
Dhairya Mathur,WWPS 2,rr,overall,5,100,15,5,1,56,
Dhairya Mathur,WWPS 2,rr,biology,5,20,7,2,1,24,
Dhairya Mathur,WWPS 2,rr,math,5,20,1,0,0,4,
Dhairya Mathur,WWPS 2,rr,chemistry,5,20,5,0,0,20,
Dhairya Mathur,WWPS 2,rr,ess,5,20,0,3,0,0,
Dhairya Mathur,WWPS 2,rr,physics,5,20,2,0,0,8,
Jason Mak,WWPS 2,rr,overall,5,100,9,1,2,28,
Jason Mak,WWPS 2,rr,biology,5,20,0,0,0,0,
Jason Mak,WWPS 2,rr,math,5,20,0,0,0,0,
Jason Mak,WWPS 2,rr,chemistry,5,20,1,0,0,4,
Jason Mak,WWPS 2,rr,ess,5,20,3,1,0,12,
Jason Mak,WWPS 2,rr,physics,5,20,5,0,2,12,
Likhith Malipati,WWPS 2,rr,overall,5,100,10,6,11,-4,
Likhith Malipati,WWPS 2,rr,biology,5,20,1,0,0,4,
Likhith Malipati,WWPS 2,rr,math,5,20,7,2,7,0,
Likhith Malipati,WWPS 2,rr,chemistry,5,20,0,0,1,-4,
Likhith Malipati,WWPS 2,rr,ess,5,20,1,3,0,4,
Likhith Malipati,WWPS 2,rr,physics,5,20,1,1,3,-8,
Anna Xing,Ward Melville 1,rr,overall,4,80,0,0,0,0,
Anna Xing,Ward Melville 1,rr,biology,4,16,0,0,0,0,
Anna Xing,Ward Melville 1,rr,math,4,16,0,0,0,0,
Anna Xing,Ward Melville 1,rr,chemistry,4,16,0,0,0,0,
Anna Xing,Ward Melville 1,rr,ess,4,16,0,0,0,0,
Anna Xing,Ward Melville 1,rr,physics,4,16,0,0,0,0,
Eric Liu,Ward Melville 1,rr,overall,5,100,25,3,9,64,
Eric Liu,Ward Melville 1,rr,biology,5,20,12,2,5,28,
Eric Liu,Ward Melville 1,rr,math,5,20,0,0,0,0,
Eric Liu,Ward Melville 1,rr,chemistry,5,20,12,1,4,32,
Eric Liu,Ward Melville 1,rr,ess,5,20,0,0,0,0,
Eric Liu,Ward Melville 1,rr,physics,5,20,1,0,0,4,
Harry Gao,Ward Melville 1,rr,overall,5,100,36,8,10,104,
Harry Gao,Ward Melville 1,rr,biology,5,20,0,0,0,0,
Harry Gao,Ward Melville 1,rr,math,5,20,13,1,5,32,
Harry Gao,Ward Melville 1,rr,chemistry,5,20,1,0,0,4,
Harry Gao,Ward Melville 1,rr,ess,5,20,10,7,0,40,
Harry Gao,Ward Melville 1,rr,physics,5,20,12,0,5,28,
Jason Yin,Ward Melville 1,rr,overall,4,80,0,0,0,0,
Jason Yin,Ward Melville 1,rr,biology,4,16,0,0,0,0,
Jason Yin,Ward Melville 1,rr,math,4,16,0,0,0,0,
Jason Yin,Ward Melville 1,rr,chemistry,4,16,0,0,0,0,
Jason Yin,Ward Melville 1,rr,ess,4,16,0,0,0,0,
Jason Yin,Ward Melville 1,rr,physics,4,16,0,0,0,0,
Alan Mao,Ward Melville 2,rr,overall,5,100,3,1,1,8,
Alan Mao,Ward Melville 2,rr,biology,5,20,0,0,0,0,
Alan Mao,Ward Melville 2,rr,math,5,20,3,0,0,12,
Alan Mao,Ward Melville 2,rr,chemistry,5,20,0,0,1,-4,
Alan Mao,Ward Melville 2,rr,ess,5,20,0,0,0,0,
Alan Mao,Ward Melville 2,rr,physics,5,20,0,1,0,0,
Gunes Sunar,Ward Melville 2,rr,overall,5,100,12,14,0,48,
Gunes Sunar,Ward Melville 2,rr,biology,5,20,1,0,0,4,
Gunes Sunar,Ward Melville 2,rr,math,5,20,3,5,0,12,
Gunes Sunar,Ward Melville 2,rr,chemistry,5,20,2,0,0,8,
Gunes Sunar,Ward Melville 2,rr,ess,5,20,0,4,0,0,
Gunes Sunar,Ward Melville 2,rr,physics,5,20,6,5,0,24,
Kiaan Biswas,Ward Melville 2,rr,overall,5,100,14,7,4,40,
Kiaan Biswas,Ward Melville 2,rr,biology,5,20,9,1,3,24,
Kiaan Biswas,Ward Melville 2,rr,math,5,20,0,0,0,0,
Kiaan Biswas,Ward Melville 2,rr,chemistry,5,20,2,1,0,8,
Kiaan Biswas,Ward Melville 2,rr,ess,5,20,3,5,1,8,
Kiaan Biswas,Ward Melville 2,rr,physics,5,20,0,0,0,0,
Will Squire,Ward Melville 2,rr,overall,5,100,4,3,2,8,
Will Squire,Ward Melville 2,rr,biology,5,20,0,1,0,0,
Will Squire,Ward Melville 2,rr,math,5,20,0,1,0,0,
Will Squire,Ward Melville 2,rr,chemistry,5,20,1,1,0,4,
Will Squire,Ward Melville 2,rr,ess,5,20,2,0,1,4,
Will Squire,Ward Melville 2,rr,physics,5,20,1,0,1,0,
Jeff Zhou,Wayzata,rr,overall,4.5,90,0,0,2,-8,
Jeff Zhou,Wayzata,rr,biology,4.5,18,0,0,0,0,
Jeff Zhou,Wayzata,rr,math,4.5,18,0,0,2,-8,
Jeff Zhou,Wayzata,rr,chemistry,4.5,18,0,0,0,0,
Jeff Zhou,Wayzata,rr,ess,4.5,18,0,0,0,0,
Jeff Zhou,Wayzata,rr,physics,4.5,18,0,0,0,0,
Kevin Qiu,Wayzata,rr,overall,5,100,30,3,6,96,
Kevin Qiu,Wayzata,rr,biology,5,20,6,0,2,16,
Kevin Qiu,Wayzata,rr,math,5,20,8,1,0,32,
Kevin Qiu,Wayzata,rr,chemistry,5,20,7,0,1,24,
Kevin Qiu,Wayzata,rr,ess,5,20,2,0,1,4,
Kevin Qiu,Wayzata,rr,physics,5,20,7,2,2,20,
Luyao Yang,Wayzata,rr,overall,5,100,7,1,4,12,
Luyao Yang,Wayzata,rr,biology,5,20,0,0,0,0,
Luyao Yang,Wayzata,rr,math,5,20,1,0,0,4,
Luyao Yang,Wayzata,rr,chemistry,5,20,1,0,0,4,
Luyao Yang,Wayzata,rr,ess,5,20,5,1,4,4,
Luyao Yang,Wayzata,rr,physics,5,20,0,0,0,0,
Sophie Cui,Wayzata,rr,overall,4.5,90,10,0,0,40,
Sophie Cui,Wayzata,rr,biology,4.5,18,4,0,0,16,
Sophie Cui,Wayzata,rr,math,4.5,18,0,0,0,0,
Sophie Cui,Wayzata,rr,chemistry,4.5,18,3,0,0,12,
Sophie Cui,Wayzata,rr,ess,4.5,18,2,0,0,8,
Sophie Cui,Wayzata,rr,physics,4.5,18,1,0,0,4,
Yan-Ru Cao,Wayzata,rr,overall,4.5,90,5,0,0,20,
Yan-Ru Cao,Wayzata,rr,biology,4.5,18,0,0,0,0,
Yan-Ru Cao,Wayzata,rr,math,4.5,18,1,0,0,4,
Yan-Ru Cao,Wayzata,rr,chemistry,4.5,18,4,0,0,16,
Yan-Ru Cao,Wayzata,rr,ess,4.5,18,0,0,0,0,
Yan-Ru Cao,Wayzata,rr,physics,4.5,18,0,0,0,0,
Aahan Mahakud,West Windsor-Plainsboro North,rr,overall,3,60,0,0,0,0,
Aahan Mahakud,West Windsor-Plainsboro North,rr,biology,3,12,0,0,0,0,
Aahan Mahakud,West Windsor-Plainsboro North,rr,math,3,12,0,0,0,0,
Aahan Mahakud,West Windsor-Plainsboro North,rr,chemistry,3,12,0,0,0,0,
Aahan Mahakud,West Windsor-Plainsboro North,rr,ess,3,12,0,0,0,0,
Aahan Mahakud,West Windsor-Plainsboro North,rr,physics,3,12,0,0,0,0,
Aldric Benalan,West Windsor-Plainsboro North,rr,overall,5,100,36,11,5,124,
Aldric Benalan,West Windsor-Plainsboro North,rr,biology,5,20,2,0,0,8,
Aldric Benalan,West Windsor-Plainsboro North,rr,math,5,20,5,5,2,12,
Aldric Benalan,West Windsor-Plainsboro North,rr,chemistry,5,20,9,1,0,36,
Aldric Benalan,West Windsor-Plainsboro North,rr,ess,5,20,12,2,3,36,
Aldric Benalan,West Windsor-Plainsboro North,rr,physics,5,20,8,3,0,32,
Easton Wei,West Windsor-Plainsboro North,rr,overall,3,60,6,1,1,20,
Easton Wei,West Windsor-Plainsboro North,rr,biology,3,12,0,0,0,0,
Easton Wei,West Windsor-Plainsboro North,rr,math,3,12,2,0,0,8,
Easton Wei,West Windsor-Plainsboro North,rr,chemistry,3,12,4,0,0,16,
Easton Wei,West Windsor-Plainsboro North,rr,ess,3,12,0,0,0,0,
Easton Wei,West Windsor-Plainsboro North,rr,physics,3,12,0,1,1,-4,
Ishaan Arya,West Windsor-Plainsboro North,rr,overall,5,100,3,2,1,8,
Ishaan Arya,West Windsor-Plainsboro North,rr,biology,5,20,3,2,1,8,
Ishaan Arya,West Windsor-Plainsboro North,rr,math,5,20,0,0,0,0,
Ishaan Arya,West Windsor-Plainsboro North,rr,chemistry,5,20,0,0,0,0,
Ishaan Arya,West Windsor-Plainsboro North,rr,ess,5,20,0,0,0,0,
Ishaan Arya,West Windsor-Plainsboro North,rr,physics,5,20,0,0,0,0,
Sharath Sanjay,West Windsor-Plainsboro North,rr,overall,5,100,9,0,1,32,
Sharath Sanjay,West Windsor-Plainsboro North,rr,biology,5,20,9,0,1,32,
Sharath Sanjay,West Windsor-Plainsboro North,rr,math,5,20,0,0,0,0,
Sharath Sanjay,West Windsor-Plainsboro North,rr,chemistry,5,20,0,0,0,0,
Sharath Sanjay,West Windsor-Plainsboro North,rr,ess,5,20,0,0,0,0,
Sharath Sanjay,West Windsor-Plainsboro North,rr,physics,5,20,0,0,0,0,
Jiahe Zhao,Westview 1,rr,overall,5,100,1,0,1,0,
Jiahe Zhao,Westview 1,rr,biology,5,20,0,0,0,0,
Jiahe Zhao,Westview 1,rr,math,5,20,1,0,1,0,
Jiahe Zhao,Westview 1,rr,chemistry,5,20,0,0,0,0,
Jiahe Zhao,Westview 1,rr,ess,5,20,0,0,0,0,
Jiahe Zhao,Westview 1,rr,physics,5,20,0,0,0,0,
Lisa Xun,Westview 1,rr,overall,5,100,3,6,0,12,
Lisa Xun,Westview 1,rr,biology,5,20,1,2,0,4,
Lisa Xun,Westview 1,rr,math,5,20,0,1,0,0,
Lisa Xun,Westview 1,rr,chemistry,5,20,2,2,0,8,
Lisa Xun,Westview 1,rr,ess,5,20,0,1,0,0,
Lisa Xun,Westview 1,rr,physics,5,20,0,0,0,0,
Sanjana Basa,Westview 1,rr,overall,5,100,2,4,0,8,
Sanjana Basa,Westview 1,rr,biology,5,20,0,0,0,0,
Sanjana Basa,Westview 1,rr,math,5,20,0,0,0,0,
Sanjana Basa,Westview 1,rr,chemistry,5,20,0,0,0,0,
Sanjana Basa,Westview 1,rr,ess,5,20,0,3,0,0,
Sanjana Basa,Westview 1,rr,physics,5,20,2,1,0,8,
Tashvi Khare,Westview 1,rr,overall,5,100,0,3,1,-4,
Tashvi Khare,Westview 1,rr,biology,5,20,0,1,1,-4,
Tashvi Khare,Westview 1,rr,math,5,20,0,0,0,0,
Tashvi Khare,Westview 1,rr,chemistry,5,20,0,0,0,0,
Tashvi Khare,Westview 1,rr,ess,5,20,0,1,0,0,
Tashvi Khare,Westview 1,rr,physics,5,20,0,1,0,0,
Zoey Tang,Westview 1,rr,overall,5,100,17,6,1,64,
Zoey Tang,Westview 1,rr,biology,5,20,1,2,0,4,
Zoey Tang,Westview 1,rr,math,5,20,9,1,0,36,
Zoey Tang,Westview 1,rr,chemistry,5,20,0,2,0,0,
Zoey Tang,Westview 1,rr,ess,5,20,0,1,0,0,
Zoey Tang,Westview 1,rr,physics,5,20,7,0,1,24,
Andrew Kozintsev,Whitney Young 1,rr,overall,4,80,11,7,2,36,
Andrew Kozintsev,Whitney Young 1,rr,biology,4,16,0,0,0,0,
Andrew Kozintsev,Whitney Young 1,rr,math,4,16,0,1,1,-4,
Andrew Kozintsev,Whitney Young 1,rr,chemistry,4,16,3,2,0,12,
Andrew Kozintsev,Whitney Young 1,rr,ess,4,16,2,3,1,4,
Andrew Kozintsev,Whitney Young 1,rr,physics,4,16,6,1,0,24,
Brennan Tsai,Whitney Young 1,rr,overall,5,100,2,6,0,8,
Brennan Tsai,Whitney Young 1,rr,biology,5,20,0,1,0,0,
Brennan Tsai,Whitney Young 1,rr,math,5,20,2,3,0,8,
Brennan Tsai,Whitney Young 1,rr,chemistry,5,20,0,0,0,0,
Brennan Tsai,Whitney Young 1,rr,ess,5,20,0,2,0,0,
Brennan Tsai,Whitney Young 1,rr,physics,5,20,0,0,0,0,
Chaniel Kpekpe,Whitney Young 1,rr,overall,5,100,17,15,2,60,
Chaniel Kpekpe,Whitney Young 1,rr,biology,5,20,7,4,1,24,
Chaniel Kpekpe,Whitney Young 1,rr,math,5,20,1,1,0,4,
Chaniel Kpekpe,Whitney Young 1,rr,chemistry,5,20,4,2,0,16,
Chaniel Kpekpe,Whitney Young 1,rr,ess,5,20,2,6,1,4,
Chaniel Kpekpe,Whitney Young 1,rr,physics,5,20,3,2,0,12,
Lucas Pan,Whitney Young 1,rr,overall,5,100,1,0,0,4,
Lucas Pan,Whitney Young 1,rr,biology,5,20,0,0,0,0,
Lucas Pan,Whitney Young 1,rr,math,5,20,1,0,0,4,
Lucas Pan,Whitney Young 1,rr,chemistry,5,20,0,0,0,0,
Lucas Pan,Whitney Young 1,rr,ess,5,20,0,0,0,0,
Lucas Pan,Whitney Young 1,rr,physics,5,20,0,0,0,0,
spruan ruan,Whitney Young 1,rr,overall,5,100,1,0,0,4,
spruan ruan,Whitney Young 1,rr,biology,5,20,0,0,0,0,
spruan ruan,Whitney Young 1,rr,math,5,20,0,0,0,0,
spruan ruan,Whitney Young 1,rr,chemistry,5,20,0,0,0,0,
spruan ruan,Whitney Young 1,rr,ess,5,20,0,0,0,0,
spruan ruan,Whitney Young 1,rr,physics,5,20,1,0,0,4,
Hannah Gao,Whitney Young 2,rr,overall,5,100,3,2,1,8,
Hannah Gao,Whitney Young 2,rr,biology,5,20,0,0,0,0,
Hannah Gao,Whitney Young 2,rr,math,5,20,3,2,1,8,
Hannah Gao,Whitney Young 2,rr,chemistry,5,20,0,0,0,0,
Hannah Gao,Whitney Young 2,rr,ess,5,20,0,0,0,0,
Hannah Gao,Whitney Young 2,rr,physics,5,20,0,0,0,0,
Miles Wallace,Whitney Young 2,rr,overall,5,100,7,15,0,28,
Miles Wallace,Whitney Young 2,rr,biology,5,20,1,2,0,4,
Miles Wallace,Whitney Young 2,rr,math,5,20,0,1,0,0,
Miles Wallace,Whitney Young 2,rr,chemistry,5,20,1,3,0,4,
Miles Wallace,Whitney Young 2,rr,ess,5,20,1,8,0,4,
Miles Wallace,Whitney Young 2,rr,physics,5,20,4,1,0,16,
Rongyi Chen,Whitney Young 2,rr,overall,5,100,0,1,0,0,
Rongyi Chen,Whitney Young 2,rr,biology,5,20,0,0,0,0,
Rongyi Chen,Whitney Young 2,rr,math,5,20,0,0,0,0,
Rongyi Chen,Whitney Young 2,rr,chemistry,5,20,0,0,0,0,
Rongyi Chen,Whitney Young 2,rr,ess,5,20,0,0,0,0,
Rongyi Chen,Whitney Young 2,rr,physics,5,20,0,1,0,0,
Vladislav Bodnaruk,Whitney Young 2,rr,overall,5,100,8,7,0,32,
Vladislav Bodnaruk,Whitney Young 2,rr,biology,5,20,4,1,0,16,
Vladislav Bodnaruk,Whitney Young 2,rr,math,5,20,4,0,0,16,
Vladislav Bodnaruk,Whitney Young 2,rr,chemistry,5,20,0,2,0,0,
Vladislav Bodnaruk,Whitney Young 2,rr,ess,5,20,0,2,0,0,
Vladislav Bodnaruk,Whitney Young 2,rr,physics,5,20,0,2,0,0,
Zachary Hernandez,Whitney Young 2,rr,overall,5,100,0,1,0,0,
Zachary Hernandez,Whitney Young 2,rr,biology,5,20,0,0,0,0,
Zachary Hernandez,Whitney Young 2,rr,math,5,20,0,0,0,0,
Zachary Hernandez,Whitney Young 2,rr,chemistry,5,20,0,0,0,0,
Zachary Hernandez,Whitney Young 2,rr,ess,5,20,0,1,0,0,
Zachary Hernandez,Whitney Young 2,rr,physics,5,20,0,0,0,0,
Ariv Barua,AHB 1,playoff,overall,1,,2,1,0,8,
Ariv Barua,AHB 1,playoff,biology,1,,0,0,0,0,
Ariv Barua,AHB 1,playoff,math,1,,0,0,0,0,
Ariv Barua,AHB 1,playoff,chemistry,1,,1,1,0,4,
Ariv Barua,AHB 1,playoff,ess,1,,0,0,0,0,
Ariv Barua,AHB 1,playoff,physics,1,,1,0,0,4,
Arnav Bhatia,AHB 1,playoff,overall,1,,0,1,0,0,
Arnav Bhatia,AHB 1,playoff,biology,1,,0,0,0,0,
Arnav Bhatia,AHB 1,playoff,math,1,,0,1,0,0,
Arnav Bhatia,AHB 1,playoff,chemistry,1,,0,0,0,0,
Arnav Bhatia,AHB 1,playoff,ess,1,,0,0,0,0,
Arnav Bhatia,AHB 1,playoff,physics,1,,0,0,0,0,
Daniel Cai,AHB 1,playoff,overall,1,,0,1,0,0,
Daniel Cai,AHB 1,playoff,biology,1,,0,0,0,0,
Daniel Cai,AHB 1,playoff,math,1,,0,0,0,0,
Daniel Cai,AHB 1,playoff,chemistry,1,,0,0,0,0,
Daniel Cai,AHB 1,playoff,ess,1,,0,0,0,0,
Daniel Cai,AHB 1,playoff,physics,1,,0,1,0,0,
Jason Tang,AHB 1,playoff,overall,1,,2,3,0,8,
Jason Tang,AHB 1,playoff,biology,1,,0,0,0,0,
Jason Tang,AHB 1,playoff,math,1,,0,0,0,0,
Jason Tang,AHB 1,playoff,chemistry,1,,1,0,0,4,
Jason Tang,AHB 1,playoff,ess,1,,1,1,0,4,
Jason Tang,AHB 1,playoff,physics,1,,0,2,0,0,
Rishitha Marri,AHB 1,playoff,overall,1,,0,0,0,0,
Rishitha Marri,AHB 1,playoff,biology,1,,0,0,0,0,
Rishitha Marri,AHB 1,playoff,math,1,,0,0,0,0,
Rishitha Marri,AHB 1,playoff,chemistry,1,,0,0,0,0,
Rishitha Marri,AHB 1,playoff,ess,1,,0,0,0,0,
Rishitha Marri,AHB 1,playoff,physics,1,,0,0,0,0,
Advik Sharma,ASFA 1,playoff,overall,3,,6,3,1,20,
Advik Sharma,ASFA 1,playoff,biology,3,,3,1,0,12,
Advik Sharma,ASFA 1,playoff,math,3,,2,2,1,4,
Advik Sharma,ASFA 1,playoff,chemistry,3,,0,0,0,0,
Advik Sharma,ASFA 1,playoff,ess,3,,0,0,0,0,
Advik Sharma,ASFA 1,playoff,physics,3,,1,0,0,4,
Akhil Batchu,ASFA 1,playoff,overall,3,,15,8,7,32,
Akhil Batchu,ASFA 1,playoff,biology,3,,1,1,1,0,
Akhil Batchu,ASFA 1,playoff,math,3,,0,1,1,-4,
Akhil Batchu,ASFA 1,playoff,chemistry,3,,7,2,1,24,
Akhil Batchu,ASFA 1,playoff,ess,3,,5,4,1,16,
Akhil Batchu,ASFA 1,playoff,physics,3,,2,0,3,-4,
Albert Chen,ASFA 1,playoff,overall,3,,1,0,0,4,
Albert Chen,ASFA 1,playoff,biology,3,,0,0,0,0,
Albert Chen,ASFA 1,playoff,math,3,,1,0,0,4,
Albert Chen,ASFA 1,playoff,chemistry,3,,0,0,0,0,
Albert Chen,ASFA 1,playoff,ess,3,,0,0,0,0,
Albert Chen,ASFA 1,playoff,physics,3,,0,0,0,0,
Clark Baty,ASFA 1,playoff,overall,3,,0,0,0,0,
Clark Baty,ASFA 1,playoff,biology,3,,0,0,0,0,
Clark Baty,ASFA 1,playoff,math,3,,0,0,0,0,
Clark Baty,ASFA 1,playoff,chemistry,3,,0,0,0,0,
Clark Baty,ASFA 1,playoff,ess,3,,0,0,0,0,
Clark Baty,ASFA 1,playoff,physics,3,,0,0,0,0,
Skyler Brown,ASFA 1,playoff,overall,3,,0,2,1,-4,
Skyler Brown,ASFA 1,playoff,biology,3,,0,0,0,0,
Skyler Brown,ASFA 1,playoff,math,3,,0,0,0,0,
Skyler Brown,ASFA 1,playoff,chemistry,3,,0,0,0,0,
Skyler Brown,ASFA 1,playoff,ess,3,,0,0,0,0,
Skyler Brown,ASFA 1,playoff,physics,3,,0,2,1,-4,
Austin Zhang,Arcadia 1,playoff,overall,1,,8,3,2,24,
Austin Zhang,Arcadia 1,playoff,biology,1,,3,1,0,12,
Austin Zhang,Arcadia 1,playoff,math,1,,1,1,0,4,
Austin Zhang,Arcadia 1,playoff,chemistry,1,,2,1,1,4,
Austin Zhang,Arcadia 1,playoff,ess,1,,0,0,0,0,
Austin Zhang,Arcadia 1,playoff,physics,1,,2,0,1,4,
Ethan Wang,Arcadia 1,playoff,overall,1,,0,0,0,0,
Ethan Wang,Arcadia 1,playoff,biology,1,,0,0,0,0,
Ethan Wang,Arcadia 1,playoff,math,1,,0,0,0,0,
Ethan Wang,Arcadia 1,playoff,chemistry,1,,0,0,0,0,
Ethan Wang,Arcadia 1,playoff,ess,1,,0,0,0,0,
Ethan Wang,Arcadia 1,playoff,physics,1,,0,0,0,0,
Henry Zhang,Arcadia 1,playoff,overall,1,,0,0,0,0,
Henry Zhang,Arcadia 1,playoff,biology,1,,0,0,0,0,
Henry Zhang,Arcadia 1,playoff,math,1,,0,0,0,0,
Henry Zhang,Arcadia 1,playoff,chemistry,1,,0,0,0,0,
Henry Zhang,Arcadia 1,playoff,ess,1,,0,0,0,0,
Henry Zhang,Arcadia 1,playoff,physics,1,,0,0,0,0,
Kevin Wu,Arcadia 1,playoff,overall,1,,0,0,0,0,
Kevin Wu,Arcadia 1,playoff,biology,1,,0,0,0,0,
Kevin Wu,Arcadia 1,playoff,math,1,,0,0,0,0,
Kevin Wu,Arcadia 1,playoff,chemistry,1,,0,0,0,0,
Kevin Wu,Arcadia 1,playoff,ess,1,,0,0,0,0,
Kevin Wu,Arcadia 1,playoff,physics,1,,0,0,0,0,
Paxton Lin,Arcadia 1,playoff,overall,1,,0,0,0,0,
Paxton Lin,Arcadia 1,playoff,biology,1,,0,0,0,0,
Paxton Lin,Arcadia 1,playoff,math,1,,0,0,0,0,
Paxton Lin,Arcadia 1,playoff,chemistry,1,,0,0,0,0,
Paxton Lin,Arcadia 1,playoff,ess,1,,0,0,0,0,
Paxton Lin,Arcadia 1,playoff,physics,1,,0,0,0,0,
Yingchi Xiao,Arcadia 1,playoff,overall,1,,0,0,0,0,
Yingchi Xiao,Arcadia 1,playoff,biology,1,,0,0,0,0,
Yingchi Xiao,Arcadia 1,playoff,math,1,,0,0,0,0,
Yingchi Xiao,Arcadia 1,playoff,chemistry,1,,0,0,0,0,
Yingchi Xiao,Arcadia 1,playoff,ess,1,,0,0,0,0,
Yingchi Xiao,Arcadia 1,playoff,physics,1,,0,0,0,0,
Aaron Cohen,BISV 1,playoff,overall,2,,0,0,0,0,
Aaron Cohen,BISV 1,playoff,biology,2,,0,0,0,0,
Aaron Cohen,BISV 1,playoff,math,2,,0,0,0,0,
Aaron Cohen,BISV 1,playoff,chemistry,2,,0,0,0,0,
Aaron Cohen,BISV 1,playoff,ess,2,,0,0,0,0,
Aaron Cohen,BISV 1,playoff,physics,2,,0,0,0,0,
Derrick Liu,BISV 1,playoff,overall,2,,1,1,0,4,
Derrick Liu,BISV 1,playoff,biology,2,,0,0,0,0,
Derrick Liu,BISV 1,playoff,math,2,,0,0,0,0,
Derrick Liu,BISV 1,playoff,chemistry,2,,0,1,0,0,
Derrick Liu,BISV 1,playoff,ess,2,,0,0,0,0,
Derrick Liu,BISV 1,playoff,physics,2,,1,0,0,4,
Larry Zhao,BISV 1,playoff,overall,2,,3,1,1,8,
Larry Zhao,BISV 1,playoff,biology,2,,3,1,1,8,
Larry Zhao,BISV 1,playoff,math,2,,0,0,0,0,
Larry Zhao,BISV 1,playoff,chemistry,2,,0,0,0,0,
Larry Zhao,BISV 1,playoff,ess,2,,0,0,0,0,
Larry Zhao,BISV 1,playoff,physics,2,,0,0,0,0,
Lucas Quan,BISV 1,playoff,overall,2,,9,2,2,28,
Lucas Quan,BISV 1,playoff,biology,2,,0,0,1,-4,
Lucas Quan,BISV 1,playoff,math,2,,3,0,0,12,
Lucas Quan,BISV 1,playoff,chemistry,2,,4,1,0,16,
Lucas Quan,BISV 1,playoff,ess,2,,2,0,1,4,
Lucas Quan,BISV 1,playoff,physics,2,,0,1,0,0,
Sidhant Chaliha,BISV 1,playoff,overall,2,,5,2,2,12,
Sidhant Chaliha,BISV 1,playoff,biology,2,,0,0,0,0,
Sidhant Chaliha,BISV 1,playoff,math,2,,2,0,1,4,
Sidhant Chaliha,BISV 1,playoff,chemistry,2,,0,1,0,0,
Sidhant Chaliha,BISV 1,playoff,ess,2,,0,1,0,0,
Sidhant Chaliha,BISV 1,playoff,physics,2,,3,0,1,8,
Chris Wang,Blair 1,playoff,overall,6,,1,0,0,4,
Chris Wang,Blair 1,playoff,biology,6,,0,0,0,0,
Chris Wang,Blair 1,playoff,math,6,,1,0,0,4,
Chris Wang,Blair 1,playoff,chemistry,6,,0,0,0,0,
Chris Wang,Blair 1,playoff,ess,6,,0,0,0,0,
Chris Wang,Blair 1,playoff,physics,6,,0,0,0,0,
Evan Zhang,Blair 1,playoff,overall,6,,19,6,8,44,
Evan Zhang,Blair 1,playoff,biology,6,,0,0,0,0,
Evan Zhang,Blair 1,playoff,math,6,,8,1,4,16,
Evan Zhang,Blair 1,playoff,chemistry,6,,0,0,0,0,
Evan Zhang,Blair 1,playoff,ess,6,,4,5,2,8,
Evan Zhang,Blair 1,playoff,physics,6,,7,0,2,20,
Kevin Feng,Blair 1,playoff,overall,6,,1,0,0,4,
Kevin Feng,Blair 1,playoff,biology,6,,0,0,0,0,
Kevin Feng,Blair 1,playoff,math,6,,0,0,0,0,
Kevin Feng,Blair 1,playoff,chemistry,6,,0,0,0,0,
Kevin Feng,Blair 1,playoff,ess,6,,1,0,0,4,
Kevin Feng,Blair 1,playoff,physics,6,,0,0,0,0,
Kian Dhawan,Blair 1,playoff,overall,6,,30,12,5,100,
Kian Dhawan,Blair 1,playoff,biology,6,,12,3,2,40,
Kian Dhawan,Blair 1,playoff,math,6,,1,2,1,0,
Kian Dhawan,Blair 1,playoff,chemistry,6,,11,4,2,36,
Kian Dhawan,Blair 1,playoff,ess,6,,2,3,0,8,
Kian Dhawan,Blair 1,playoff,physics,6,,4,0,0,16,
Sam Easaw,Blair 1,playoff,overall,6,,4,3,1,12,
Sam Easaw,Blair 1,playoff,biology,6,,0,0,0,0,
Sam Easaw,Blair 1,playoff,math,6,,2,1,0,8,
Sam Easaw,Blair 1,playoff,chemistry,6,,2,1,1,4,
Sam Easaw,Blair 1,playoff,ess,6,,0,0,0,0,
Sam Easaw,Blair 1,playoff,physics,6,,0,1,0,0,
Abhijay Banerjee,Blair 2,playoff,overall,2,,0,0,0,0,
Abhijay Banerjee,Blair 2,playoff,biology,2,,0,0,0,0,
Abhijay Banerjee,Blair 2,playoff,math,2,,0,0,0,0,
Abhijay Banerjee,Blair 2,playoff,chemistry,2,,0,0,0,0,
Abhijay Banerjee,Blair 2,playoff,ess,2,,0,0,0,0,
Abhijay Banerjee,Blair 2,playoff,physics,2,,0,0,0,0,
Bill Qian,Blair 2,playoff,overall,2,,3,2,1,8,
Bill Qian,Blair 2,playoff,biology,2,,0,0,0,0,
Bill Qian,Blair 2,playoff,math,2,,3,0,1,8,
Bill Qian,Blair 2,playoff,chemistry,2,,0,2,0,0,
Bill Qian,Blair 2,playoff,ess,2,,0,0,0,0,
Bill Qian,Blair 2,playoff,physics,2,,0,0,0,0,
Eric Xie,Blair 2,playoff,overall,2,,5,1,0,20,
Eric Xie,Blair 2,playoff,biology,2,,0,0,0,0,
Eric Xie,Blair 2,playoff,math,2,,1,0,0,4,
Eric Xie,Blair 2,playoff,chemistry,2,,0,0,0,0,
Eric Xie,Blair 2,playoff,ess,2,,0,0,0,0,
Eric Xie,Blair 2,playoff,physics,2,,4,1,0,16,
Meghna Singh,Blair 2,playoff,overall,2,,2,0,2,0,
Meghna Singh,Blair 2,playoff,biology,2,,0,0,2,-8,
Meghna Singh,Blair 2,playoff,math,2,,0,0,0,0,
Meghna Singh,Blair 2,playoff,chemistry,2,,1,0,0,4,
Meghna Singh,Blair 2,playoff,ess,2,,1,0,0,4,
Meghna Singh,Blair 2,playoff,physics,2,,0,0,0,0,
Samuel Wang,Blair 2,playoff,overall,2,,3,1,3,0,
Samuel Wang,Blair 2,playoff,biology,2,,2,1,0,8,
Samuel Wang,Blair 2,playoff,math,2,,0,0,0,0,
Samuel Wang,Blair 2,playoff,chemistry,2,,0,0,1,-4,
Samuel Wang,Blair 2,playoff,ess,2,,1,0,0,4,
Samuel Wang,Blair 2,playoff,physics,2,,0,0,2,-8,
Achuth Vinay,Clovis North High,playoff,overall,2,40,6,2,0,24,
Achuth Vinay,Clovis North High,playoff,biology,2,8,5,1,0,20,
Achuth Vinay,Clovis North High,playoff,math,2,8,1,1,0,4,
Achuth Vinay,Clovis North High,playoff,chemistry,2,8,0,0,0,0,
Achuth Vinay,Clovis North High,playoff,ess,2,8,0,0,0,0,
Achuth Vinay,Clovis North High,playoff,physics,2,8,0,0,0,0,
Justin Do,Clovis North High,playoff,overall,2,40,5,4,1,16,
Justin Do,Clovis North High,playoff,biology,2,8,0,0,0,0,
Justin Do,Clovis North High,playoff,math,2,8,0,1,0,0,
Justin Do,Clovis North High,playoff,chemistry,2,8,4,2,0,16,
Justin Do,Clovis North High,playoff,ess,2,8,1,0,0,4,
Justin Do,Clovis North High,playoff,physics,2,8,0,1,1,-4,
Majed Almasri,Clovis North High,playoff,overall,2,40,1,2,1,0,
Majed Almasri,Clovis North High,playoff,biology,2,8,0,0,0,0,
Majed Almasri,Clovis North High,playoff,math,2,8,1,0,0,4,
Majed Almasri,Clovis North High,playoff,chemistry,2,8,0,0,0,0,
Majed Almasri,Clovis North High,playoff,ess,2,8,0,1,0,0,
Majed Almasri,Clovis North High,playoff,physics,2,8,0,1,1,-4,
Renard Wu,Clovis North High,playoff,overall,2,40,1,1,0,4,
Renard Wu,Clovis North High,playoff,biology,2,8,0,0,0,0,
Renard Wu,Clovis North High,playoff,math,2,8,0,0,0,0,
Renard Wu,Clovis North High,playoff,chemistry,2,8,0,0,0,0,
Renard Wu,Clovis North High,playoff,ess,2,8,1,1,0,4,
Renard Wu,Clovis North High,playoff,physics,2,8,0,0,0,0,
Ethan Chan,Davidson Academy,playoff,overall,5,100,1,2,1,0,
Ethan Chan,Davidson Academy,playoff,biology,5,20,0,0,0,0,
Ethan Chan,Davidson Academy,playoff,math,5,20,1,0,1,0,
Ethan Chan,Davidson Academy,playoff,chemistry,5,20,0,0,0,0,
Ethan Chan,Davidson Academy,playoff,ess,5,20,0,1,0,0,
Ethan Chan,Davidson Academy,playoff,physics,5,20,0,1,0,0,
Lucas Wu,Davidson Academy,playoff,overall,5,100,21,14,2,76,
Lucas Wu,Davidson Academy,playoff,biology,5,20,1,0,0,4,
Lucas Wu,Davidson Academy,playoff,math,5,20,4,3,0,16,
Lucas Wu,Davidson Academy,playoff,chemistry,5,20,3,4,1,8,
Lucas Wu,Davidson Academy,playoff,ess,5,20,2,5,0,8,
Lucas Wu,Davidson Academy,playoff,physics,5,20,11,2,1,40,
Shayan Sattarvand,Davidson Academy,playoff,overall,5,100,4,2,2,8,
Shayan Sattarvand,Davidson Academy,playoff,biology,5,20,1,0,0,4,
Shayan Sattarvand,Davidson Academy,playoff,math,5,20,1,2,0,4,
Shayan Sattarvand,Davidson Academy,playoff,chemistry,5,20,2,0,1,4,
Shayan Sattarvand,Davidson Academy,playoff,ess,5,20,0,0,0,0,
Shayan Sattarvand,Davidson Academy,playoff,physics,5,20,0,0,1,-4,
Yajur Chandar,Davidson Academy,playoff,overall,5,100,9,4,1,32,
Yajur Chandar,Davidson Academy,playoff,biology,5,20,6,3,1,20,
Yajur Chandar,Davidson Academy,playoff,math,5,20,0,0,0,0,
Yajur Chandar,Davidson Academy,playoff,chemistry,5,20,3,1,0,12,
Yajur Chandar,Davidson Academy,playoff,ess,5,20,0,0,0,0,
Yajur Chandar,Davidson Academy,playoff,physics,5,20,0,0,0,0,
Camille Pimentel,Hunter College 1,playoff,overall,3,60,8,3,1,28,
Camille Pimentel,Hunter College 1,playoff,biology,3,12,2,1,0,8,
Camille Pimentel,Hunter College 1,playoff,math,3,12,0,0,0,0,
Camille Pimentel,Hunter College 1,playoff,chemistry,3,12,0,0,0,0,
Camille Pimentel,Hunter College 1,playoff,ess,3,12,6,2,1,20,
Camille Pimentel,Hunter College 1,playoff,physics,3,12,0,0,0,0,
Gabe Levin,Hunter College 1,playoff,overall,3,60,10,12,5,20,
Gabe Levin,Hunter College 1,playoff,biology,3,12,0,2,0,0,
Gabe Levin,Hunter College 1,playoff,math,3,12,6,2,1,20,
Gabe Levin,Hunter College 1,playoff,chemistry,3,12,2,4,1,4,
Gabe Levin,Hunter College 1,playoff,ess,3,12,0,0,0,0,
Gabe Levin,Hunter College 1,playoff,physics,3,12,2,4,3,-4,
Simone Maimon,Hunter College 1,playoff,overall,3,40,0,0,0,0,
Simone Maimon,Hunter College 1,playoff,biology,3,8,0,0,0,0,
Simone Maimon,Hunter College 1,playoff,math,3,8,0,0,0,0,
Simone Maimon,Hunter College 1,playoff,chemistry,3,8,0,0,0,0,
Simone Maimon,Hunter College 1,playoff,ess,3,8,0,0,0,0,
Simone Maimon,Hunter College 1,playoff,physics,3,8,0,0,0,0,
Heidi Leonard,James Clemens,playoff,overall,3,60,6,3,0,24,
Heidi Leonard,James Clemens,playoff,biology,3,12,6,3,0,24,
Heidi Leonard,James Clemens,playoff,math,3,12,0,0,0,0,
Heidi Leonard,James Clemens,playoff,chemistry,3,12,0,0,0,0,
Heidi Leonard,James Clemens,playoff,ess,3,12,0,0,0,0,
Heidi Leonard,James Clemens,playoff,physics,3,12,0,0,0,0,
Joel Yang,James Clemens,playoff,overall,3,60,9,1,0,36,
Joel Yang,James Clemens,playoff,biology,3,12,0,0,0,0,
Joel Yang,James Clemens,playoff,math,3,12,0,1,0,0,
Joel Yang,James Clemens,playoff,chemistry,3,12,0,0,0,0,
Joel Yang,James Clemens,playoff,ess,3,12,9,0,0,36,
Joel Yang,James Clemens,playoff,physics,3,12,0,0,0,0,
Praneel Avula,James Clemens,playoff,overall,3,60,16,8,3,52,
Praneel Avula,James Clemens,playoff,biology,3,12,0,0,0,0,
Praneel Avula,James Clemens,playoff,math,3,12,2,3,0,8,
Praneel Avula,James Clemens,playoff,chemistry,3,12,6,1,2,16,
Praneel Avula,James Clemens,playoff,ess,3,12,2,0,1,4,
Praneel Avula,James Clemens,playoff,physics,3,12,6,4,0,24,
Saqib Baig,James Clemens,playoff,overall,3,60,0,1,0,0,
Saqib Baig,James Clemens,playoff,biology,3,12,0,0,0,0,
Saqib Baig,James Clemens,playoff,math,3,12,0,0,0,0,
Saqib Baig,James Clemens,playoff,chemistry,3,12,0,1,0,0,
Saqib Baig,James Clemens,playoff,ess,3,12,0,0,0,0,
Saqib Baig,James Clemens,playoff,physics,3,12,0,0,0,0,
Helen Wang,Jericho 1,playoff,overall,1,20,2,0,1,4,
Helen Wang,Jericho 1,playoff,biology,1,4,0,0,1,-4,
Helen Wang,Jericho 1,playoff,math,1,4,0,0,0,0,
Helen Wang,Jericho 1,playoff,chemistry,1,4,0,0,0,0,
Helen Wang,Jericho 1,playoff,ess,1,4,2,0,0,8,
Helen Wang,Jericho 1,playoff,physics,1,4,0,0,0,0,
Mahdi Khan,Jericho 1,playoff,overall,1,20,2,0,0,8,
Mahdi Khan,Jericho 1,playoff,biology,1,4,0,0,0,0,
Mahdi Khan,Jericho 1,playoff,math,1,4,0,0,0,0,
Mahdi Khan,Jericho 1,playoff,chemistry,1,4,0,0,0,0,
Mahdi Khan,Jericho 1,playoff,ess,1,4,1,0,0,4,
Mahdi Khan,Jericho 1,playoff,physics,1,4,1,0,0,4,
Ryan Tae,Jericho 1,playoff,overall,1,20,1,0,1,0,
Ryan Tae,Jericho 1,playoff,biology,1,4,0,0,0,0,
Ryan Tae,Jericho 1,playoff,math,1,4,0,0,0,0,
Ryan Tae,Jericho 1,playoff,chemistry,1,4,1,0,0,4,
Ryan Tae,Jericho 1,playoff,ess,1,4,0,0,0,0,
Ryan Tae,Jericho 1,playoff,physics,1,4,0,0,1,-4,
Aaron Lin,Ladue,playoff,overall,4,,15,3,1,56,
Aaron Lin,Ladue,playoff,biology,4,,0,0,0,0,
Aaron Lin,Ladue,playoff,math,4,,10,1,0,40,
Aaron Lin,Ladue,playoff,chemistry,4,,0,0,0,0,
Aaron Lin,Ladue,playoff,ess,4,,0,0,0,0,
Aaron Lin,Ladue,playoff,physics,4,,5,2,1,16,
Alex Wang,Ladue,playoff,overall,4,,1,5,0,4,
Alex Wang,Ladue,playoff,biology,4,,0,0,0,0,
Alex Wang,Ladue,playoff,math,4,,0,0,0,0,
Alex Wang,Ladue,playoff,chemistry,4,,1,2,0,4,
Alex Wang,Ladue,playoff,ess,4,,0,3,0,0,
Alex Wang,Ladue,playoff,physics,4,,0,0,0,0,
Arman A,Ladue,playoff,overall,4,,5,3,1,16,
Arman A,Ladue,playoff,biology,4,,5,2,1,16,
Arman A,Ladue,playoff,math,4,,0,0,0,0,
Arman A,Ladue,playoff,chemistry,4,,0,1,0,0,
Arman A,Ladue,playoff,ess,4,,0,0,0,0,
Arman A,Ladue,playoff,physics,4,,0,0,0,0,
Ayden Huang,Ladue,playoff,overall,4,,2,3,1,4,
Ayden Huang,Ladue,playoff,biology,4,,0,0,0,0,
Ayden Huang,Ladue,playoff,math,4,,0,0,0,0,
Ayden Huang,Ladue,playoff,chemistry,4,,0,1,0,0,
Ayden Huang,Ladue,playoff,ess,4,,2,2,1,4,
Ayden Huang,Ladue,playoff,physics,4,,0,0,0,0,
Rishi Suri,Ladue,playoff,overall,4,,0,0,0,0,
Rishi Suri,Ladue,playoff,biology,4,,0,0,0,0,
Rishi Suri,Ladue,playoff,math,4,,0,0,0,0,
Rishi Suri,Ladue,playoff,chemistry,4,,0,0,0,0,
Rishi Suri,Ladue,playoff,ess,4,,0,0,0,0,
Rishi Suri,Ladue,playoff,physics,4,,0,0,0,0,
Tianhan Huang,Ladue,playoff,overall,4,,0,3,0,0,
Tianhan Huang,Ladue,playoff,biology,4,,0,0,0,0,
Tianhan Huang,Ladue,playoff,math,4,,0,0,0,0,
Tianhan Huang,Ladue,playoff,chemistry,4,,0,3,0,0,
Tianhan Huang,Ladue,playoff,ess,4,,0,0,0,0,
Tianhan Huang,Ladue,playoff,physics,4,,0,0,0,0,
Zoran Pan,Ladue,playoff,overall,4,,0,0,0,0,
Zoran Pan,Ladue,playoff,biology,4,,0,0,0,0,
Zoran Pan,Ladue,playoff,math,4,,0,0,0,0,
Zoran Pan,Ladue,playoff,chemistry,4,,0,0,0,0,
Zoran Pan,Ladue,playoff,ess,4,,0,0,0,0,
Zoran Pan,Ladue,playoff,physics,4,,0,0,0,0,
Emma Li,Lakeside 1,playoff,overall,4,,2,0,0,8,
Emma Li,Lakeside 1,playoff,biology,4,,2,0,0,8,
Emma Li,Lakeside 1,playoff,math,4,,0,0,0,0,
Emma Li,Lakeside 1,playoff,chemistry,4,,0,0,0,0,
Emma Li,Lakeside 1,playoff,ess,4,,0,0,0,0,
Emma Li,Lakeside 1,playoff,physics,4,,0,0,0,0,
James Yang,Lakeside 1,playoff,overall,4,,3,1,0,12,
James Yang,Lakeside 1,playoff,biology,4,,0,0,0,0,
James Yang,Lakeside 1,playoff,math,4,,2,1,0,8,
James Yang,Lakeside 1,playoff,chemistry,4,,0,0,0,0,
James Yang,Lakeside 1,playoff,ess,4,,0,0,0,0,
James Yang,Lakeside 1,playoff,physics,4,,1,0,0,4,
Sara Liu,Lakeside 1,playoff,overall,4,,0,1,0,0,
Sara Liu,Lakeside 1,playoff,biology,4,,0,0,0,0,
Sara Liu,Lakeside 1,playoff,math,4,,0,0,0,0,
Sara Liu,Lakeside 1,playoff,chemistry,4,,0,0,0,0,
Sara Liu,Lakeside 1,playoff,ess,4,,0,0,0,0,
Sara Liu,Lakeside 1,playoff,physics,4,,0,1,0,0,
Vishnu Mangipudi,Lakeside 1,playoff,overall,4,,25,9,3,88,
Vishnu Mangipudi,Lakeside 1,playoff,biology,4,,2,2,1,4,
Vishnu Mangipudi,Lakeside 1,playoff,math,4,,7,1,0,28,
Vishnu Mangipudi,Lakeside 1,playoff,chemistry,4,,3,1,1,8,
Vishnu Mangipudi,Lakeside 1,playoff,ess,4,,9,4,0,36,
Vishnu Mangipudi,Lakeside 1,playoff,physics,4,,4,1,1,12,
William Wang,Lakeside 1,playoff,overall,4,,7,0,2,20,
William Wang,Lakeside 1,playoff,biology,4,,1,0,0,4,
William Wang,Lakeside 1,playoff,math,4,,0,0,0,0,
William Wang,Lakeside 1,playoff,chemistry,4,,6,0,2,16,
William Wang,Lakeside 1,playoff,ess,4,,0,0,0,0,
William Wang,Lakeside 1,playoff,physics,4,,0,0,0,0,
Aarush Iyer,MSJ 3,playoff,overall,2,,8,6,1,28,
Aarush Iyer,MSJ 3,playoff,biology,2,,3,0,1,8,
Aarush Iyer,MSJ 3,playoff,math,2,,0,0,0,0,
Aarush Iyer,MSJ 3,playoff,chemistry,2,,3,2,0,12,
Aarush Iyer,MSJ 3,playoff,ess,2,,0,1,0,0,
Aarush Iyer,MSJ 3,playoff,physics,2,,2,3,0,8,
Abhiraam Girish,MSJ 3,playoff,overall,2,,7,4,0,28,
Abhiraam Girish,MSJ 3,playoff,biology,2,,0,0,0,0,
Abhiraam Girish,MSJ 3,playoff,math,2,,1,1,0,4,
Abhiraam Girish,MSJ 3,playoff,chemistry,2,,1,0,0,4,
Abhiraam Girish,MSJ 3,playoff,ess,2,,2,3,0,8,
Abhiraam Girish,MSJ 3,playoff,physics,2,,3,0,0,12,
Hank Sun,MSJ 3,playoff,overall,2,,1,1,0,4,
Hank Sun,MSJ 3,playoff,biology,2,,0,0,0,0,
Hank Sun,MSJ 3,playoff,math,2,,1,1,0,4,
Hank Sun,MSJ 3,playoff,chemistry,2,,0,0,0,0,
Hank Sun,MSJ 3,playoff,ess,2,,0,0,0,0,
Hank Sun,MSJ 3,playoff,physics,2,,0,0,0,0,
Maxwell Zhang,MSJ 3,playoff,overall,2,,1,0,0,4,
Maxwell Zhang,MSJ 3,playoff,biology,2,,1,0,0,4,
Maxwell Zhang,MSJ 3,playoff,math,2,,0,0,0,0,
Maxwell Zhang,MSJ 3,playoff,chemistry,2,,0,0,0,0,
Maxwell Zhang,MSJ 3,playoff,ess,2,,0,0,0,0,
Maxwell Zhang,MSJ 3,playoff,physics,2,,0,0,0,0,
Advaith Mopuri,Mission San Jose 1,playoff,overall,4,,7,2,3,16,
Advaith Mopuri,Mission San Jose 1,playoff,biology,4,,0,1,0,0,
Advaith Mopuri,Mission San Jose 1,playoff,math,4,,6,1,3,12,
Advaith Mopuri,Mission San Jose 1,playoff,chemistry,4,,0,0,0,0,
Advaith Mopuri,Mission San Jose 1,playoff,ess,4,,0,0,0,0,
Advaith Mopuri,Mission San Jose 1,playoff,physics,4,,1,0,0,4,
Anish Agarwal,Mission San Jose 1,playoff,overall,4,,2,0,0,8,
Anish Agarwal,Mission San Jose 1,playoff,biology,4,,0,0,0,0,
Anish Agarwal,Mission San Jose 1,playoff,math,4,,0,0,0,0,
Anish Agarwal,Mission San Jose 1,playoff,chemistry,4,,1,0,0,4,
Anish Agarwal,Mission San Jose 1,playoff,ess,4,,0,0,0,0,
Anish Agarwal,Mission San Jose 1,playoff,physics,4,,1,0,0,4,
Roshan Annamalai,Mission San Jose 1,playoff,overall,4,,13,4,4,36,
Roshan Annamalai,Mission San Jose 1,playoff,biology,4,,0,0,0,0,
Roshan Annamalai,Mission San Jose 1,playoff,math,4,,0,0,0,0,
Roshan Annamalai,Mission San Jose 1,playoff,chemistry,4,,1,0,0,4,
Roshan Annamalai,Mission San Jose 1,playoff,ess,4,,9,3,0,36,
Roshan Annamalai,Mission San Jose 1,playoff,physics,4,,3,1,4,-4,
Rutvik Arora,Mission San Jose 1,playoff,overall,4,,3,0,0,12,
Rutvik Arora,Mission San Jose 1,playoff,biology,4,,0,0,0,0,
Rutvik Arora,Mission San Jose 1,playoff,math,4,,1,0,0,4,
Rutvik Arora,Mission San Jose 1,playoff,chemistry,4,,0,0,0,0,
Rutvik Arora,Mission San Jose 1,playoff,ess,4,,0,0,0,0,
Rutvik Arora,Mission San Jose 1,playoff,physics,4,,2,0,0,8,
Theenash Sengupta,Mission San Jose 1,playoff,overall,4,,14,1,4,40,
Theenash Sengupta,Mission San Jose 1,playoff,biology,4,,7,0,3,16,
Theenash Sengupta,Mission San Jose 1,playoff,math,4,,0,0,0,0,
Theenash Sengupta,Mission San Jose 1,playoff,chemistry,4,,7,1,1,24,
Theenash Sengupta,Mission San Jose 1,playoff,ess,4,,0,0,0,0,
Theenash Sengupta,Mission San Jose 1,playoff,physics,4,,0,0,0,0,
Andy Liu,Mission San Jose 2,playoff,overall,4,,7,1,1,24,
Andy Liu,Mission San Jose 2,playoff,biology,4,,0,0,1,-4,
Andy Liu,Mission San Jose 2,playoff,math,4,,4,1,0,16,
Andy Liu,Mission San Jose 2,playoff,chemistry,4,,1,0,0,4,
Andy Liu,Mission San Jose 2,playoff,ess,4,,0,0,0,0,
Andy Liu,Mission San Jose 2,playoff,physics,4,,2,0,0,8,
Aravind Muralidharan,Mission San Jose 2,playoff,overall,4,,4,5,1,12,
Aravind Muralidharan,Mission San Jose 2,playoff,biology,4,,3,5,1,8,
Aravind Muralidharan,Mission San Jose 2,playoff,math,4,,0,0,0,0,
Aravind Muralidharan,Mission San Jose 2,playoff,chemistry,4,,1,0,0,4,
Aravind Muralidharan,Mission San Jose 2,playoff,ess,4,,0,0,0,0,
Aravind Muralidharan,Mission San Jose 2,playoff,physics,4,,0,0,0,0,
Edward Zeng,Mission San Jose 2,playoff,overall,4,,1,0,0,4,
Edward Zeng,Mission San Jose 2,playoff,biology,4,,0,0,0,0,
Edward Zeng,Mission San Jose 2,playoff,math,4,,0,0,0,0,
Edward Zeng,Mission San Jose 2,playoff,chemistry,4,,1,0,0,4,
Edward Zeng,Mission San Jose 2,playoff,ess,4,,0,0,0,0,
Edward Zeng,Mission San Jose 2,playoff,physics,4,,0,0,0,0,
Ishaan Kabra,Mission San Jose 2,playoff,overall,4,,23,8,2,84,
Ishaan Kabra,Mission San Jose 2,playoff,biology,4,,0,0,0,0,
Ishaan Kabra,Mission San Jose 2,playoff,math,4,,4,1,1,12,
Ishaan Kabra,Mission San Jose 2,playoff,chemistry,4,,1,0,0,4,
Ishaan Kabra,Mission San Jose 2,playoff,ess,4,,10,5,0,40,
Ishaan Kabra,Mission San Jose 2,playoff,physics,4,,8,2,1,28,
Lucas Jiang,Mission San Jose 2,playoff,overall,4,,5,2,2,12,
Lucas Jiang,Mission San Jose 2,playoff,biology,4,,0,0,0,0,
Lucas Jiang,Mission San Jose 2,playoff,math,4,,0,0,0,0,
Lucas Jiang,Mission San Jose 2,playoff,chemistry,4,,4,2,2,8,
Lucas Jiang,Mission San Jose 2,playoff,ess,4,,0,0,0,0,
Lucas Jiang,Mission San Jose 2,playoff,physics,4,,1,0,0,4,
Angelina Yan,North Hollywood 1,playoff,overall,5,100,5,0,0,20,
Angelina Yan,North Hollywood 1,playoff,biology,5,20,3,0,0,12,
Angelina Yan,North Hollywood 1,playoff,math,5,20,0,0,0,0,
Angelina Yan,North Hollywood 1,playoff,chemistry,5,20,0,0,0,0,
Angelina Yan,North Hollywood 1,playoff,ess,5,20,2,0,0,8,
Angelina Yan,North Hollywood 1,playoff,physics,5,20,0,0,0,0,
Charles Huang,North Hollywood 1,playoff,overall,5,100,6,6,1,20,
Charles Huang,North Hollywood 1,playoff,biology,5,20,0,0,0,0,
Charles Huang,North Hollywood 1,playoff,math,5,20,2,2,0,8,
Charles Huang,North Hollywood 1,playoff,chemistry,5,20,1,1,0,4,
Charles Huang,North Hollywood 1,playoff,ess,5,20,0,0,0,0,
Charles Huang,North Hollywood 1,playoff,physics,5,20,3,3,1,8,
Minghao Guo,North Hollywood 1,playoff,overall,5,100,0,0,0,0,
Minghao Guo,North Hollywood 1,playoff,biology,5,20,0,0,0,0,
Minghao Guo,North Hollywood 1,playoff,math,5,20,0,0,0,0,
Minghao Guo,North Hollywood 1,playoff,chemistry,5,20,0,0,0,0,
Minghao Guo,North Hollywood 1,playoff,ess,5,20,0,0,0,0,
Minghao Guo,North Hollywood 1,playoff,physics,5,20,0,0,0,0,
suzuko ohshima,North Hollywood 1,playoff,overall,5,100,26,20,4,88,
suzuko ohshima,North Hollywood 1,playoff,biology,5,20,9,1,1,32,
suzuko ohshima,North Hollywood 1,playoff,math,5,20,1,6,0,4,
suzuko ohshima,North Hollywood 1,playoff,chemistry,5,20,2,7,1,4,
suzuko ohshima,North Hollywood 1,playoff,ess,5,20,9,6,0,36,
suzuko ohshima,North Hollywood 1,playoff,physics,5,20,5,0,2,12,
Dakshaganesh Akunuru,North Hollywood 2,playoff,overall,3,,0,0,0,0,
Dakshaganesh Akunuru,North Hollywood 2,playoff,biology,3,,0,0,0,0,
Dakshaganesh Akunuru,North Hollywood 2,playoff,math,3,,0,0,0,0,
Dakshaganesh Akunuru,North Hollywood 2,playoff,chemistry,3,,0,0,0,0,
Dakshaganesh Akunuru,North Hollywood 2,playoff,ess,3,,0,0,0,0,
Dakshaganesh Akunuru,North Hollywood 2,playoff,physics,3,,0,0,0,0,
Euna Kim,North Hollywood 2,playoff,overall,3,,5,0,0,20,
Euna Kim,North Hollywood 2,playoff,biology,3,,0,0,0,0,
Euna Kim,North Hollywood 2,playoff,math,3,,2,0,0,8,
Euna Kim,North Hollywood 2,playoff,chemistry,3,,1,0,0,4,
Euna Kim,North Hollywood 2,playoff,ess,3,,0,0,0,0,
Euna Kim,North Hollywood 2,playoff,physics,3,,2,0,0,8,
Jake Rosenblum,North Hollywood 2,playoff,overall,3,,9,1,2,28,
Jake Rosenblum,North Hollywood 2,playoff,biology,3,,7,0,2,20,
Jake Rosenblum,North Hollywood 2,playoff,math,3,,0,0,0,0,
Jake Rosenblum,North Hollywood 2,playoff,chemistry,3,,2,1,0,8,
Jake Rosenblum,North Hollywood 2,playoff,ess,3,,0,0,0,0,
Jake Rosenblum,North Hollywood 2,playoff,physics,3,,0,0,0,0,
Kensuke Ohshima,North Hollywood 2,playoff,overall,3,,7,5,2,20,
Kensuke Ohshima,North Hollywood 2,playoff,biology,3,,0,0,0,0,
Kensuke Ohshima,North Hollywood 2,playoff,math,3,,0,0,0,0,
Kensuke Ohshima,North Hollywood 2,playoff,chemistry,3,,1,0,0,4,
Kensuke Ohshima,North Hollywood 2,playoff,ess,3,,6,2,1,20,
Kensuke Ohshima,North Hollywood 2,playoff,physics,3,,0,3,1,-4,
Patrick Liang,North Hollywood 2,playoff,overall,3,,7,1,0,28,
Patrick Liang,North Hollywood 2,playoff,biology,3,,0,0,0,0,
Patrick Liang,North Hollywood 2,playoff,math,3,,7,1,0,28,
Patrick Liang,North Hollywood 2,playoff,chemistry,3,,0,0,0,0,
Patrick Liang,North Hollywood 2,playoff,ess,3,,0,0,0,0,
Patrick Liang,North Hollywood 2,playoff,physics,3,,0,0,0,0,
Armaan Diwan,OCSA,playoff,overall,1,,3,1,0,12,
Armaan Diwan,OCSA,playoff,biology,1,,0,0,0,0,
Armaan Diwan,OCSA,playoff,math,1,,0,0,0,0,
Armaan Diwan,OCSA,playoff,chemistry,1,,0,0,0,0,
Armaan Diwan,OCSA,playoff,ess,1,,3,1,0,12,
Armaan Diwan,OCSA,playoff,physics,1,,0,0,0,0,
Aryan Sharma,OCSA,playoff,overall,1,,1,0,0,4,
Aryan Sharma,OCSA,playoff,biology,1,,0,0,0,0,
Aryan Sharma,OCSA,playoff,math,1,,1,0,0,4,
Aryan Sharma,OCSA,playoff,chemistry,1,,0,0,0,0,
Aryan Sharma,OCSA,playoff,ess,1,,0,0,0,0,
Aryan Sharma,OCSA,playoff,physics,1,,0,0,0,0,
Henry Kim,OCSA,playoff,overall,1,,2,1,0,8,
Henry Kim,OCSA,playoff,biology,1,,2,1,0,8,
Henry Kim,OCSA,playoff,math,1,,0,0,0,0,
Henry Kim,OCSA,playoff,chemistry,1,,0,0,0,0,
Henry Kim,OCSA,playoff,ess,1,,0,0,0,0,
Henry Kim,OCSA,playoff,physics,1,,0,0,0,0,
Joseph Baek,OCSA,playoff,overall,1,,0,0,0,0,
Joseph Baek,OCSA,playoff,biology,1,,0,0,0,0,
Joseph Baek,OCSA,playoff,math,1,,0,0,0,0,
Joseph Baek,OCSA,playoff,chemistry,1,,0,0,0,0,
Joseph Baek,OCSA,playoff,ess,1,,0,0,0,0,
Joseph Baek,OCSA,playoff,physics,1,,0,0,0,0,
Shannon Imaoka,OCSA,playoff,overall,1,,1,1,1,0,
Shannon Imaoka,OCSA,playoff,biology,1,,0,0,0,0,
Shannon Imaoka,OCSA,playoff,math,1,,0,0,0,0,
Shannon Imaoka,OCSA,playoff,chemistry,1,,1,0,1,0,
Shannon Imaoka,OCSA,playoff,ess,1,,0,0,0,0,
Shannon Imaoka,OCSA,playoff,physics,1,,0,1,0,0,
Andrew Wen,Palo Alto 1,playoff,overall,2,,4,2,3,4,
Andrew Wen,Palo Alto 1,playoff,biology,2,,0,0,0,0,
Andrew Wen,Palo Alto 1,playoff,math,2,,1,0,0,4,
Andrew Wen,Palo Alto 1,playoff,chemistry,2,,0,1,0,0,
Andrew Wen,Palo Alto 1,playoff,ess,2,,0,1,0,0,
Andrew Wen,Palo Alto 1,playoff,physics,2,,3,0,3,0,
Inhoo Chang,Palo Alto 1,playoff,overall,2,,1,0,1,0,
Inhoo Chang,Palo Alto 1,playoff,biology,2,,0,0,0,0,
Inhoo Chang,Palo Alto 1,playoff,math,2,,0,0,0,0,
Inhoo Chang,Palo Alto 1,playoff,chemistry,2,,0,0,0,0,
Inhoo Chang,Palo Alto 1,playoff,ess,2,,0,0,0,0,
Inhoo Chang,Palo Alto 1,playoff,physics,2,,1,0,1,0,
Kaylee Zhang,Palo Alto 1,playoff,overall,2,,0,0,0,0,
Kaylee Zhang,Palo Alto 1,playoff,biology,2,,0,0,0,0,
Kaylee Zhang,Palo Alto 1,playoff,math,2,,0,0,0,0,
Kaylee Zhang,Palo Alto 1,playoff,chemistry,2,,0,0,0,0,
Kaylee Zhang,Palo Alto 1,playoff,ess,2,,0,0,0,0,
Kaylee Zhang,Palo Alto 1,playoff,physics,2,,0,0,0,0,
Kevin Pei,Palo Alto 1,playoff,overall,2,,5,4,0,20,
Kevin Pei,Palo Alto 1,playoff,biology,2,,0,0,0,0,
Kevin Pei,Palo Alto 1,playoff,math,2,,0,0,0,0,
Kevin Pei,Palo Alto 1,playoff,chemistry,2,,3,1,0,12,
Kevin Pei,Palo Alto 1,playoff,ess,2,,2,3,0,8,
Kevin Pei,Palo Alto 1,playoff,physics,2,,0,0,0,0,
Rasia Yu,Palo Alto 1,playoff,overall,2,,1,2,1,0,
Rasia Yu,Palo Alto 1,playoff,biology,2,,1,2,1,0,
Rasia Yu,Palo Alto 1,playoff,math,2,,0,0,0,0,
Rasia Yu,Palo Alto 1,playoff,chemistry,2,,0,0,0,0,
Rasia Yu,Palo Alto 1,playoff,ess,2,,0,0,0,0,
Rasia Yu,Palo Alto 1,playoff,physics,2,,0,0,0,0,
Kainoa Thorne,Punahou,playoff,overall,1,20,0,1,0,0,
Kainoa Thorne,Punahou,playoff,biology,1,4,0,0,0,0,
Kainoa Thorne,Punahou,playoff,math,1,4,0,0,0,0,
Kainoa Thorne,Punahou,playoff,chemistry,1,4,0,1,0,0,
Kainoa Thorne,Punahou,playoff,ess,1,4,0,0,0,0,
Kainoa Thorne,Punahou,playoff,physics,1,4,0,0,0,0,
Luke Itomura,Punahou,playoff,overall,1,20,2,3,2,0,
Luke Itomura,Punahou,playoff,biology,1,4,0,0,1,-4,
Luke Itomura,Punahou,playoff,math,1,4,0,1,0,0,
Luke Itomura,Punahou,playoff,chemistry,1,4,1,0,0,4,
Luke Itomura,Punahou,playoff,ess,1,4,0,1,0,0,
Luke Itomura,Punahou,playoff,physics,1,4,1,1,1,0,
Minh Nguyen,Punahou,playoff,overall,1,20,0,0,0,0,
Minh Nguyen,Punahou,playoff,biology,1,4,0,0,0,0,
Minh Nguyen,Punahou,playoff,math,1,4,0,0,0,0,
Minh Nguyen,Punahou,playoff,chemistry,1,4,0,0,0,0,
Minh Nguyen,Punahou,playoff,ess,1,4,0,0,0,0,
Minh Nguyen,Punahou,playoff,physics,1,4,0,0,0,0,
Travis Dumaran,Punahou,playoff,overall,1,20,3,2,1,8,
Travis Dumaran,Punahou,playoff,biology,1,4,0,0,0,0,
Travis Dumaran,Punahou,playoff,math,1,4,0,1,0,0,
Travis Dumaran,Punahou,playoff,chemistry,1,4,0,1,0,0,
Travis Dumaran,Punahou,playoff,ess,1,4,3,0,0,12,
Travis Dumaran,Punahou,playoff,physics,1,4,0,0,1,-4,
Abhinav Senthil,School of Astronomy,playoff,overall,2,,6,3,3,12,
Abhinav Senthil,School of Astronomy,playoff,biology,2,,2,0,0,8,
Abhinav Senthil,School of Astronomy,playoff,math,2,,0,0,0,0,
Abhinav Senthil,School of Astronomy,playoff,chemistry,2,,3,0,3,0,
Abhinav Senthil,School of Astronomy,playoff,ess,2,,0,1,0,0,
Abhinav Senthil,School of Astronomy,playoff,physics,2,,1,2,0,4,
Bryan Nasr,School of Astronomy,playoff,overall,2,,0,0,0,0,
Bryan Nasr,School of Astronomy,playoff,biology,2,,0,0,0,0,
Bryan Nasr,School of Astronomy,playoff,math,2,,0,0,0,0,
Bryan Nasr,School of Astronomy,playoff,chemistry,2,,0,0,0,0,
Bryan Nasr,School of Astronomy,playoff,ess,2,,0,0,0,0,
Bryan Nasr,School of Astronomy,playoff,physics,2,,0,0,0,0,
Riyan Nayak,School of Astronomy,playoff,overall,2,,1,0,2,-4,
Riyan Nayak,School of Astronomy,playoff,biology,2,,0,0,0,0,
Riyan Nayak,School of Astronomy,playoff,math,2,,1,0,1,0,
Riyan Nayak,School of Astronomy,playoff,chemistry,2,,0,0,0,0,
Riyan Nayak,School of Astronomy,playoff,ess,2,,0,0,0,0,
Riyan Nayak,School of Astronomy,playoff,physics,2,,0,0,1,-4,
Ryan Karim,School of Astronomy,playoff,overall,2,,5,4,1,16,
Ryan Karim,School of Astronomy,playoff,biology,2,,0,1,0,0,
Ryan Karim,School of Astronomy,playoff,math,2,,3,1,0,12,
Ryan Karim,School of Astronomy,playoff,chemistry,2,,0,0,1,-4,
Ryan Karim,School of Astronomy,playoff,ess,2,,0,2,0,0,
Ryan Karim,School of Astronomy,playoff,physics,2,,2,0,0,8,
Sudeep Suresh,School of Astronomy,playoff,overall,2,,1,1,0,4,
Sudeep Suresh,School of Astronomy,playoff,biology,2,,1,0,0,4,
Sudeep Suresh,School of Astronomy,playoff,math,2,,0,0,0,0,
Sudeep Suresh,School of Astronomy,playoff,chemistry,2,,0,0,0,0,
Sudeep Suresh,School of Astronomy,playoff,ess,2,,0,1,0,0,
Sudeep Suresh,School of Astronomy,playoff,physics,2,,0,0,0,0,
Bryce Thach,Temple City,playoff,overall,2,,5,2,2,12,
Bryce Thach,Temple City,playoff,biology,2,,0,0,0,0,
Bryce Thach,Temple City,playoff,math,2,,0,0,0,0,
Bryce Thach,Temple City,playoff,chemistry,2,,0,0,0,0,
Bryce Thach,Temple City,playoff,ess,2,,3,2,2,4,
Bryce Thach,Temple City,playoff,physics,2,,2,0,0,8,
Ethan Deng,Temple City,playoff,overall,2,,1,5,0,4,
Ethan Deng,Temple City,playoff,biology,2,,0,0,0,0,
Ethan Deng,Temple City,playoff,math,2,,1,0,0,4,
Ethan Deng,Temple City,playoff,chemistry,2,,0,3,0,0,
Ethan Deng,Temple City,playoff,ess,2,,0,0,0,0,
Ethan Deng,Temple City,playoff,physics,2,,0,2,0,0,
Jason Liu,Temple City,playoff,overall,2,,5,4,0,20,
Jason Liu,Temple City,playoff,biology,2,,3,1,0,12,
Jason Liu,Temple City,playoff,math,2,,1,1,0,4,
Jason Liu,Temple City,playoff,chemistry,2,,0,0,0,0,
Jason Liu,Temple City,playoff,ess,2,,0,0,0,0,
Jason Liu,Temple City,playoff,physics,2,,1,2,0,4,
Joseph Wu,Temple City,playoff,overall,2,,0,0,0,0,
Joseph Wu,Temple City,playoff,biology,2,,0,0,0,0,
Joseph Wu,Temple City,playoff,math,2,,0,0,0,0,
Joseph Wu,Temple City,playoff,chemistry,2,,0,0,0,0,
Joseph Wu,Temple City,playoff,ess,2,,0,0,0,0,
Joseph Wu,Temple City,playoff,physics,2,,0,0,0,0,
Judy Tan,Temple City,playoff,overall,2,,0,0,0,0,
Judy Tan,Temple City,playoff,biology,2,,0,0,0,0,
Judy Tan,Temple City,playoff,math,2,,0,0,0,0,
Judy Tan,Temple City,playoff,chemistry,2,,0,0,0,0,
Judy Tan,Temple City,playoff,ess,2,,0,0,0,0,
Judy Tan,Temple City,playoff,physics,2,,0,0,0,0,
Ajay Sawant,The Frazer School 1,playoff,overall,3,,16,0,0,64,
Ajay Sawant,The Frazer School 1,playoff,biology,3,,11,0,0,44,
Ajay Sawant,The Frazer School 1,playoff,math,3,,0,0,0,0,
Ajay Sawant,The Frazer School 1,playoff,chemistry,3,,3,0,0,12,
Ajay Sawant,The Frazer School 1,playoff,ess,3,,1,0,0,4,
Ajay Sawant,The Frazer School 1,playoff,physics,3,,1,0,0,4,
Anish Patel,The Frazer School 1,playoff,overall,3,,4,1,1,12,
Anish Patel,The Frazer School 1,playoff,biology,3,,0,0,0,0,
Anish Patel,The Frazer School 1,playoff,math,3,,2,1,1,4,
Anish Patel,The Frazer School 1,playoff,chemistry,3,,0,0,0,0,
Anish Patel,The Frazer School 1,playoff,ess,3,,0,0,0,0,
Anish Patel,The Frazer School 1,playoff,physics,3,,2,0,0,8,
Edwin Gao,The Frazer School 1,playoff,overall,3,,0,0,0,0,
Edwin Gao,The Frazer School 1,playoff,biology,3,,0,0,0,0,
Edwin Gao,The Frazer School 1,playoff,math,3,,0,0,0,0,
Edwin Gao,The Frazer School 1,playoff,chemistry,3,,0,0,0,0,
Edwin Gao,The Frazer School 1,playoff,ess,3,,0,0,0,0,
Edwin Gao,The Frazer School 1,playoff,physics,3,,0,0,0,0,
Jimmy Jiang,The Frazer School 1,playoff,overall,3,,0,1,1,-4,
Jimmy Jiang,The Frazer School 1,playoff,biology,3,,0,0,0,0,
Jimmy Jiang,The Frazer School 1,playoff,math,3,,0,0,0,0,
Jimmy Jiang,The Frazer School 1,playoff,chemistry,3,,0,1,1,-4,
Jimmy Jiang,The Frazer School 1,playoff,ess,3,,0,0,0,0,
Jimmy Jiang,The Frazer School 1,playoff,physics,3,,0,0,0,0,
Michael Wei,The Frazer School 1,playoff,overall,3,,10,7,0,40,
Michael Wei,The Frazer School 1,playoff,biology,3,,0,0,0,0,
Michael Wei,The Frazer School 1,playoff,math,3,,4,1,0,16,
Michael Wei,The Frazer School 1,playoff,chemistry,3,,0,0,0,0,
Michael Wei,The Frazer School 1,playoff,ess,3,,3,3,0,12,
Michael Wei,The Frazer School 1,playoff,physics,3,,3,3,0,12,
Andrew Du,Thomas Jefferson 1,playoff,overall,1,20,0,0,0,0,
Andrew Du,Thomas Jefferson 1,playoff,biology,1,4,0,0,0,0,
Andrew Du,Thomas Jefferson 1,playoff,math,1,4,0,0,0,0,
Andrew Du,Thomas Jefferson 1,playoff,chemistry,1,4,0,0,0,0,
Andrew Du,Thomas Jefferson 1,playoff,ess,1,4,0,0,0,0,
Andrew Du,Thomas Jefferson 1,playoff,physics,1,4,0,0,0,0,
Eric Xie,Thomas Jefferson 1,playoff,overall,1,10,1,0,1,0,
Eric Xie,Thomas Jefferson 1,playoff,biology,1,2,0,0,0,0,
Eric Xie,Thomas Jefferson 1,playoff,math,1,2,0,0,0,0,
Eric Xie,Thomas Jefferson 1,playoff,chemistry,1,2,0,0,0,0,
Eric Xie,Thomas Jefferson 1,playoff,ess,1,2,0,0,0,0,
Eric Xie,Thomas Jefferson 1,playoff,physics,1,2,1,0,1,0,
Eshaan Sombhatta,Thomas Jefferson 1,playoff,overall,1,20,6,1,0,24,
Eshaan Sombhatta,Thomas Jefferson 1,playoff,biology,1,4,1,0,0,4,
Eshaan Sombhatta,Thomas Jefferson 1,playoff,math,1,4,3,0,0,12,
Eshaan Sombhatta,Thomas Jefferson 1,playoff,chemistry,1,4,0,0,0,0,
Eshaan Sombhatta,Thomas Jefferson 1,playoff,ess,1,4,1,1,0,4,
Eshaan Sombhatta,Thomas Jefferson 1,playoff,physics,1,4,1,0,0,4,
Hari Rangarajan,Thomas Jefferson 1,playoff,overall,1,10,0,0,0,0,
Hari Rangarajan,Thomas Jefferson 1,playoff,biology,1,2,0,0,0,0,
Hari Rangarajan,Thomas Jefferson 1,playoff,math,1,2,0,0,0,0,
Hari Rangarajan,Thomas Jefferson 1,playoff,chemistry,1,2,0,0,0,0,
Hari Rangarajan,Thomas Jefferson 1,playoff,ess,1,2,0,0,0,0,
Hari Rangarajan,Thomas Jefferson 1,playoff,physics,1,2,0,0,0,0,
Hrishi Bhooma,Thomas Jefferson 1,playoff,overall,1,20,3,2,0,12,
Hrishi Bhooma,Thomas Jefferson 1,playoff,biology,1,4,0,1,0,0,
Hrishi Bhooma,Thomas Jefferson 1,playoff,math,1,4,0,0,0,0,
Hrishi Bhooma,Thomas Jefferson 1,playoff,chemistry,1,4,3,1,0,12,
Hrishi Bhooma,Thomas Jefferson 1,playoff,ess,1,4,0,0,0,0,
Hrishi Bhooma,Thomas Jefferson 1,playoff,physics,1,4,0,0,0,0,
Sophia Guo,Thomas Jefferson 1,playoff,overall,1,0,0,0,0,0,
Sophia Guo,Thomas Jefferson 1,playoff,biology,1,0,0,0,0,0,
Sophia Guo,Thomas Jefferson 1,playoff,math,1,0,0,0,0,0,
Sophia Guo,Thomas Jefferson 1,playoff,chemistry,1,0,0,0,0,0,
Sophia Guo,Thomas Jefferson 1,playoff,ess,1,0,0,0,0,0,
Sophia Guo,Thomas Jefferson 1,playoff,physics,1,0,0,0,0,0,
Ferris Li,Throrthwood Tottenham,playoff,overall,3,60,5,1,2,12,
Ferris Li,Throrthwood Tottenham,playoff,biology,3,12,5,0,2,12,
Ferris Li,Throrthwood Tottenham,playoff,math,3,12,0,0,0,0,
Ferris Li,Throrthwood Tottenham,playoff,chemistry,3,12,0,0,0,0,
Ferris Li,Throrthwood Tottenham,playoff,ess,3,12,0,0,0,0,
Ferris Li,Throrthwood Tottenham,playoff,physics,3,12,0,1,0,0,
Gordon Wong,Throrthwood Tottenham,playoff,overall,3,60,7,1,0,28,
Gordon Wong,Throrthwood Tottenham,playoff,biology,3,12,0,0,0,0,
Gordon Wong,Throrthwood Tottenham,playoff,math,3,12,3,1,0,12,
Gordon Wong,Throrthwood Tottenham,playoff,chemistry,3,12,0,0,0,0,
Gordon Wong,Throrthwood Tottenham,playoff,ess,3,12,2,0,0,8,
Gordon Wong,Throrthwood Tottenham,playoff,physics,3,12,2,0,0,8,
Liran Zhu,Throrthwood Tottenham,playoff,overall,3,60,12,2,1,44,
Liran Zhu,Throrthwood Tottenham,playoff,biology,3,12,1,0,0,4,
Liran Zhu,Throrthwood Tottenham,playoff,math,3,12,1,0,0,4,
Liran Zhu,Throrthwood Tottenham,playoff,chemistry,3,12,8,0,1,28,
Liran Zhu,Throrthwood Tottenham,playoff,ess,3,12,0,0,0,0,
Liran Zhu,Throrthwood Tottenham,playoff,physics,3,12,2,2,0,8,
Seojin Park,Throrthwood Tottenham,playoff,overall,3,60,0,0,0,0,
Seojin Park,Throrthwood Tottenham,playoff,biology,3,12,0,0,0,0,
Seojin Park,Throrthwood Tottenham,playoff,math,3,12,0,0,0,0,
Seojin Park,Throrthwood Tottenham,playoff,chemistry,3,12,0,0,0,0,
Seojin Park,Throrthwood Tottenham,playoff,ess,3,12,0,0,0,0,
Seojin Park,Throrthwood Tottenham,playoff,physics,3,12,0,0,0,0,
Bhavana Thirunavukkarasan,University 1,playoff,overall,1,,0,1,0,0,
Bhavana Thirunavukkarasan,University 1,playoff,biology,1,,0,1,0,0,
Bhavana Thirunavukkarasan,University 1,playoff,math,1,,0,0,0,0,
Bhavana Thirunavukkarasan,University 1,playoff,chemistry,1,,0,0,0,0,
Bhavana Thirunavukkarasan,University 1,playoff,ess,1,,0,0,0,0,
Bhavana Thirunavukkarasan,University 1,playoff,physics,1,,0,0,0,0,
Carl Liu,University 1,playoff,overall,1,,0,4,1,-4,
Carl Liu,University 1,playoff,biology,1,,0,0,0,0,
Carl Liu,University 1,playoff,math,1,,0,0,0,0,
Carl Liu,University 1,playoff,chemistry,1,,0,3,1,-4,
Carl Liu,University 1,playoff,ess,1,,0,0,0,0,
Carl Liu,University 1,playoff,physics,1,,0,1,0,0,
Eugene Dai,University 1,playoff,overall,1,,0,0,1,-4,
Eugene Dai,University 1,playoff,biology,1,,0,0,1,-4,
Eugene Dai,University 1,playoff,math,1,,0,0,0,0,
Eugene Dai,University 1,playoff,chemistry,1,,0,0,0,0,
Eugene Dai,University 1,playoff,ess,1,,0,0,0,0,
Eugene Dai,University 1,playoff,physics,1,,0,0,0,0,
Samriddho Bhowal,University 1,playoff,overall,1,,1,0,0,4,
Samriddho Bhowal,University 1,playoff,biology,1,,0,0,0,0,
Samriddho Bhowal,University 1,playoff,math,1,,0,0,0,0,
Samriddho Bhowal,University 1,playoff,chemistry,1,,0,0,0,0,
Samriddho Bhowal,University 1,playoff,ess,1,,1,0,0,4,
Samriddho Bhowal,University 1,playoff,physics,1,,0,0,0,0,
Timothy Chen,University 1,playoff,overall,1,,6,1,0,24,
Timothy Chen,University 1,playoff,biology,1,,0,1,0,0,
Timothy Chen,University 1,playoff,math,1,,2,0,0,8,
Timothy Chen,University 1,playoff,chemistry,1,,0,0,0,0,
Timothy Chen,University 1,playoff,ess,1,,2,0,0,8,
Timothy Chen,University 1,playoff,physics,1,,2,0,0,8,
S I,VMATHs,playoff,overall,4,80,16,7,0,64,
S I,VMATHs,playoff,biology,4,16,4,2,0,16,
S I,VMATHs,playoff,math,4,16,0,0,0,0,
S I,VMATHs,playoff,chemistry,4,16,8,1,0,32,
S I,VMATHs,playoff,ess,4,16,1,2,0,4,
S I,VMATHs,playoff,physics,4,16,3,2,0,12,
Uddip Kashyap,VMATHs,playoff,overall,4,80,3,0,4,-4,
Uddip Kashyap,VMATHs,playoff,biology,4,16,3,0,3,0,
Uddip Kashyap,VMATHs,playoff,math,4,16,0,0,0,0,
Uddip Kashyap,VMATHs,playoff,chemistry,4,16,0,0,0,0,
Uddip Kashyap,VMATHs,playoff,ess,4,16,0,0,1,-4,
Uddip Kashyap,VMATHs,playoff,physics,4,16,0,0,0,0,
Varun Gadi,VMATHs,playoff,overall,4,80,7,2,0,28,
Varun Gadi,VMATHs,playoff,biology,4,16,0,0,0,0,
Varun Gadi,VMATHs,playoff,math,4,16,7,2,0,28,
Varun Gadi,VMATHs,playoff,chemistry,4,16,0,0,0,0,
Varun Gadi,VMATHs,playoff,ess,4,16,0,0,0,0,
Varun Gadi,VMATHs,playoff,physics,4,16,0,0,0,0,
Anna Xing,Ward Melville 1,playoff,overall,5,100,0,0,0,0,
Anna Xing,Ward Melville 1,playoff,biology,5,20,0,0,0,0,
Anna Xing,Ward Melville 1,playoff,math,5,20,0,0,0,0,
Anna Xing,Ward Melville 1,playoff,chemistry,5,20,0,0,0,0,
Anna Xing,Ward Melville 1,playoff,ess,5,20,0,0,0,0,
Anna Xing,Ward Melville 1,playoff,physics,5,20,0,0,0,0,
Eric Liu,Ward Melville 1,playoff,overall,5,100,13,13,2,44,
Eric Liu,Ward Melville 1,playoff,biology,5,20,9,3,2,28,
Eric Liu,Ward Melville 1,playoff,math,5,20,0,0,0,0,
Eric Liu,Ward Melville 1,playoff,chemistry,5,20,4,10,0,16,
Eric Liu,Ward Melville 1,playoff,ess,5,20,0,0,0,0,
Eric Liu,Ward Melville 1,playoff,physics,5,20,0,0,0,0,
Harry Gao,Ward Melville 1,playoff,overall,5,100,23,17,8,60,
Harry Gao,Ward Melville 1,playoff,biology,5,20,0,0,0,0,
Harry Gao,Ward Melville 1,playoff,math,5,20,10,5,5,20,
Harry Gao,Ward Melville 1,playoff,chemistry,5,20,1,0,0,4,
Harry Gao,Ward Melville 1,playoff,ess,5,20,4,9,1,12,
Harry Gao,Ward Melville 1,playoff,physics,5,20,8,3,2,24,
Jason Yin,Ward Melville 1,playoff,overall,5,100,0,0,0,0,
Jason Yin,Ward Melville 1,playoff,biology,5,20,0,0,0,0,
Jason Yin,Ward Melville 1,playoff,math,5,20,0,0,0,0,
Jason Yin,Ward Melville 1,playoff,chemistry,5,20,0,0,0,0,
Jason Yin,Ward Melville 1,playoff,ess,5,20,0,0,0,0,
Jason Yin,Ward Melville 1,playoff,physics,5,20,0,0,0,0,
Jeff Zhou,Wayzata,playoff,overall,2,,1,0,0,4,
Jeff Zhou,Wayzata,playoff,biology,2,,0,0,0,0,
Jeff Zhou,Wayzata,playoff,math,2,,1,0,0,4,
Jeff Zhou,Wayzata,playoff,chemistry,2,,0,0,0,0,
Jeff Zhou,Wayzata,playoff,ess,2,,0,0,0,0,
Jeff Zhou,Wayzata,playoff,physics,2,,0,0,0,0,
Kevin Qiu,Wayzata,playoff,overall,2,,12,5,3,36,
Kevin Qiu,Wayzata,playoff,biology,2,,4,0,1,12,
Kevin Qiu,Wayzata,playoff,math,2,,5,1,0,20,
Kevin Qiu,Wayzata,playoff,chemistry,2,,2,1,0,8,
Kevin Qiu,Wayzata,playoff,ess,2,,0,0,0,0,
Kevin Qiu,Wayzata,playoff,physics,2,,1,3,2,-4,
Luyao Yang,Wayzata,playoff,overall,2,,3,1,2,4,
Luyao Yang,Wayzata,playoff,biology,2,,0,0,0,0,
Luyao Yang,Wayzata,playoff,math,2,,0,0,0,0,
Luyao Yang,Wayzata,playoff,chemistry,2,,0,0,0,0,
Luyao Yang,Wayzata,playoff,ess,2,,2,1,2,0,
Luyao Yang,Wayzata,playoff,physics,2,,1,0,0,4,
Sophie Cui,Wayzata,playoff,overall,2,,0,2,0,0,
Sophie Cui,Wayzata,playoff,biology,2,,0,1,0,0,
Sophie Cui,Wayzata,playoff,math,2,,0,0,0,0,
Sophie Cui,Wayzata,playoff,chemistry,2,,0,0,0,0,
Sophie Cui,Wayzata,playoff,ess,2,,0,0,0,0,
Sophie Cui,Wayzata,playoff,physics,2,,0,1,0,0,
Yan-Ru Cao,Wayzata,playoff,overall,2,,0,0,0,0,
Yan-Ru Cao,Wayzata,playoff,biology,2,,0,0,0,0,
Yan-Ru Cao,Wayzata,playoff,math,2,,0,0,0,0,
Yan-Ru Cao,Wayzata,playoff,chemistry,2,,0,0,0,0,
Yan-Ru Cao,Wayzata,playoff,ess,2,,0,0,0,0,
Yan-Ru Cao,Wayzata,playoff,physics,2,,0,0,0,0,
Aahan Mahakud,West Windsor-Plainsboro North,playoff,overall,2,,0,0,0,0,
Aahan Mahakud,West Windsor-Plainsboro North,playoff,biology,2,,0,0,0,0,
Aahan Mahakud,West Windsor-Plainsboro North,playoff,math,2,,0,0,0,0,
Aahan Mahakud,West Windsor-Plainsboro North,playoff,chemistry,2,,0,0,0,0,
Aahan Mahakud,West Windsor-Plainsboro North,playoff,ess,2,,0,0,0,0,
Aahan Mahakud,West Windsor-Plainsboro North,playoff,physics,2,,0,0,0,0,
Aldric Benalan,West Windsor-Plainsboro North,playoff,overall,2,,4,4,0,16,
Aldric Benalan,West Windsor-Plainsboro North,playoff,biology,2,,0,0,0,0,
Aldric Benalan,West Windsor-Plainsboro North,playoff,math,2,,1,1,0,4,
Aldric Benalan,West Windsor-Plainsboro North,playoff,chemistry,2,,0,1,0,0,
Aldric Benalan,West Windsor-Plainsboro North,playoff,ess,2,,2,1,0,8,
Aldric Benalan,West Windsor-Plainsboro North,playoff,physics,2,,1,1,0,4,
Easton Wei,West Windsor-Plainsboro North,playoff,overall,2,,2,1,1,4,
Easton Wei,West Windsor-Plainsboro North,playoff,biology,2,,0,0,0,0,
Easton Wei,West Windsor-Plainsboro North,playoff,math,2,,2,0,0,8,
Easton Wei,West Windsor-Plainsboro North,playoff,chemistry,2,,0,1,1,-4,
Easton Wei,West Windsor-Plainsboro North,playoff,ess,2,,0,0,0,0,
Easton Wei,West Windsor-Plainsboro North,playoff,physics,2,,0,0,0,0,
Ishaan Arya,West Windsor-Plainsboro North,playoff,overall,2,,0,0,0,0,
Ishaan Arya,West Windsor-Plainsboro North,playoff,biology,2,,0,0,0,0,
Ishaan Arya,West Windsor-Plainsboro North,playoff,math,2,,0,0,0,0,
Ishaan Arya,West Windsor-Plainsboro North,playoff,chemistry,2,,0,0,0,0,
Ishaan Arya,West Windsor-Plainsboro North,playoff,ess,2,,0,0,0,0,
Ishaan Arya,West Windsor-Plainsboro North,playoff,physics,2,,0,0,0,0,
Sharath Sanjay,West Windsor-Plainsboro North,playoff,overall,2,,1,1,0,4,
Sharath Sanjay,West Windsor-Plainsboro North,playoff,biology,2,,1,1,0,4,
Sharath Sanjay,West Windsor-Plainsboro North,playoff,math,2,,0,0,0,0,
Sharath Sanjay,West Windsor-Plainsboro North,playoff,chemistry,2,,0,0,0,0,
Sharath Sanjay,West Windsor-Plainsboro North,playoff,ess,2,,0,0,0,0,
Sharath Sanjay,West Windsor-Plainsboro North,playoff,physics,2,,0,0,0,0,
