game_id,player,team,subject,correct,negs,points
g28,Jianyu Wang,Lynbrook A,overall,9,,36
g28,Jianyu Wang,Lynbrook A,biology,1,,4
g28,Jianyu Wang,Lynbrook A,chemistry,4,,16
g28,Jianyu Wang,Lynbrook A,energy,1,,4
g28,Jianyu Wang,Lynbrook A,ess,2,,8
g28,Jianyu Wang,Lynbrook A,math,0,,0
g28,Jianyu Wang,Lynbrook A,physics,1,,4
g28,Sohil Rathi,Lynbrook A,overall,5,,20
g28,Sohil Rathi,Lynbrook A,biology,0,,0
g28,Sohil Rathi,Lynbrook A,chemistry,0,,0
g28,Sohil Rathi,Lynbrook A,energy,0,,0
g28,Sohil Rathi,Lynbrook A,ess,0,,0
g28,Sohil Rathi,Lynbrook A,math,2,,8
g28,Sohil Rathi,Lynbrook A,physics,3,,12
g28,Evan Liu,Lynbrook A,overall,0,,0
g28,Evan Liu,Lynbrook A,biology,0,,0
g28,Evan Liu,Lynbrook A,chemistry,0,,0
g28,Evan Liu,Lynbrook A,energy,0,,0
g28,Evan Liu,Lynbrook A,ess,0,,0
g28,Evan Liu,Lynbrook A,math,0,,0
g28,Evan Liu,Lynbrook A,physics,0,,0
g28,Selena Yang,Lynbrook A,overall,4,,16
g28,Selena Yang,Lynbrook A,biology,1,,4
g28,Selena Yang,Lynbrook A,chemistry,0,,0
g28,Selena Yang,Lynbrook A,energy,2,,8
g28,Selena Yang,Lynbrook A,ess,1,,4
g28,Selena Yang,Lynbrook A,math,0,,0
g28,Selena Yang,Lynbrook A,physics,0,,0
g28,Shlok Acharya,Quarry Lane B,overall,0,,0
g28,Shlok Acharya,Quarry Lane B,biology,0,,0
g28,Shlok Acharya,Quarry Lane B,chemistry,0,,0
g28,Shlok Acharya,Quarry Lane B,energy,0,,0
g28,Shlok Acharya,Quarry Lane B,ess,0,,0
g28,Shlok Acharya,Quarry Lane B,math,0,,0
g28,Shlok Acharya,Quarry Lane B,physics,0,,0
g28,Tia Parekh,Quarry Lane B,overall,0,,0
g28,Tia Parekh,Quarry Lane B,biology,0,,0
g28,Tia Parekh,Quarry Lane B,chemistry,0,,0
g28,Tia Parekh,Quarry Lane B,energy,0,,0
g28,Tia Parekh,Quarry Lane B,ess,0,,0
g28,Tia Parekh,Quarry Lane B,math,0,,0
g28,Tia Parekh,Quarry Lane B,physics,0,,0
g28,Dhruv Subramanian,Quarry Lane B,overall,0,,0
g28,Dhruv Subramanian,Quarry Lane B,biology,0,,0
g28,Dhruv Subramanian,Quarry Lane B,chemistry,0,,0
g28,Dhruv Subramanian,Quarry Lane B,energy,0,,0
g28,Dhruv Subramanian,Quarry Lane B,ess,0,,0
g28,Dhruv Subramanian,Quarry Lane B,math,0,,0
g28,Dhruv Subramanian,Quarry Lane B,physics,0,,0
g28,Aryan Kumar,Quarry Lane B,overall,0,,0
g28,Aryan Kumar,Quarry Lane B,biology,0,,0
g28,Aryan Kumar,Quarry Lane B,chemistry,0,,0
g28,Aryan Kumar,Quarry Lane B,energy,0,,0
g28,Aryan Kumar,Quarry Lane B,ess,0,,0
g28,Aryan Kumar,Quarry Lane B,math,0,,0
g28,Aryan Kumar,Quarry Lane B,physics,0,,0
g28,Brandon Louie,Quarry Lane B,overall,0,,0
g28,Brandon Louie,Quarry Lane B,biology,0,,0
g28,Brandon Louie,Quarry Lane B,chemistry,0,,0
g28,Brandon Louie,Quarry Lane B,energy,0,,0
g28,Brandon Louie,Quarry Lane B,ess,0,,0
g28,Brandon Louie,Quarry Lane B,math,0,,0
g28,Brandon Louie,Quarry Lane B,physics,0,,0
g20,Moises Hernandez,A-Tech B,overall,0,,0
g20,Moises Hernandez,A-Tech B,biology,0,,0
g20,Moises Hernandez,A-Tech B,chemistry,0,,0
g20,Moises Hernandez,A-Tech B,energy,0,,0
g20,Moises Hernandez,A-Tech B,ess,0,,0
g20,Moises Hernandez,A-Tech B,math,0,,0
g20,Moises Hernandez,A-Tech B,physics,0,,0
g20,Justice Thach,A-Tech B,overall,1,,4
g20,Justice Thach,A-Tech B,biology,1,,4
g20,Justice Thach,A-Tech B,chemistry,0,,0
g20,Justice Thach,A-Tech B,energy,0,,0
g20,Justice Thach,A-Tech B,ess,0,,0
g20,Justice Thach,A-Tech B,math,0,,0
g20,Justice Thach,A-Tech B,physics,0,,0
g20,Ransome Goedhart,A-Tech B,overall,0,,0
g20,Ransome Goedhart,A-Tech B,biology,0,,0
g20,Ransome Goedhart,A-Tech B,chemistry,0,,0
g20,Ransome Goedhart,A-Tech B,energy,0,,0
g20,Ransome Goedhart,A-Tech B,ess,0,,0
g20,Ransome Goedhart,A-Tech B,math,0,,0
g20,Ransome Goedhart,A-Tech B,physics,0,,0
g20,Diego Diaz,A-Tech B,overall,0,,0
g20,Diego Diaz,A-Tech B,biology,0,,0
g20,Diego Diaz,A-Tech B,chemistry,0,,0
g20,Diego Diaz,A-Tech B,energy,0,,0
g20,Diego Diaz,A-Tech B,ess,0,,0
g20,Diego Diaz,A-Tech B,math,0,,0
g20,Diego Diaz,A-Tech B,physics,0,,0
g20,Seth Burrell,A-Tech B,overall,2,,8
g20,Seth Burrell,A-Tech B,biology,1,,4
g20,Seth Burrell,A-Tech B,chemistry,1,,4
g20,Seth Burrell,A-Tech B,energy,0,,0
g20,Seth Burrell,A-Tech B,ess,0,,0
g20,Seth Burrell,A-Tech B,math,0,,0
g20,Seth Burrell,A-Tech B,physics,0,,0
g20,Quinn Gifford,Saratoga,overall,4,,16
g20,Quinn Gifford,Saratoga,biology,0,,0
g20,Quinn Gifford,Saratoga,chemistry,2,,8
g20,Quinn Gifford,Saratoga,energy,0,,0
g20,Quinn Gifford,Saratoga,ess,0,,0
g20,Quinn Gifford,Saratoga,math,2,,8
g20,Quinn Gifford,Saratoga,physics,0,,0
g20,Max Rombakh,Saratoga,overall,6,,24
g20,Max Rombakh,Saratoga,biology,0,,0
g20,Max Rombakh,Saratoga,chemistry,1,,4
g20,Max Rombakh,Saratoga,energy,0,,0
g20,Max Rombakh,Saratoga,ess,3,,12
g20,Max Rombakh,Saratoga,math,0,,0
g20,Max Rombakh,Saratoga,physics,2,,8
g20,Alex Ge,Saratoga,overall,1,,4
g20,Alex Ge,Saratoga,biology,0,,0
g20,Alex Ge,Saratoga,chemistry,0,,0
g20,Alex Ge,Saratoga,energy,1,,4
g20,Alex Ge,Saratoga,ess,0,,0
g20,Alex Ge,Saratoga,math,0,,0
g20,Alex Ge,Saratoga,physics,0,,0
g20,Arjun Krish,Saratoga,overall,2,,8
g20,Arjun Krish,Saratoga,biology,1,,4
g20,Arjun Krish,Saratoga,chemistry,0,,0
g20,Arjun Krish,Saratoga,energy,1,,4
g20,Arjun Krish,Saratoga,ess,0,,0
g20,Arjun Krish,Saratoga,math,0,,0
g20,Arjun Krish,Saratoga,physics,0,,0
g20,Ethan Pan,Saratoga,overall,2,,8
g20,Ethan Pan,Saratoga,biology,1,,4
g20,Ethan Pan,Saratoga,chemistry,0,,0
g20,Ethan Pan,Saratoga,energy,1,,4
g20,Ethan Pan,Saratoga,ess,0,,0
g20,Ethan Pan,Saratoga,math,0,,0
g20,Ethan Pan,Saratoga,physics,0,,0
g6,Jaanya Annapureddy,Cupertino B,overall,0,,0
g6,Jaanya Annapureddy,Cupertino B,biology,0,,0
g6,Jaanya Annapureddy,Cupertino B,chemistry,0,,0
g6,Jaanya Annapureddy,Cupertino B,energy,0,,0
g6,Jaanya Annapureddy,Cupertino B,ess,0,,0
g6,Jaanya Annapureddy,Cupertino B,math,0,,0
g6,Jaanya Annapureddy,Cupertino B,physics,0,,0
g6,Revathi Tanmayee Alipeta,Cupertino B,overall,0,,0
g6,Revathi Tanmayee Alipeta,Cupertino B,biology,0,,0
g6,Revathi Tanmayee Alipeta,Cupertino B,chemistry,0,,0
g6,Revathi Tanmayee Alipeta,Cupertino B,energy,0,,0
g6,Revathi Tanmayee Alipeta,Cupertino B,ess,0,,0
g6,Revathi Tanmayee Alipeta,Cupertino B,math,0,,0
g6,Revathi Tanmayee Alipeta,Cupertino B,physics,0,,0
g6,Danica Au,Cupertino B,overall,1,,4
g6,Danica Au,Cupertino B,biology,0,,0
g6,Danica Au,Cupertino B,chemistry,1,,4
g6,Danica Au,Cupertino B,energy,0,,0
g6,Danica Au,Cupertino B,ess,0,,0
g6,Danica Au,Cupertino B,math,0,,0
g6,Danica Au,Cupertino B,physics,0,,0
g6,Shubhi Jain,Cupertino B,overall,0,,0
g6,Shubhi Jain,Cupertino B,biology,0,,0
g6,Shubhi Jain,Cupertino B,chemistry,0,,0
g6,Shubhi Jain,Cupertino B,energy,0,,0
g6,Shubhi Jain,Cupertino B,ess,0,,0
g6,Shubhi Jain,Cupertino B,math,0,,0
g6,Shubhi Jain,Cupertino B,physics,0,,0
g6,Iurii Kirpichev,Cupertino B,overall,0,,0
g6,Iurii Kirpichev,Cupertino B,biology,0,,0
g6,Iurii Kirpichev,Cupertino B,chemistry,0,,0
g6,Iurii Kirpichev,Cupertino B,energy,0,,0
g6,Iurii Kirpichev,Cupertino B,ess,0,,0
g6,Iurii Kirpichev,Cupertino B,math,0,,0
g6,Iurii Kirpichev,Cupertino B,physics,0,,0
g6,Larry Zhao,BASIS Silicon Valley,overall,5,,20
g6,Larry Zhao,BASIS Silicon Valley,biology,4,,16
g6,Larry Zhao,BASIS Silicon Valley,chemistry,0,,0
g6,Larry Zhao,BASIS Silicon Valley,energy,1,,4
g6,Larry Zhao,BASIS Silicon Valley,ess,0,,0
g6,Larry Zhao,BASIS Silicon Valley,math,0,,0
g6,Larry Zhao,BASIS Silicon Valley,physics,0,,0
g6,Lucas Quan,BASIS Silicon Valley,overall,10,,40
g6,Lucas Quan,BASIS Silicon Valley,biology,0,,0
g6,Lucas Quan,BASIS Silicon Valley,chemistry,2,,8
g6,Lucas Quan,BASIS Silicon Valley,energy,2,,8
g6,Lucas Quan,BASIS Silicon Valley,ess,1,,4
g6,Lucas Quan,BASIS Silicon Valley,math,2,,8
g6,Lucas Quan,BASIS Silicon Valley,physics,3,,12
g6,Kaka Zhang,BASIS Silicon Valley,overall,0,,0
g6,Kaka Zhang,BASIS Silicon Valley,biology,0,,0
g6,Kaka Zhang,BASIS Silicon Valley,chemistry,0,,0
g6,Kaka Zhang,BASIS Silicon Valley,energy,0,,0
g6,Kaka Zhang,BASIS Silicon Valley,ess,0,,0
g6,Kaka Zhang,BASIS Silicon Valley,math,0,,0
g6,Kaka Zhang,BASIS Silicon Valley,physics,0,,0
g6,Naman Siddheshwar,BASIS Silicon Valley,overall,0,,0
g6,Naman Siddheshwar,BASIS Silicon Valley,biology,0,,0
g6,Naman Siddheshwar,BASIS Silicon Valley,chemistry,0,,0
g6,Naman Siddheshwar,BASIS Silicon Valley,energy,0,,0
g6,Naman Siddheshwar,BASIS Silicon Valley,ess,0,,0
g6,Naman Siddheshwar,BASIS Silicon Valley,math,0,,0
g6,Naman Siddheshwar,BASIS Silicon Valley,physics,0,,0
g6,Michelle Liu,BASIS Silicon Valley,overall,1,,4
g6,Michelle Liu,BASIS Silicon Valley,biology,0,,0
g6,Michelle Liu,BASIS Silicon Valley,chemistry,1,,4
g6,Michelle Liu,BASIS Silicon Valley,energy,0,,0
g6,Michelle Liu,BASIS Silicon Valley,ess,0,,0
g6,Michelle Liu,BASIS Silicon Valley,math,0,,0
g6,Michelle Liu,BASIS Silicon Valley,physics,0,,0
g84,Christopher Xia,Saint Francis,overall,3,,12
g84,Christopher Xia,Saint Francis,biology,0,,0
g84,Christopher Xia,Saint Francis,chemistry,1,,4
g84,Christopher Xia,Saint Francis,energy,0,,0
g84,Christopher Xia,Saint Francis,ess,0,,0
g84,Christopher Xia,Saint Francis,math,1,,4
g84,Christopher Xia,Saint Francis,physics,1,,4
g84,Caleb Obico,Saint Francis,overall,1,,4
g84,Caleb Obico,Saint Francis,biology,0,,0
g84,Caleb Obico,Saint Francis,chemistry,1,,4
g84,Caleb Obico,Saint Francis,energy,0,,0
g84,Caleb Obico,Saint Francis,ess,0,,0
g84,Caleb Obico,Saint Francis,math,0,,0
g84,Caleb Obico,Saint Francis,physics,0,,0
g84,Neha Pandya,Saint Francis,overall,3,,12
g84,Neha Pandya,Saint Francis,biology,2,,8
g84,Neha Pandya,Saint Francis,chemistry,0,,0
g84,Neha Pandya,Saint Francis,energy,0,,0
g84,Neha Pandya,Saint Francis,ess,0,,0
g84,Neha Pandya,Saint Francis,math,1,,4
g84,Neha Pandya,Saint Francis,physics,0,,0
g84,Mason Young,Saint Francis,overall,1,,4
g84,Mason Young,Saint Francis,biology,1,,4
g84,Mason Young,Saint Francis,chemistry,0,,0
g84,Mason Young,Saint Francis,energy,0,,0
g84,Mason Young,Saint Francis,ess,0,,0
g84,Mason Young,Saint Francis,math,0,,0
g84,Mason Young,Saint Francis,physics,0,,0
g84,Renard Wu,Clovis North,overall,2,,8
g84,Renard Wu,Clovis North,biology,0,,0
g84,Renard Wu,Clovis North,chemistry,0,,0
g84,Renard Wu,Clovis North,energy,1,,4
g84,Renard Wu,Clovis North,ess,0,,0
g84,Renard Wu,Clovis North,math,1,,4
g84,Renard Wu,Clovis North,physics,0,,0
g84,Justin Do,Clovis North,overall,1,,4
g84,Justin Do,Clovis North,biology,0,,0
g84,Justin Do,Clovis North,chemistry,1,,4
g84,Justin Do,Clovis North,energy,0,,0
g84,Justin Do,Clovis North,ess,0,,0
g84,Justin Do,Clovis North,math,0,,0
g84,Justin Do,Clovis North,physics,0,,0
g84,Ethan Wang,Clovis North,overall,5,,20
g84,Ethan Wang,Clovis North,biology,0,,0
g84,Ethan Wang,Clovis North,chemistry,0,,0
g84,Ethan Wang,Clovis North,energy,1,,4
g84,Ethan Wang,Clovis North,ess,2,,8
g84,Ethan Wang,Clovis North,math,0,,0
g84,Ethan Wang,Clovis North,physics,2,,8
g84,Achuth Vinay,Clovis North,overall,2,,8
g84,Achuth Vinay,Clovis North,biology,0,,0
g84,Achuth Vinay,Clovis North,chemistry,1,,4
g84,Achuth Vinay,Clovis North,energy,0,,0
g84,Achuth Vinay,Clovis North,ess,0,,0
g84,Achuth Vinay,Clovis North,math,1,,4
g84,Achuth Vinay,Clovis North,physics,0,,0
g77,Oshan Poudel,Albany B,overall,0,,0
g77,Oshan Poudel,Albany B,biology,0,,0
g77,Oshan Poudel,Albany B,chemistry,0,,0
g77,Oshan Poudel,Albany B,energy,0,,0
g77,Oshan Poudel,Albany B,ess,0,,0
g77,Oshan Poudel,Albany B,math,0,,0
g77,Oshan Poudel,Albany B,physics,0,,0
g77,Kevin Liu,Albany B,overall,0,,0
g77,Kevin Liu,Albany B,biology,0,,0
g77,Kevin Liu,Albany B,chemistry,0,,0
g77,Kevin Liu,Albany B,energy,0,,0
g77,Kevin Liu,Albany B,ess,0,,0
g77,Kevin Liu,Albany B,math,0,,0
g77,Kevin Liu,Albany B,physics,0,,0
g77,Ryan Jung,Albany B,overall,0,,0
g77,Ryan Jung,Albany B,biology,0,,0
g77,Ryan Jung,Albany B,chemistry,0,,0
g77,Ryan Jung,Albany B,energy,0,,0
g77,Ryan Jung,Albany B,ess,0,,0
g77,Ryan Jung,Albany B,math,0,,0
g77,Ryan Jung,Albany B,physics,0,,0
g77,Samantha Chik,Albany B,overall,1,,4
g77,Samantha Chik,Albany B,biology,1,,4
g77,Samantha Chik,Albany B,chemistry,0,,0
g77,Samantha Chik,Albany B,energy,0,,0
g77,Samantha Chik,Albany B,ess,0,,0
g77,Samantha Chik,Albany B,math,0,,0
g77,Samantha Chik,Albany B,physics,0,,0
g77,Raiden Dea,Albany B,overall,1,,4
g77,Raiden Dea,Albany B,biology,0,,0
g77,Raiden Dea,Albany B,chemistry,0,,0
g77,Raiden Dea,Albany B,energy,0,,0
g77,Raiden Dea,Albany B,ess,1,,4
g77,Raiden Dea,Albany B,math,0,,0
g77,Raiden Dea,Albany B,physics,0,,0
g77,Akshara Srigiriraju,Dougherty Valley B,overall,3,,12
g77,Akshara Srigiriraju,Dougherty Valley B,biology,1,,4
g77,Akshara Srigiriraju,Dougherty Valley B,chemistry,0,,0
g77,Akshara Srigiriraju,Dougherty Valley B,energy,0,,0
g77,Akshara Srigiriraju,Dougherty Valley B,ess,0,,0
g77,Akshara Srigiriraju,Dougherty Valley B,math,1,,4
g77,Akshara Srigiriraju,Dougherty Valley B,physics,1,,4
g77,Varun Challa,Dougherty Valley B,overall,2,,8
g77,Varun Challa,Dougherty Valley B,biology,1,,4
g77,Varun Challa,Dougherty Valley B,chemistry,0,,0
g77,Varun Challa,Dougherty Valley B,energy,0,,0
g77,Varun Challa,Dougherty Valley B,ess,0,,0
g77,Varun Challa,Dougherty Valley B,math,1,,4
g77,Varun Challa,Dougherty Valley B,physics,0,,0
g77,Alan Zhiheng Chen,Dougherty Valley B,overall,7,,28
g77,Alan Zhiheng Chen,Dougherty Valley B,biology,0,,0
g77,Alan Zhiheng Chen,Dougherty Valley B,chemistry,3,,12
g77,Alan Zhiheng Chen,Dougherty Valley B,energy,1,,4
g77,Alan Zhiheng Chen,Dougherty Valley B,ess,1,,4
g77,Alan Zhiheng Chen,Dougherty Valley B,math,0,,0
g77,Alan Zhiheng Chen,Dougherty Valley B,physics,2,,8
g77,Jaevin Go,Dougherty Valley B,overall,0,,0
g77,Jaevin Go,Dougherty Valley B,biology,0,,0
g77,Jaevin Go,Dougherty Valley B,chemistry,0,,0
g77,Jaevin Go,Dougherty Valley B,energy,0,,0
g77,Jaevin Go,Dougherty Valley B,ess,0,,0
g77,Jaevin Go,Dougherty Valley B,math,0,,0
g77,Jaevin Go,Dougherty Valley B,physics,0,,0
g77,Snata Mohanty,Dougherty Valley B,overall,0,,0
g77,Snata Mohanty,Dougherty Valley B,biology,0,,0
g77,Snata Mohanty,Dougherty Valley B,chemistry,0,,0
g77,Snata Mohanty,Dougherty Valley B,energy,0,,0
g77,Snata Mohanty,Dougherty Valley B,ess,0,,0
g77,Snata Mohanty,Dougherty Valley B,math,0,,0
g77,Snata Mohanty,Dougherty Valley B,physics,0,,0
g31,Nathan Lee,A-Tech A,overall,0,,0
g31,Nathan Lee,A-Tech A,biology,0,,0
g31,Nathan Lee,A-Tech A,chemistry,0,,0
g31,Nathan Lee,A-Tech A,energy,0,,0
g31,Nathan Lee,A-Tech A,ess,0,,0
g31,Nathan Lee,A-Tech A,math,0,,0
g31,Nathan Lee,A-Tech A,physics,0,,0
g31,Zayan Islam,A-Tech A,overall,0,,0
g31,Zayan Islam,A-Tech A,biology,0,,0
g31,Zayan Islam,A-Tech A,chemistry,0,,0
g31,Zayan Islam,A-Tech A,energy,0,,0
g31,Zayan Islam,A-Tech A,ess,0,,0
g31,Zayan Islam,A-Tech A,math,0,,0
g31,Zayan Islam,A-Tech A,physics,0,,0
g31,Carlo Allietti,A-Tech A,overall,4,,16
g31,Carlo Allietti,A-Tech A,biology,2,,8
g31,Carlo Allietti,A-Tech A,chemistry,1,,4
g31,Carlo Allietti,A-Tech A,energy,1,,4
g31,Carlo Allietti,A-Tech A,ess,0,,0
g31,Carlo Allietti,A-Tech A,math,0,,0
g31,Carlo Allietti,A-Tech A,physics,0,,0
g31,Noah Lee,A-Tech A,overall,1,,4
g31,Noah Lee,A-Tech A,biology,0,,0
g31,Noah Lee,A-Tech A,chemistry,0,,0
g31,Noah Lee,A-Tech A,energy,0,,0
g31,Noah Lee,A-Tech A,ess,0,,0
g31,Noah Lee,A-Tech A,math,0,,0
g31,Noah Lee,A-Tech A,physics,1,,4
g31,Jose Hernandez,A-Tech A,overall,2,,8
g31,Jose Hernandez,A-Tech A,biology,0,,0
g31,Jose Hernandez,A-Tech A,chemistry,0,,0
g31,Jose Hernandez,A-Tech A,energy,0,,0
g31,Jose Hernandez,A-Tech A,ess,0,,0
g31,Jose Hernandez,A-Tech A,math,0,,0
g31,Jose Hernandez,A-Tech A,physics,2,,8
g31,Samarth Jain,AVHS,overall,3,,12
g31,Samarth Jain,AVHS,biology,0,,0
g31,Samarth Jain,AVHS,chemistry,0,,0
g31,Samarth Jain,AVHS,energy,0,,0
g31,Samarth Jain,AVHS,ess,3,,12
g31,Samarth Jain,AVHS,math,0,,0
g31,Samarth Jain,AVHS,physics,0,,0
g31,Gaurav Gupta,AVHS,overall,6,,24
g31,Gaurav Gupta,AVHS,biology,1,,4
g31,Gaurav Gupta,AVHS,chemistry,3,,12
g31,Gaurav Gupta,AVHS,energy,0,,0
g31,Gaurav Gupta,AVHS,ess,0,,0
g31,Gaurav Gupta,AVHS,math,1,,4
g31,Gaurav Gupta,AVHS,physics,1,,4
g31,Ritwik Aeka,AVHS,overall,3,,12
g31,Ritwik Aeka,AVHS,biology,1,,4
g31,Ritwik Aeka,AVHS,chemistry,0,,0
g31,Ritwik Aeka,AVHS,energy,2,,8
g31,Ritwik Aeka,AVHS,ess,0,,0
g31,Ritwik Aeka,AVHS,math,0,,0
g31,Ritwik Aeka,AVHS,physics,0,,0
g23,Adhrit Balaji,Dougherty Valley A,overall,0,,0
g23,Adhrit Balaji,Dougherty Valley A,biology,0,,0
g23,Adhrit Balaji,Dougherty Valley A,chemistry,0,,0
g23,Adhrit Balaji,Dougherty Valley A,energy,0,,0
g23,Adhrit Balaji,Dougherty Valley A,ess,0,,0
g23,Adhrit Balaji,Dougherty Valley A,math,0,,0
g23,Adhrit Balaji,Dougherty Valley A,physics,0,,0
g23,Akshaj Challa,Dougherty Valley A,overall,5,,20
g23,Akshaj Challa,Dougherty Valley A,biology,1,,4
g23,Akshaj Challa,Dougherty Valley A,chemistry,1,,4
g23,Akshaj Challa,Dougherty Valley A,energy,1,,4
g23,Akshaj Challa,Dougherty Valley A,ess,0,,0
g23,Akshaj Challa,Dougherty Valley A,math,0,,0
g23,Akshaj Challa,Dougherty Valley A,physics,2,,8
g23,Soham Chatterjee,Dougherty Valley A,overall,4,,16
g23,Soham Chatterjee,Dougherty Valley A,biology,0,,0
g23,Soham Chatterjee,Dougherty Valley A,chemistry,1,,4
g23,Soham Chatterjee,Dougherty Valley A,energy,2,,8
g23,Soham Chatterjee,Dougherty Valley A,ess,0,,0
g23,Soham Chatterjee,Dougherty Valley A,math,1,,4
g23,Soham Chatterjee,Dougherty Valley A,physics,0,,0
g23,Keshav Verma,Dougherty Valley A,overall,1,,4
g23,Keshav Verma,Dougherty Valley A,biology,0,,0
g23,Keshav Verma,Dougherty Valley A,chemistry,0,,0
g23,Keshav Verma,Dougherty Valley A,energy,0,,0
g23,Keshav Verma,Dougherty Valley A,ess,1,,4
g23,Keshav Verma,Dougherty Valley A,math,0,,0
g23,Keshav Verma,Dougherty Valley A,physics,0,,0
g23,Tia Parekh,Quarry Lane B,overall,0,,0
g23,Tia Parekh,Quarry Lane B,biology,0,,0
g23,Tia Parekh,Quarry Lane B,chemistry,0,,0
g23,Tia Parekh,Quarry Lane B,energy,0,,0
g23,Tia Parekh,Quarry Lane B,ess,0,,0
g23,Tia Parekh,Quarry Lane B,math,0,,0
g23,Tia Parekh,Quarry Lane B,physics,0,,0
g23,Dhruv Subramanian,Quarry Lane B,overall,3,,12
g23,Dhruv Subramanian,Quarry Lane B,biology,3,,12
g23,Dhruv Subramanian,Quarry Lane B,chemistry,0,,0
g23,Dhruv Subramanian,Quarry Lane B,energy,0,,0
g23,Dhruv Subramanian,Quarry Lane B,ess,0,,0
g23,Dhruv Subramanian,Quarry Lane B,math,0,,0
g23,Dhruv Subramanian,Quarry Lane B,physics,0,,0
g23,Brandon Louie,Quarry Lane B,overall,0,,0
g23,Brandon Louie,Quarry Lane B,biology,0,,0
g23,Brandon Louie,Quarry Lane B,chemistry,0,,0
g23,Brandon Louie,Quarry Lane B,energy,0,,0
g23,Brandon Louie,Quarry Lane B,ess,0,,0
g23,Brandon Louie,Quarry Lane B,math,0,,0
g23,Brandon Louie,Quarry Lane B,physics,0,,0
g23,Aryan Kumar,Quarry Lane B,overall,0,,0
g23,Aryan Kumar,Quarry Lane B,biology,0,,0
g23,Aryan Kumar,Quarry Lane B,chemistry,0,,0
g23,Aryan Kumar,Quarry Lane B,energy,0,,0
g23,Aryan Kumar,Quarry Lane B,ess,0,,0
g23,Aryan Kumar,Quarry Lane B,math,0,,0
g23,Aryan Kumar,Quarry Lane B,physics,0,,0
g23,Shlok Acharya,Quarry Lane B,overall,1,,4
g23,Shlok Acharya,Quarry Lane B,biology,0,,0
g23,Shlok Acharya,Quarry Lane B,chemistry,0,,0
g23,Shlok Acharya,Quarry Lane B,energy,0,,0
g23,Shlok Acharya,Quarry Lane B,ess,1,,4
g23,Shlok Acharya,Quarry Lane B,math,0,,0
g23,Shlok Acharya,Quarry Lane B,physics,0,,0
g14,Dallin Guisti,Davidson B,overall,2,,8
g14,Dallin Guisti,Davidson B,biology,0,,0
g14,Dallin Guisti,Davidson B,chemistry,0,,0
g14,Dallin Guisti,Davidson B,energy,0,,0
g14,Dallin Guisti,Davidson B,ess,0,,0
g14,Dallin Guisti,Davidson B,math,2,,8
g14,Dallin Guisti,Davidson B,physics,0,,0
g14,Kaison Fong,Davidson B,overall,1,,4
g14,Kaison Fong,Davidson B,biology,0,,0
g14,Kaison Fong,Davidson B,chemistry,0,,0
g14,Kaison Fong,Davidson B,energy,0,,0
g14,Kaison Fong,Davidson B,ess,0,,0
g14,Kaison Fong,Davidson B,math,1,,4
g14,Kaison Fong,Davidson B,physics,0,,0
g14,Shayan Sattarvand,Davidson B,overall,2,,8
g14,Shayan Sattarvand,Davidson B,biology,0,,0
g14,Shayan Sattarvand,Davidson B,chemistry,0,,0
g14,Shayan Sattarvand,Davidson B,energy,0,,0
g14,Shayan Sattarvand,Davidson B,ess,2,,8
g14,Shayan Sattarvand,Davidson B,math,0,,0
g14,Shayan Sattarvand,Davidson B,physics,0,,0
g14,Ethan Chan,Davidson B,overall,2,,8
g14,Ethan Chan,Davidson B,biology,0,,0
g14,Ethan Chan,Davidson B,chemistry,0,,0
g14,Ethan Chan,Davidson B,energy,0,,0
g14,Ethan Chan,Davidson B,ess,0,,0
g14,Ethan Chan,Davidson B,math,0,,0
g14,Ethan Chan,Davidson B,physics,2,,8
g14,Shreya Atkar,Davidson B,overall,0,,0
g14,Shreya Atkar,Davidson B,biology,0,,0
g14,Shreya Atkar,Davidson B,chemistry,0,,0
g14,Shreya Atkar,Davidson B,energy,0,,0
g14,Shreya Atkar,Davidson B,ess,0,,0
g14,Shreya Atkar,Davidson B,math,0,,0
g14,Shreya Atkar,Davidson B,physics,0,,0
g14,Theenash Sengupta,Mission San Jose A,overall,11,,44
g14,Theenash Sengupta,Mission San Jose A,biology,4,,16
g14,Theenash Sengupta,Mission San Jose A,chemistry,3,,12
g14,Theenash Sengupta,Mission San Jose A,energy,2,,8
g14,Theenash Sengupta,Mission San Jose A,ess,0,,0
g14,Theenash Sengupta,Mission San Jose A,math,1,,4
g14,Theenash Sengupta,Mission San Jose A,physics,1,,4
g14,Advaith Mopuri,Mission San Jose A,overall,1,,4
g14,Advaith Mopuri,Mission San Jose A,biology,0,,0
g14,Advaith Mopuri,Mission San Jose A,chemistry,0,,0
g14,Advaith Mopuri,Mission San Jose A,energy,0,,0
g14,Advaith Mopuri,Mission San Jose A,ess,0,,0
g14,Advaith Mopuri,Mission San Jose A,math,0,,0
g14,Advaith Mopuri,Mission San Jose A,physics,1,,4
g14,Anish Agarwal,Mission San Jose A,overall,0,,0
g14,Anish Agarwal,Mission San Jose A,biology,0,,0
g14,Anish Agarwal,Mission San Jose A,chemistry,0,,0
g14,Anish Agarwal,Mission San Jose A,energy,0,,0
g14,Anish Agarwal,Mission San Jose A,ess,0,,0
g14,Anish Agarwal,Mission San Jose A,math,0,,0
g14,Anish Agarwal,Mission San Jose A,physics,0,,0
g14,Roshan Annamalai,Mission San Jose A,overall,2,,8
g14,Roshan Annamalai,Mission San Jose A,biology,0,,0
g14,Roshan Annamalai,Mission San Jose A,chemistry,1,,4
g14,Roshan Annamalai,Mission San Jose A,energy,1,,4
g14,Roshan Annamalai,Mission San Jose A,ess,0,,0
g14,Roshan Annamalai,Mission San Jose A,math,0,,0
g14,Roshan Annamalai,Mission San Jose A,physics,0,,0
g11,Luthfa Zaceria,Logan,overall,0,,0
g11,Luthfa Zaceria,Logan,biology,0,,0
g11,Luthfa Zaceria,Logan,chemistry,0,,0
g11,Luthfa Zaceria,Logan,energy,0,,0
g11,Luthfa Zaceria,Logan,ess,0,,0
g11,Luthfa Zaceria,Logan,math,0,,0
g11,Luthfa Zaceria,Logan,physics,0,,0
g11,Sreenidhi Maddineedi,Logan,overall,2,,8
g11,Sreenidhi Maddineedi,Logan,biology,0,,0
g11,Sreenidhi Maddineedi,Logan,chemistry,1,,4
g11,Sreenidhi Maddineedi,Logan,energy,0,,0
g11,Sreenidhi Maddineedi,Logan,ess,0,,0
g11,Sreenidhi Maddineedi,Logan,math,1,,4
g11,Sreenidhi Maddineedi,Logan,physics,0,,0
g11,Jaelyn Caguiat,Logan,overall,1,,4
g11,Jaelyn Caguiat,Logan,biology,1,,4
g11,Jaelyn Caguiat,Logan,chemistry,0,,0
g11,Jaelyn Caguiat,Logan,energy,0,,0
g11,Jaelyn Caguiat,Logan,ess,0,,0
g11,Jaelyn Caguiat,Logan,math,0,,0
g11,Jaelyn Caguiat,Logan,physics,0,,0
g11,Elyanna Kwok,Logan,overall,1,,4
g11,Elyanna Kwok,Logan,biology,0,,0
g11,Elyanna Kwok,Logan,chemistry,0,,0
g11,Elyanna Kwok,Logan,energy,0,,0
g11,Elyanna Kwok,Logan,ess,0,,0
g11,Elyanna Kwok,Logan,math,0,,0
g11,Elyanna Kwok,Logan,physics,1,,4
g11,Shubhi Jain,Cupertino B,overall,2,,8
g11,Shubhi Jain,Cupertino B,biology,1,,4
g11,Shubhi Jain,Cupertino B,chemistry,0,,0
g11,Shubhi Jain,Cupertino B,energy,1,,4
g11,Shubhi Jain,Cupertino B,ess,0,,0
g11,Shubhi Jain,Cupertino B,math,0,,0
g11,Shubhi Jain,Cupertino B,physics,0,,0
g11,Danica Au,Cupertino B,overall,2,,8
g11,Danica Au,Cupertino B,biology,0,,0
g11,Danica Au,Cupertino B,chemistry,1,,4
g11,Danica Au,Cupertino B,energy,1,,4
g11,Danica Au,Cupertino B,ess,0,,0
g11,Danica Au,Cupertino B,math,0,,0
g11,Danica Au,Cupertino B,physics,0,,0
g11,Revathi Tanmayee Alipeta,Cupertino B,overall,3,,12
g11,Revathi Tanmayee Alipeta,Cupertino B,biology,0,,0
g11,Revathi Tanmayee Alipeta,Cupertino B,chemistry,1,,4
g11,Revathi Tanmayee Alipeta,Cupertino B,energy,0,,0
g11,Revathi Tanmayee Alipeta,Cupertino B,ess,2,,8
g11,Revathi Tanmayee Alipeta,Cupertino B,math,0,,0
g11,Revathi Tanmayee Alipeta,Cupertino B,physics,0,,0
g11,Jaanya Annapureddy,Cupertino B,overall,0,,0
g11,Jaanya Annapureddy,Cupertino B,biology,0,,0
g11,Jaanya Annapureddy,Cupertino B,chemistry,0,,0
g11,Jaanya Annapureddy,Cupertino B,energy,0,,0
g11,Jaanya Annapureddy,Cupertino B,ess,0,,0
g11,Jaanya Annapureddy,Cupertino B,math,0,,0
g11,Jaanya Annapureddy,Cupertino B,physics,0,,0
g11,Iurii Kirpichev,Cupertino B,overall,1,,4
g11,Iurii Kirpichev,Cupertino B,biology,0,,0
g11,Iurii Kirpichev,Cupertino B,chemistry,0,,0
g11,Iurii Kirpichev,Cupertino B,energy,0,,0
g11,Iurii Kirpichev,Cupertino B,ess,0,,0
g11,Iurii Kirpichev,Cupertino B,math,1,,4
g11,Iurii Kirpichev,Cupertino B,physics,0,,0
g82,Bhagirath Bandigari,Foothill A,overall,2,,8
g82,Bhagirath Bandigari,Foothill A,biology,2,,8
g82,Bhagirath Bandigari,Foothill A,chemistry,0,,0
g82,Bhagirath Bandigari,Foothill A,energy,0,,0
g82,Bhagirath Bandigari,Foothill A,ess,0,,0
g82,Bhagirath Bandigari,Foothill A,math,0,,0
g82,Bhagirath Bandigari,Foothill A,physics,0,,0
g82,Athithan Elamaran,Foothill A,overall,5,,20
g82,Athithan Elamaran,Foothill A,biology,0,,0
g82,Athithan Elamaran,Foothill A,chemistry,0,,0
g82,Athithan Elamaran,Foothill A,energy,0,,0
g82,Athithan Elamaran,Foothill A,ess,0,,0
g82,Athithan Elamaran,Foothill A,math,3,,12
g82,Athithan Elamaran,Foothill A,physics,2,,8
g82,Brandon Kong,Foothill A,overall,3,,12
g82,Brandon Kong,Foothill A,biology,0,,0
g82,Brandon Kong,Foothill A,chemistry,0,,0
g82,Brandon Kong,Foothill A,energy,1,,4
g82,Brandon Kong,Foothill A,ess,1,,4
g82,Brandon Kong,Foothill A,math,0,,0
g82,Brandon Kong,Foothill A,physics,1,,4
g82,Jake Nguyen,Foothill A,overall,2,,8
g82,Jake Nguyen,Foothill A,biology,0,,0
g82,Jake Nguyen,Foothill A,chemistry,2,,8
g82,Jake Nguyen,Foothill A,energy,0,,0
g82,Jake Nguyen,Foothill A,ess,0,,0
g82,Jake Nguyen,Foothill A,math,0,,0
g82,Jake Nguyen,Foothill A,physics,0,,0
g82,Renard Wu,Clovis North,overall,2,,8
g82,Renard Wu,Clovis North,biology,2,,8
g82,Renard Wu,Clovis North,chemistry,0,,0
g82,Renard Wu,Clovis North,energy,0,,0
g82,Renard Wu,Clovis North,ess,0,,0
g82,Renard Wu,Clovis North,math,0,,0
g82,Renard Wu,Clovis North,physics,0,,0
g82,Justin Do,Clovis North,overall,3,,12
g82,Justin Do,Clovis North,biology,0,,0
g82,Justin Do,Clovis North,chemistry,2,,8
g82,Justin Do,Clovis North,energy,1,,4
g82,Justin Do,Clovis North,ess,0,,0
g82,Justin Do,Clovis North,math,0,,0
g82,Justin Do,Clovis North,physics,0,,0
g82,Ethan Wang,Clovis North,overall,1,,4
g82,Ethan Wang,Clovis North,biology,0,,0
g82,Ethan Wang,Clovis North,chemistry,0,,0
g82,Ethan Wang,Clovis North,energy,0,,0
g82,Ethan Wang,Clovis North,ess,1,,4
g82,Ethan Wang,Clovis North,math,0,,0
g82,Ethan Wang,Clovis North,physics,0,,0
g82,Achuth Vinay,Clovis North,overall,0,,0
g82,Achuth Vinay,Clovis North,biology,0,,0
g82,Achuth Vinay,Clovis North,chemistry,0,,0
g82,Achuth Vinay,Clovis North,energy,0,,0
g82,Achuth Vinay,Clovis North,ess,0,,0
g82,Achuth Vinay,Clovis North,math,0,,0
g82,Achuth Vinay,Clovis North,physics,0,,0
g42,Vikrant Chintanaboina,Stanford Online,overall,0,,0
g42,Vikrant Chintanaboina,Stanford Online,biology,0,,0
g42,Vikrant Chintanaboina,Stanford Online,chemistry,0,,0
g42,Vikrant Chintanaboina,Stanford Online,energy,0,,0
g42,Vikrant Chintanaboina,Stanford Online,ess,0,,0
g42,Vikrant Chintanaboina,Stanford Online,math,0,,0
g42,Vikrant Chintanaboina,Stanford Online,physics,0,,0
g42,Arin Parsa,Stanford Online,overall,5,,20
g42,Arin Parsa,Stanford Online,biology,1,,4
g42,Arin Parsa,Stanford Online,chemistry,2,,8
g42,Arin Parsa,Stanford Online,energy,1,,4
g42,Arin Parsa,Stanford Online,ess,1,,4
g42,Arin Parsa,Stanford Online,math,0,,0
g42,Arin Parsa,Stanford Online,physics,0,,0
g42,Rajalakshmi Sriram,Stanford Online,overall,0,,0
g42,Rajalakshmi Sriram,Stanford Online,biology,0,,0
g42,Rajalakshmi Sriram,Stanford Online,chemistry,0,,0
g42,Rajalakshmi Sriram,Stanford Online,energy,0,,0
g42,Rajalakshmi Sriram,Stanford Online,ess,0,,0
g42,Rajalakshmi Sriram,Stanford Online,math,0,,0
g42,Rajalakshmi Sriram,Stanford Online,physics,0,,0
g42,Rachael Lin,Stanford Online,overall,0,,0
g42,Rachael Lin,Stanford Online,biology,0,,0
g42,Rachael Lin,Stanford Online,chemistry,0,,0
g42,Rachael Lin,Stanford Online,energy,0,,0
g42,Rachael Lin,Stanford Online,ess,0,,0
g42,Rachael Lin,Stanford Online,math,0,,0
g42,Rachael Lin,Stanford Online,physics,0,,0
g42,Sahil Deshmukh,Foothill B,overall,8,,32
g42,Sahil Deshmukh,Foothill B,biology,1,,4
g42,Sahil Deshmukh,Foothill B,chemistry,2,,8
g42,Sahil Deshmukh,Foothill B,energy,2,,8
g42,Sahil Deshmukh,Foothill B,ess,0,,0
g42,Sahil Deshmukh,Foothill B,math,2,,8
g42,Sahil Deshmukh,Foothill B,physics,1,,4
g42,Harini Penumuchu,Foothill B,overall,0,,0
g42,Harini Penumuchu,Foothill B,biology,0,,0
g42,Harini Penumuchu,Foothill B,chemistry,0,,0
g42,Harini Penumuchu,Foothill B,energy,0,,0
g42,Harini Penumuchu,Foothill B,ess,0,,0
g42,Harini Penumuchu,Foothill B,math,0,,0
g42,Harini Penumuchu,Foothill B,physics,0,,0
g42,Aahana Biswal,Foothill B,overall,1,,4
g42,Aahana Biswal,Foothill B,biology,1,,4
g42,Aahana Biswal,Foothill B,chemistry,0,,0
g42,Aahana Biswal,Foothill B,energy,0,,0
g42,Aahana Biswal,Foothill B,ess,0,,0
g42,Aahana Biswal,Foothill B,math,0,,0
g42,Aahana Biswal,Foothill B,physics,0,,0
g42,Shivani Swaminathan,Foothill B,overall,0,,0
g42,Shivani Swaminathan,Foothill B,biology,0,,0
g42,Shivani Swaminathan,Foothill B,chemistry,0,,0
g42,Shivani Swaminathan,Foothill B,energy,0,,0
g42,Shivani Swaminathan,Foothill B,ess,0,,0
g42,Shivani Swaminathan,Foothill B,math,0,,0
g42,Shivani Swaminathan,Foothill B,physics,0,,0
g25,Evan Liu,Lynbrook A,overall,1,,4
g25,Evan Liu,Lynbrook A,biology,0,,0
g25,Evan Liu,Lynbrook A,chemistry,1,,4
g25,Evan Liu,Lynbrook A,energy,0,,0
g25,Evan Liu,Lynbrook A,ess,0,,0
g25,Evan Liu,Lynbrook A,math,0,,0
g25,Evan Liu,Lynbrook A,physics,0,,0
g25,Sohil Rathi,Lynbrook A,overall,1,,4
g25,Sohil Rathi,Lynbrook A,biology,0,,0
g25,Sohil Rathi,Lynbrook A,chemistry,1,,4
g25,Sohil Rathi,Lynbrook A,energy,0,,0
g25,Sohil Rathi,Lynbrook A,ess,0,,0
g25,Sohil Rathi,Lynbrook A,math,0,,0
g25,Sohil Rathi,Lynbrook A,physics,0,,0
g25,Jianyu Wang,Lynbrook A,overall,7,,28
g25,Jianyu Wang,Lynbrook A,biology,0,,0
g25,Jianyu Wang,Lynbrook A,chemistry,1,,4
g25,Jianyu Wang,Lynbrook A,energy,0,,0
g25,Jianyu Wang,Lynbrook A,ess,1,,4
g25,Jianyu Wang,Lynbrook A,math,2,,8
g25,Jianyu Wang,Lynbrook A,physics,3,,12
g25,Selena Yang,Lynbrook A,overall,6,,24
g25,Selena Yang,Lynbrook A,biology,3,,12
g25,Selena Yang,Lynbrook A,chemistry,1,,4
g25,Selena Yang,Lynbrook A,energy,1,,4
g25,Selena Yang,Lynbrook A,ess,1,,4
g25,Selena Yang,Lynbrook A,math,0,,0
g25,Selena Yang,Lynbrook A,physics,0,,0
g25,Jerry Sun,Irvington,overall,2,,8
g25,Jerry Sun,Irvington,biology,1,,4
g25,Jerry Sun,Irvington,chemistry,0,,0
g25,Jerry Sun,Irvington,energy,1,,4
g25,Jerry Sun,Irvington,ess,0,,0
g25,Jerry Sun,Irvington,math,0,,0
g25,Jerry Sun,Irvington,physics,0,,0
g25,Samyuktha Gopinath Lakshmi,Irvington,overall,0,,0
g25,Samyuktha Gopinath Lakshmi,Irvington,biology,0,,0
g25,Samyuktha Gopinath Lakshmi,Irvington,chemistry,0,,0
g25,Samyuktha Gopinath Lakshmi,Irvington,energy,0,,0
g25,Samyuktha Gopinath Lakshmi,Irvington,ess,0,,0
g25,Samyuktha Gopinath Lakshmi,Irvington,math,0,,0
g25,Samyuktha Gopinath Lakshmi,Irvington,physics,0,,0
g25,Roland Pratt,Irvington,overall,1,,4
g25,Roland Pratt,Irvington,biology,0,,0
g25,Roland Pratt,Irvington,chemistry,0,,0
g25,Roland Pratt,Irvington,energy,0,,0
g25,Roland Pratt,Irvington,ess,1,,4
g25,Roland Pratt,Irvington,math,0,,0
g25,Roland Pratt,Irvington,physics,0,,0
g25,Ishaan Agrawal,Irvington,overall,1,,4
g25,Ishaan Agrawal,Irvington,biology,0,,0
g25,Ishaan Agrawal,Irvington,chemistry,0,,0
g25,Ishaan Agrawal,Irvington,energy,0,,0
g25,Ishaan Agrawal,Irvington,ess,1,,4
g25,Ishaan Agrawal,Irvington,math,0,,0
g25,Ishaan Agrawal,Irvington,physics,0,,0
g19,Diego Diaz,A-Tech B,overall,1,,4
g19,Diego Diaz,A-Tech B,biology,0,,0
g19,Diego Diaz,A-Tech B,chemistry,0,,0
g19,Diego Diaz,A-Tech B,energy,0,,0
g19,Diego Diaz,A-Tech B,ess,1,,4
g19,Diego Diaz,A-Tech B,math,0,,0
g19,Diego Diaz,A-Tech B,physics,0,,0
g19,Justice Thach,A-Tech B,overall,1,,4
g19,Justice Thach,A-Tech B,biology,0,,0
g19,Justice Thach,A-Tech B,chemistry,0,,0
g19,Justice Thach,A-Tech B,energy,1,,4
g19,Justice Thach,A-Tech B,ess,0,,0
g19,Justice Thach,A-Tech B,math,0,,0
g19,Justice Thach,A-Tech B,physics,0,,0
g19,Ransome Goedhart,A-Tech B,overall,1,,4
g19,Ransome Goedhart,A-Tech B,biology,0,,0
g19,Ransome Goedhart,A-Tech B,chemistry,1,,4
g19,Ransome Goedhart,A-Tech B,energy,0,,0
g19,Ransome Goedhart,A-Tech B,ess,0,,0
g19,Ransome Goedhart,A-Tech B,math,0,,0
g19,Ransome Goedhart,A-Tech B,physics,0,,0
g19,Seth Burrell,A-Tech B,overall,2,,8
g19,Seth Burrell,A-Tech B,biology,0,,0
g19,Seth Burrell,A-Tech B,chemistry,1,,4
g19,Seth Burrell,A-Tech B,energy,0,,0
g19,Seth Burrell,A-Tech B,ess,0,,0
g19,Seth Burrell,A-Tech B,math,1,,4
g19,Seth Burrell,A-Tech B,physics,0,,0
g19,Tia Parekh,Quarry Lane B,overall,1,,4
g19,Tia Parekh,Quarry Lane B,biology,0,,0
g19,Tia Parekh,Quarry Lane B,chemistry,0,,0
g19,Tia Parekh,Quarry Lane B,energy,0,,0
g19,Tia Parekh,Quarry Lane B,ess,0,,0
g19,Tia Parekh,Quarry Lane B,math,0,,0
g19,Tia Parekh,Quarry Lane B,physics,1,,4
g19,Brandon Louie,Quarry Lane B,overall,0,,0
g19,Brandon Louie,Quarry Lane B,biology,0,,0
g19,Brandon Louie,Quarry Lane B,chemistry,0,,0
g19,Brandon Louie,Quarry Lane B,energy,0,,0
g19,Brandon Louie,Quarry Lane B,ess,0,,0
g19,Brandon Louie,Quarry Lane B,math,0,,0
g19,Brandon Louie,Quarry Lane B,physics,0,,0
g19,Dhruv Subramanian,Quarry Lane B,overall,1,,4
g19,Dhruv Subramanian,Quarry Lane B,biology,1,,4
g19,Dhruv Subramanian,Quarry Lane B,chemistry,0,,0
g19,Dhruv Subramanian,Quarry Lane B,energy,0,,0
g19,Dhruv Subramanian,Quarry Lane B,ess,0,,0
g19,Dhruv Subramanian,Quarry Lane B,math,0,,0
g19,Dhruv Subramanian,Quarry Lane B,physics,0,,0
g19,Shlok Acharya,Quarry Lane B,overall,1,,4
g19,Shlok Acharya,Quarry Lane B,biology,0,,0
g19,Shlok Acharya,Quarry Lane B,chemistry,0,,0
g19,Shlok Acharya,Quarry Lane B,energy,1,,4
g19,Shlok Acharya,Quarry Lane B,ess,0,,0
g19,Shlok Acharya,Quarry Lane B,math,0,,0
g19,Shlok Acharya,Quarry Lane B,physics,0,,0
g19,Aryan Kumar,Quarry Lane B,overall,0,,0
g19,Aryan Kumar,Quarry Lane B,biology,0,,0
g19,Aryan Kumar,Quarry Lane B,chemistry,0,,0
g19,Aryan Kumar,Quarry Lane B,energy,0,,0
g19,Aryan Kumar,Quarry Lane B,ess,0,,0
g19,Aryan Kumar,Quarry Lane B,math,0,,0
g19,Aryan Kumar,Quarry Lane B,physics,0,,0
g3,Kaison Fong,Davidson B,overall,2,,8
g3,Kaison Fong,Davidson B,biology,0,,0
g3,Kaison Fong,Davidson B,chemistry,0,,0
g3,Kaison Fong,Davidson B,energy,0,,0
g3,Kaison Fong,Davidson B,ess,0,,0
g3,Kaison Fong,Davidson B,math,2,,8
g3,Kaison Fong,Davidson B,physics,0,,0
g3,Ethan Chan,Davidson B,overall,4,,16
g3,Ethan Chan,Davidson B,biology,0,,0
g3,Ethan Chan,Davidson B,chemistry,0,,0
g3,Ethan Chan,Davidson B,energy,0,,0
g3,Ethan Chan,Davidson B,ess,2,,8
g3,Ethan Chan,Davidson B,math,0,,0
g3,Ethan Chan,Davidson B,physics,2,,8
g3,Shayan Sattarvand,Davidson B,overall,3,,12
g3,Shayan Sattarvand,Davidson B,biology,1,,4
g3,Shayan Sattarvand,Davidson B,chemistry,1,,4
g3,Shayan Sattarvand,Davidson B,energy,1,,4
g3,Shayan Sattarvand,Davidson B,ess,0,,0
g3,Shayan Sattarvand,Davidson B,math,0,,0
g3,Shayan Sattarvand,Davidson B,physics,0,,0
g3,Dallin Guisti,Davidson B,overall,0,,0
g3,Dallin Guisti,Davidson B,biology,0,,0
g3,Dallin Guisti,Davidson B,chemistry,0,,0
g3,Dallin Guisti,Davidson B,energy,0,,0
g3,Dallin Guisti,Davidson B,ess,0,,0
g3,Dallin Guisti,Davidson B,math,0,,0
g3,Dallin Guisti,Davidson B,physics,0,,0
g3,Shreya Atkar,Davidson B,overall,0,,0
g3,Shreya Atkar,Davidson B,biology,0,,0
g3,Shreya Atkar,Davidson B,chemistry,0,,0
g3,Shreya Atkar,Davidson B,energy,0,,0
g3,Shreya Atkar,Davidson B,ess,0,,0
g3,Shreya Atkar,Davidson B,math,0,,0
g3,Shreya Atkar,Davidson B,physics,0,,0
g3,Grace Ha,Albany A,overall,0,,0
g3,Grace Ha,Albany A,biology,0,,0
g3,Grace Ha,Albany A,chemistry,0,,0
g3,Grace Ha,Albany A,energy,0,,0
g3,Grace Ha,Albany A,ess,0,,0
g3,Grace Ha,Albany A,math,0,,0
g3,Grace Ha,Albany A,physics,0,,0
g3,Mikayla Rai Feng,Albany A,overall,0,,0
g3,Mikayla Rai Feng,Albany A,biology,0,,0
g3,Mikayla Rai Feng,Albany A,chemistry,0,,0
g3,Mikayla Rai Feng,Albany A,energy,0,,0
g3,Mikayla Rai Feng,Albany A,ess,0,,0
g3,Mikayla Rai Feng,Albany A,math,0,,0
g3,Mikayla Rai Feng,Albany A,physics,0,,0
g3,Alex Bowen,Albany A,overall,1,,4
g3,Alex Bowen,Albany A,biology,0,,0
g3,Alex Bowen,Albany A,chemistry,0,,0
g3,Alex Bowen,Albany A,energy,1,,4
g3,Alex Bowen,Albany A,ess,0,,0
g3,Alex Bowen,Albany A,math,0,,0
g3,Alex Bowen,Albany A,physics,0,,0
g3,Lawrence Chan,Albany A,overall,0,,0
g3,Lawrence Chan,Albany A,biology,0,,0
g3,Lawrence Chan,Albany A,chemistry,0,,0
g3,Lawrence Chan,Albany A,energy,0,,0
g3,Lawrence Chan,Albany A,ess,0,,0
g3,Lawrence Chan,Albany A,math,0,,0
g3,Lawrence Chan,Albany A,physics,0,,0
g3,Orin Tran Davidson,Albany A,overall,3,,12
g3,Orin Tran Davidson,Albany A,biology,1,,4
g3,Orin Tran Davidson,Albany A,chemistry,0,,0
g3,Orin Tran Davidson,Albany A,energy,1,,4
g3,Orin Tran Davidson,Albany A,ess,0,,0
g3,Orin Tran Davidson,Albany A,math,0,,0
g3,Orin Tran Davidson,Albany A,physics,1,,4
g90,Jonathan Yuen,Palo Alto,overall,1,,4
g90,Jonathan Yuen,Palo Alto,biology,0,,0
g90,Jonathan Yuen,Palo Alto,chemistry,0,,0
g90,Jonathan Yuen,Palo Alto,energy,0,,0
g90,Jonathan Yuen,Palo Alto,ess,1,,4
g90,Jonathan Yuen,Palo Alto,math,0,,0
g90,Jonathan Yuen,Palo Alto,physics,0,,0
g90,Jeremy Yuen,Palo Alto,overall,0,,0
g90,Jeremy Yuen,Palo Alto,biology,0,,0
g90,Jeremy Yuen,Palo Alto,chemistry,0,,0
g90,Jeremy Yuen,Palo Alto,energy,0,,0
g90,Jeremy Yuen,Palo Alto,ess,0,,0
g90,Jeremy Yuen,Palo Alto,math,0,,0
g90,Jeremy Yuen,Palo Alto,physics,0,,0
g90,Andrew Wen,Palo Alto,overall,3,,12
g90,Andrew Wen,Palo Alto,biology,0,,0
g90,Andrew Wen,Palo Alto,chemistry,0,,0
g90,Andrew Wen,Palo Alto,energy,0,,0
g90,Andrew Wen,Palo Alto,ess,0,,0
g90,Andrew Wen,Palo Alto,math,2,,8
g90,Andrew Wen,Palo Alto,physics,1,,4
g90,Forrest Chou,Palo Alto,overall,12,,48
g90,Forrest Chou,Palo Alto,biology,2,,8
g90,Forrest Chou,Palo Alto,chemistry,3,,12
g90,Forrest Chou,Palo Alto,energy,2,,8
g90,Forrest Chou,Palo Alto,ess,1,,4
g90,Forrest Chou,Palo Alto,math,1,,4
g90,Forrest Chou,Palo Alto,physics,3,,12
g90,Rasia Yu,Palo Alto,overall,1,,4
g90,Rasia Yu,Palo Alto,biology,1,,4
g90,Rasia Yu,Palo Alto,chemistry,0,,0
g90,Rasia Yu,Palo Alto,energy,0,,0
g90,Rasia Yu,Palo Alto,ess,0,,0
g90,Rasia Yu,Palo Alto,math,0,,0
g90,Rasia Yu,Palo Alto,physics,0,,0
g90,Christopher Xia,Saint Francis,overall,1,,4
g90,Christopher Xia,Saint Francis,biology,0,,0
g90,Christopher Xia,Saint Francis,chemistry,0,,0
g90,Christopher Xia,Saint Francis,energy,0,,0
g90,Christopher Xia,Saint Francis,ess,0,,0
g90,Christopher Xia,Saint Francis,math,1,,4
g90,Christopher Xia,Saint Francis,physics,0,,0
g90,Caleb Obico,Saint Francis,overall,0,,0
g90,Caleb Obico,Saint Francis,biology,0,,0
g90,Caleb Obico,Saint Francis,chemistry,0,,0
g90,Caleb Obico,Saint Francis,energy,0,,0
g90,Caleb Obico,Saint Francis,ess,0,,0
g90,Caleb Obico,Saint Francis,math,0,,0
g90,Caleb Obico,Saint Francis,physics,0,,0
g90,Neha Pandya,Saint Francis,overall,1,,4
g90,Neha Pandya,Saint Francis,biology,0,,0
g90,Neha Pandya,Saint Francis,chemistry,0,,0
g90,Neha Pandya,Saint Francis,energy,0,,0
g90,Neha Pandya,Saint Francis,ess,1,,4
g90,Neha Pandya,Saint Francis,math,0,,0
g90,Neha Pandya,Saint Francis,physics,0,,0
g90,Mason Young,Saint Francis,overall,0,,0
g90,Mason Young,Saint Francis,biology,0,,0
g90,Mason Young,Saint Francis,chemistry,0,,0
g90,Mason Young,Saint Francis,energy,0,,0
g90,Mason Young,Saint Francis,ess,0,,0
g90,Mason Young,Saint Francis,math,0,,0
g90,Mason Young,Saint Francis,physics,0,,0
g43,Cassie Wei,Los Gatos,overall,2,,8
g43,Cassie Wei,Los Gatos,biology,0,,0
g43,Cassie Wei,Los Gatos,chemistry,2,,8
g43,Cassie Wei,Los Gatos,energy,0,,0
g43,Cassie Wei,Los Gatos,ess,0,,0
g43,Cassie Wei,Los Gatos,math,0,,0
g43,Cassie Wei,Los Gatos,physics,0,,0
g43,Kiara Zhou,Los Gatos,overall,1,,4
g43,Kiara Zhou,Los Gatos,biology,1,,4
g43,Kiara Zhou,Los Gatos,chemistry,0,,0
g43,Kiara Zhou,Los Gatos,energy,0,,0
g43,Kiara Zhou,Los Gatos,ess,0,,0
g43,Kiara Zhou,Los Gatos,math,0,,0
g43,Kiara Zhou,Los Gatos,physics,0,,0
g43,Eric Wang,Los Gatos,overall,2,,8
g43,Eric Wang,Los Gatos,biology,0,,0
g43,Eric Wang,Los Gatos,chemistry,0,,0
g43,Eric Wang,Los Gatos,energy,1,,4
g43,Eric Wang,Los Gatos,ess,0,,0
g43,Eric Wang,Los Gatos,math,0,,0
g43,Eric Wang,Los Gatos,physics,1,,4
g43,Alena Narkaitis,Los Gatos,overall,1,,4
g43,Alena Narkaitis,Los Gatos,biology,0,,0
g43,Alena Narkaitis,Los Gatos,chemistry,0,,0
g43,Alena Narkaitis,Los Gatos,energy,0,,0
g43,Alena Narkaitis,Los Gatos,ess,0,,0
g43,Alena Narkaitis,Los Gatos,math,1,,4
g43,Alena Narkaitis,Los Gatos,physics,0,,0
g43,Isaiah Sit,Lynbrook B,overall,7,,28
g43,Isaiah Sit,Lynbrook B,biology,2,,8
g43,Isaiah Sit,Lynbrook B,chemistry,0,,0
g43,Isaiah Sit,Lynbrook B,energy,2,,8
g43,Isaiah Sit,Lynbrook B,ess,2,,8
g43,Isaiah Sit,Lynbrook B,math,1,,4
g43,Isaiah Sit,Lynbrook B,physics,0,,0
g43,Matthew Yuan,Lynbrook B,overall,0,,0
g43,Matthew Yuan,Lynbrook B,biology,0,,0
g43,Matthew Yuan,Lynbrook B,chemistry,0,,0
g43,Matthew Yuan,Lynbrook B,energy,0,,0
g43,Matthew Yuan,Lynbrook B,ess,0,,0
g43,Matthew Yuan,Lynbrook B,math,0,,0
g43,Matthew Yuan,Lynbrook B,physics,0,,0
g43,Siwen Luo,Lynbrook B,overall,3,,12
g43,Siwen Luo,Lynbrook B,biology,0,,0
g43,Siwen Luo,Lynbrook B,chemistry,2,,8
g43,Siwen Luo,Lynbrook B,energy,0,,0
g43,Siwen Luo,Lynbrook B,ess,1,,4
g43,Siwen Luo,Lynbrook B,math,0,,0
g43,Siwen Luo,Lynbrook B,physics,0,,0
g43,Harold Wang,Lynbrook B,overall,3,,12
g43,Harold Wang,Lynbrook B,biology,1,,4
g43,Harold Wang,Lynbrook B,chemistry,0,,0
g43,Harold Wang,Lynbrook B,energy,0,,0
g43,Harold Wang,Lynbrook B,ess,0,,0
g43,Harold Wang,Lynbrook B,math,0,,0
g43,Harold Wang,Lynbrook B,physics,2,,8
g35,Zayan Islam,A-Tech A,overall,0,,0
g35,Zayan Islam,A-Tech A,biology,0,,0
g35,Zayan Islam,A-Tech A,chemistry,0,,0
g35,Zayan Islam,A-Tech A,energy,0,,0
g35,Zayan Islam,A-Tech A,ess,0,,0
g35,Zayan Islam,A-Tech A,math,0,,0
g35,Zayan Islam,A-Tech A,physics,0,,0
g35,Nathan Lee,A-Tech A,overall,0,,0
g35,Nathan Lee,A-Tech A,biology,0,,0
g35,Nathan Lee,A-Tech A,chemistry,0,,0
g35,Nathan Lee,A-Tech A,energy,0,,0
g35,Nathan Lee,A-Tech A,ess,0,,0
g35,Nathan Lee,A-Tech A,math,0,,0
g35,Nathan Lee,A-Tech A,physics,0,,0
g35,Carlo Allietti,A-Tech A,overall,3,,12
g35,Carlo Allietti,A-Tech A,biology,2,,8
g35,Carlo Allietti,A-Tech A,chemistry,0,,0
g35,Carlo Allietti,A-Tech A,energy,0,,0
g35,Carlo Allietti,A-Tech A,ess,0,,0
g35,Carlo Allietti,A-Tech A,math,0,,0
g35,Carlo Allietti,A-Tech A,physics,1,,4
g35,Noah Lee,A-Tech A,overall,1,,4
g35,Noah Lee,A-Tech A,biology,0,,0
g35,Noah Lee,A-Tech A,chemistry,0,,0
g35,Noah Lee,A-Tech A,energy,0,,0
g35,Noah Lee,A-Tech A,ess,0,,0
g35,Noah Lee,A-Tech A,math,0,,0
g35,Noah Lee,A-Tech A,physics,1,,4
g35,Jose Hernandez,A-Tech A,overall,2,,8
g35,Jose Hernandez,A-Tech A,biology,0,,0
g35,Jose Hernandez,A-Tech A,chemistry,2,,8
g35,Jose Hernandez,A-Tech A,energy,0,,0
g35,Jose Hernandez,A-Tech A,ess,0,,0
g35,Jose Hernandez,A-Tech A,math,0,,0
g35,Jose Hernandez,A-Tech A,physics,0,,0
g35,Vikrant Chintanaboina,Stanford Online,overall,1,,4
g35,Vikrant Chintanaboina,Stanford Online,biology,0,,0
g35,Vikrant Chintanaboina,Stanford Online,chemistry,0,,0
g35,Vikrant Chintanaboina,Stanford Online,energy,1,,4
g35,Vikrant Chintanaboina,Stanford Online,ess,0,,0
g35,Vikrant Chintanaboina,Stanford Online,math,0,,0
g35,Vikrant Chintanaboina,Stanford Online,physics,0,,0
g35,Arin Parsa,Stanford Online,overall,5,,20
g35,Arin Parsa,Stanford Online,biology,2,,8
g35,Arin Parsa,Stanford Online,chemistry,1,,4
g35,Arin Parsa,Stanford Online,energy,1,,4
g35,Arin Parsa,Stanford Online,ess,1,,4
g35,Arin Parsa,Stanford Online,math,0,,0
g35,Arin Parsa,Stanford Online,physics,0,,0
g35,Rajalakshmi Sriram,Stanford Online,overall,0,,0
g35,Rajalakshmi Sriram,Stanford Online,biology,0,,0
g35,Rajalakshmi Sriram,Stanford Online,chemistry,0,,0
g35,Rajalakshmi Sriram,Stanford Online,energy,0,,0
g35,Rajalakshmi Sriram,Stanford Online,ess,0,,0
g35,Rajalakshmi Sriram,Stanford Online,math,0,,0
g35,Rajalakshmi Sriram,Stanford Online,physics,0,,0
g35,Rachael Lin,Stanford Online,overall,0,,0
g35,Rachael Lin,Stanford Online,biology,0,,0
g35,Rachael Lin,Stanford Online,chemistry,0,,0
g35,Rachael Lin,Stanford Online,energy,0,,0
g35,Rachael Lin,Stanford Online,ess,0,,0
g35,Rachael Lin,Stanford Online,math,0,,0
g35,Rachael Lin,Stanford Online,physics,0,,0
g21,Jasper Zhao,Dougherty Valley A,overall,1,,4
g21,Jasper Zhao,Dougherty Valley A,biology,0,,0
g21,Jasper Zhao,Dougherty Valley A,chemistry,0,,0
g21,Jasper Zhao,Dougherty Valley A,energy,0,,0
g21,Jasper Zhao,Dougherty Valley A,ess,0,,0
g21,Jasper Zhao,Dougherty Valley A,math,0,,0
g21,Jasper Zhao,Dougherty Valley A,physics,1,,4
g21,Adhrit Balaji,Dougherty Valley A,overall,0,,0
g21,Adhrit Balaji,Dougherty Valley A,biology,0,,0
g21,Adhrit Balaji,Dougherty Valley A,chemistry,0,,0
g21,Adhrit Balaji,Dougherty Valley A,energy,0,,0
g21,Adhrit Balaji,Dougherty Valley A,ess,0,,0
g21,Adhrit Balaji,Dougherty Valley A,math,0,,0
g21,Adhrit Balaji,Dougherty Valley A,physics,0,,0
g21,Akshaj Challa,Dougherty Valley A,overall,2,,8
g21,Akshaj Challa,Dougherty Valley A,biology,0,,0
g21,Akshaj Challa,Dougherty Valley A,chemistry,2,,8
g21,Akshaj Challa,Dougherty Valley A,energy,0,,0
g21,Akshaj Challa,Dougherty Valley A,ess,0,,0
g21,Akshaj Challa,Dougherty Valley A,math,0,,0
g21,Akshaj Challa,Dougherty Valley A,physics,0,,0
g21,Soham Chatterjee,Dougherty Valley A,overall,3,,12
g21,Soham Chatterjee,Dougherty Valley A,biology,2,,8
g21,Soham Chatterjee,Dougherty Valley A,chemistry,0,,0
g21,Soham Chatterjee,Dougherty Valley A,energy,1,,4
g21,Soham Chatterjee,Dougherty Valley A,ess,0,,0
g21,Soham Chatterjee,Dougherty Valley A,math,0,,0
g21,Soham Chatterjee,Dougherty Valley A,physics,0,,0
g21,Keshav Verma,Dougherty Valley A,overall,1,,4
g21,Keshav Verma,Dougherty Valley A,biology,0,,0
g21,Keshav Verma,Dougherty Valley A,chemistry,0,,0
g21,Keshav Verma,Dougherty Valley A,energy,0,,0
g21,Keshav Verma,Dougherty Valley A,ess,1,,4
g21,Keshav Verma,Dougherty Valley A,math,0,,0
g21,Keshav Verma,Dougherty Valley A,physics,0,,0
g21,Jerry Sun,Irvington,overall,5,,20
g21,Jerry Sun,Irvington,biology,0,,0
g21,Jerry Sun,Irvington,chemistry,1,,4
g21,Jerry Sun,Irvington,energy,2,,8
g21,Jerry Sun,Irvington,ess,0,,0
g21,Jerry Sun,Irvington,math,0,,0
g21,Jerry Sun,Irvington,physics,2,,8
g21,Samyuktha Gopinath Lakshmi,Irvington,overall,1,,4
g21,Samyuktha Gopinath Lakshmi,Irvington,biology,1,,4
g21,Samyuktha Gopinath Lakshmi,Irvington,chemistry,0,,0
g21,Samyuktha Gopinath Lakshmi,Irvington,energy,0,,0
g21,Samyuktha Gopinath Lakshmi,Irvington,ess,0,,0
g21,Samyuktha Gopinath Lakshmi,Irvington,math,0,,0
g21,Samyuktha Gopinath Lakshmi,Irvington,physics,0,,0
g21,Roland Pratt,Irvington,overall,3,,12
g21,Roland Pratt,Irvington,biology,0,,0
g21,Roland Pratt,Irvington,chemistry,0,,0
g21,Roland Pratt,Irvington,energy,0,,0
g21,Roland Pratt,Irvington,ess,1,,4
g21,Roland Pratt,Irvington,math,2,,8
g21,Roland Pratt,Irvington,physics,0,,0
g21,Ishaan Agrawal,Irvington,overall,2,,8
g21,Ishaan Agrawal,Irvington,biology,0,,0
g21,Ishaan Agrawal,Irvington,chemistry,1,,4
g21,Ishaan Agrawal,Irvington,energy,0,,0
g21,Ishaan Agrawal,Irvington,ess,1,,4
g21,Ishaan Agrawal,Irvington,math,0,,0
g21,Ishaan Agrawal,Irvington,physics,0,,0
g9,Theenash Sengupta,Mission San Jose A,overall,3,,12
g9,Theenash Sengupta,Mission San Jose A,biology,2,,8
g9,Theenash Sengupta,Mission San Jose A,chemistry,1,,4
g9,Theenash Sengupta,Mission San Jose A,energy,0,,0
g9,Theenash Sengupta,Mission San Jose A,ess,0,,0
g9,Theenash Sengupta,Mission San Jose A,math,0,,0
g9,Theenash Sengupta,Mission San Jose A,physics,0,,0
g9,Advaith Mopuri,Mission San Jose A,overall,1,,4
g9,Advaith Mopuri,Mission San Jose A,biology,0,,0
g9,Advaith Mopuri,Mission San Jose A,chemistry,0,,0
g9,Advaith Mopuri,Mission San Jose A,energy,0,,0
g9,Advaith Mopuri,Mission San Jose A,ess,0,,0
g9,Advaith Mopuri,Mission San Jose A,math,0,,0
g9,Advaith Mopuri,Mission San Jose A,physics,1,,4
g9,Anish Agarwal,Mission San Jose A,overall,1,,4
g9,Anish Agarwal,Mission San Jose A,biology,0,,0
g9,Anish Agarwal,Mission San Jose A,chemistry,0,,0
g9,Anish Agarwal,Mission San Jose A,energy,1,,4
g9,Anish Agarwal,Mission San Jose A,ess,0,,0
g9,Anish Agarwal,Mission San Jose A,math,0,,0
g9,Anish Agarwal,Mission San Jose A,physics,0,,0
g9,Rutvik Arora,Mission San Jose A,overall,0,,0
g9,Rutvik Arora,Mission San Jose A,biology,0,,0
g9,Rutvik Arora,Mission San Jose A,chemistry,0,,0
g9,Rutvik Arora,Mission San Jose A,energy,0,,0
g9,Rutvik Arora,Mission San Jose A,ess,0,,0
g9,Rutvik Arora,Mission San Jose A,math,0,,0
g9,Rutvik Arora,Mission San Jose A,physics,0,,0
g9,Roshan Annamalai,Mission San Jose A,overall,7,,28
g9,Roshan Annamalai,Mission San Jose A,biology,0,,0
g9,Roshan Annamalai,Mission San Jose A,chemistry,2,,8
g9,Roshan Annamalai,Mission San Jose A,energy,1,,4
g9,Roshan Annamalai,Mission San Jose A,ess,4,,16
g9,Roshan Annamalai,Mission San Jose A,math,0,,0
g9,Roshan Annamalai,Mission San Jose A,physics,0,,0
g9,Larry Zhao,BASIS Silicon Valley,overall,1,,4
g9,Larry Zhao,BASIS Silicon Valley,biology,1,,4
g9,Larry Zhao,BASIS Silicon Valley,chemistry,0,,0
g9,Larry Zhao,BASIS Silicon Valley,energy,0,,0
g9,Larry Zhao,BASIS Silicon Valley,ess,0,,0
g9,Larry Zhao,BASIS Silicon Valley,math,0,,0
g9,Larry Zhao,BASIS Silicon Valley,physics,0,,0
g9,Lucas Quan,BASIS Silicon Valley,overall,3,,12
g9,Lucas Quan,BASIS Silicon Valley,biology,0,,0
g9,Lucas Quan,BASIS Silicon Valley,chemistry,1,,4
g9,Lucas Quan,BASIS Silicon Valley,energy,0,,0
g9,Lucas Quan,BASIS Silicon Valley,ess,0,,0
g9,Lucas Quan,BASIS Silicon Valley,math,0,,0
g9,Lucas Quan,BASIS Silicon Valley,physics,2,,8
g9,Kaka Zhang,BASIS Silicon Valley,overall,2,,8
g9,Kaka Zhang,BASIS Silicon Valley,biology,0,,0
g9,Kaka Zhang,BASIS Silicon Valley,chemistry,0,,0
g9,Kaka Zhang,BASIS Silicon Valley,energy,0,,0
g9,Kaka Zhang,BASIS Silicon Valley,ess,0,,0
g9,Kaka Zhang,BASIS Silicon Valley,math,2,,8
g9,Kaka Zhang,BASIS Silicon Valley,physics,0,,0
g9,Michelle Liu,BASIS Silicon Valley,overall,2,,8
g9,Michelle Liu,BASIS Silicon Valley,biology,1,,4
g9,Michelle Liu,BASIS Silicon Valley,chemistry,0,,0
g9,Michelle Liu,BASIS Silicon Valley,energy,1,,4
g9,Michelle Liu,BASIS Silicon Valley,ess,0,,0
g9,Michelle Liu,BASIS Silicon Valley,math,0,,0
g9,Michelle Liu,BASIS Silicon Valley,physics,0,,0
g2,Alex Bowen,Albany A,overall,3,,12
g2,Alex Bowen,Albany A,biology,0,,0
g2,Alex Bowen,Albany A,chemistry,0,,0
g2,Alex Bowen,Albany A,energy,0,,0
g2,Alex Bowen,Albany A,ess,2,,8
g2,Alex Bowen,Albany A,math,0,,0
g2,Alex Bowen,Albany A,physics,1,,4
g2,Mikayla Rai Feng,Albany A,overall,3,,12
g2,Mikayla Rai Feng,Albany A,biology,0,,0
g2,Mikayla Rai Feng,Albany A,chemistry,1,,4
g2,Mikayla Rai Feng,Albany A,energy,1,,4
g2,Mikayla Rai Feng,Albany A,ess,1,,4
g2,Mikayla Rai Feng,Albany A,math,0,,0
g2,Mikayla Rai Feng,Albany A,physics,0,,0
g2,Grace Ha,Albany A,overall,0,,0
g2,Grace Ha,Albany A,biology,0,,0
g2,Grace Ha,Albany A,chemistry,0,,0
g2,Grace Ha,Albany A,energy,0,,0
g2,Grace Ha,Albany A,ess,0,,0
g2,Grace Ha,Albany A,math,0,,0
g2,Grace Ha,Albany A,physics,0,,0
g2,Orin Tran Davidson,Albany A,overall,2,,8
g2,Orin Tran Davidson,Albany A,biology,0,,0
g2,Orin Tran Davidson,Albany A,chemistry,1,,4
g2,Orin Tran Davidson,Albany A,energy,0,,0
g2,Orin Tran Davidson,Albany A,ess,0,,0
g2,Orin Tran Davidson,Albany A,math,1,,4
g2,Orin Tran Davidson,Albany A,physics,0,,0
g2,Shubhi Jain,Cupertino B,overall,5,,20
g2,Shubhi Jain,Cupertino B,biology,3,,12
g2,Shubhi Jain,Cupertino B,chemistry,0,,0
g2,Shubhi Jain,Cupertino B,energy,0,,0
g2,Shubhi Jain,Cupertino B,ess,0,,0
g2,Shubhi Jain,Cupertino B,math,1,,4
g2,Shubhi Jain,Cupertino B,physics,1,,4
g2,Revathi Tanmayee Alipeta,Cupertino B,overall,0,,0
g2,Revathi Tanmayee Alipeta,Cupertino B,biology,0,,0
g2,Revathi Tanmayee Alipeta,Cupertino B,chemistry,0,,0
g2,Revathi Tanmayee Alipeta,Cupertino B,energy,0,,0
g2,Revathi Tanmayee Alipeta,Cupertino B,ess,0,,0
g2,Revathi Tanmayee Alipeta,Cupertino B,math,0,,0
g2,Revathi Tanmayee Alipeta,Cupertino B,physics,0,,0
g2,Jaanya Annapureddy,Cupertino B,overall,0,,0
g2,Jaanya Annapureddy,Cupertino B,biology,0,,0
g2,Jaanya Annapureddy,Cupertino B,chemistry,0,,0
g2,Jaanya Annapureddy,Cupertino B,energy,0,,0
g2,Jaanya Annapureddy,Cupertino B,ess,0,,0
g2,Jaanya Annapureddy,Cupertino B,math,0,,0
g2,Jaanya Annapureddy,Cupertino B,physics,0,,0
g2,Danica Au,Cupertino B,overall,1,,4
g2,Danica Au,Cupertino B,biology,0,,0
g2,Danica Au,Cupertino B,chemistry,1,,4
g2,Danica Au,Cupertino B,energy,0,,0
g2,Danica Au,Cupertino B,ess,0,,0
g2,Danica Au,Cupertino B,math,0,,0
g2,Danica Au,Cupertino B,physics,0,,0
g2,Iurii Kirpichev,Cupertino B,overall,1,,4
g2,Iurii Kirpichev,Cupertino B,biology,0,,0
g2,Iurii Kirpichev,Cupertino B,chemistry,0,,0
g2,Iurii Kirpichev,Cupertino B,energy,0,,0
g2,Iurii Kirpichev,Cupertino B,ess,0,,0
g2,Iurii Kirpichev,Cupertino B,math,0,,0
g2,Iurii Kirpichev,Cupertino B,physics,1,,4
g46,Vihaan Tigadikar,California A,overall,1,,4
g46,Vihaan Tigadikar,California A,biology,0,,0
g46,Vihaan Tigadikar,California A,chemistry,1,,4
g46,Vihaan Tigadikar,California A,energy,0,,0
g46,Vihaan Tigadikar,California A,ess,0,,0
g46,Vihaan Tigadikar,California A,math,0,,0
g46,Vihaan Tigadikar,California A,physics,0,,0
g46,Lucas Chi,California A,overall,2,,8
g46,Lucas Chi,California A,biology,1,,4
g46,Lucas Chi,California A,chemistry,0,,0
g46,Lucas Chi,California A,energy,1,,4
g46,Lucas Chi,California A,ess,0,,0
g46,Lucas Chi,California A,math,0,,0
g46,Lucas Chi,California A,physics,0,,0
g46,Omkar Mahesh,California A,overall,0,,0
g46,Omkar Mahesh,California A,biology,0,,0
g46,Omkar Mahesh,California A,chemistry,0,,0
g46,Omkar Mahesh,California A,energy,0,,0
g46,Omkar Mahesh,California A,ess,0,,0
g46,Omkar Mahesh,California A,math,0,,0
g46,Omkar Mahesh,California A,physics,0,,0
g46,Rebecca Yin,California A,overall,0,,0
g46,Rebecca Yin,California A,biology,0,,0
g46,Rebecca Yin,California A,chemistry,0,,0
g46,Rebecca Yin,California A,energy,0,,0
g46,Rebecca Yin,California A,ess,0,,0
g46,Rebecca Yin,California A,math,0,,0
g46,Rebecca Yin,California A,physics,0,,0
g46,Yajur Chandar,Davidson A,overall,1,,4
g46,Yajur Chandar,Davidson A,biology,1,,4
g46,Yajur Chandar,Davidson A,chemistry,0,,0
g46,Yajur Chandar,Davidson A,energy,0,,0
g46,Yajur Chandar,Davidson A,ess,0,,0
g46,Yajur Chandar,Davidson A,math,0,,0
g46,Yajur Chandar,Davidson A,physics,0,,0
g46,Julian Kuang,Davidson A,overall,1,,4
g46,Julian Kuang,Davidson A,biology,0,,0
g46,Julian Kuang,Davidson A,chemistry,0,,0
g46,Julian Kuang,Davidson A,energy,0,,0
g46,Julian Kuang,Davidson A,ess,0,,0
g46,Julian Kuang,Davidson A,math,1,,4
g46,Julian Kuang,Davidson A,physics,0,,0
g46,Alexander Weaver,Davidson A,overall,4,,16
g46,Alexander Weaver,Davidson A,biology,0,,0
g46,Alexander Weaver,Davidson A,chemistry,0,,0
g46,Alexander Weaver,Davidson A,energy,2,,8
g46,Alexander Weaver,Davidson A,ess,2,,8
g46,Alexander Weaver,Davidson A,math,0,,0
g46,Alexander Weaver,Davidson A,physics,0,,0
g46,Lucas Wu,Davidson A,overall,8,,32
g46,Lucas Wu,Davidson A,biology,0,,0
g46,Lucas Wu,Davidson A,chemistry,3,,12
g46,Lucas Wu,Davidson A,energy,0,,0
g46,Lucas Wu,Davidson A,ess,1,,4
g46,Lucas Wu,Davidson A,math,1,,4
g46,Lucas Wu,Davidson A,physics,3,,12
g46,Filip Ramazan,Davidson A,overall,1,,4
g46,Filip Ramazan,Davidson A,biology,1,,4
g46,Filip Ramazan,Davidson A,chemistry,0,,0
g46,Filip Ramazan,Davidson A,energy,0,,0
g46,Filip Ramazan,Davidson A,ess,0,,0
g46,Filip Ramazan,Davidson A,math,0,,0
g46,Filip Ramazan,Davidson A,physics,0,,0
g38,Isaiah Sit,Lynbrook B,overall,2,,8
g38,Isaiah Sit,Lynbrook B,biology,1,,4
g38,Isaiah Sit,Lynbrook B,chemistry,0,,0
g38,Isaiah Sit,Lynbrook B,energy,0,,0
g38,Isaiah Sit,Lynbrook B,ess,1,,4
g38,Isaiah Sit,Lynbrook B,math,0,,0
g38,Isaiah Sit,Lynbrook B,physics,0,,0
g38,Matthew Yuan,Lynbrook B,overall,3,,12
g38,Matthew Yuan,Lynbrook B,biology,0,,0
g38,Matthew Yuan,Lynbrook B,chemistry,0,,0
g38,Matthew Yuan,Lynbrook B,energy,0,,0
g38,Matthew Yuan,Lynbrook B,ess,1,,4
g38,Matthew Yuan,Lynbrook B,math,1,,4
g38,Matthew Yuan,Lynbrook B,physics,1,,4
g38,Siwen Luo,Lynbrook B,overall,2,,8
g38,Siwen Luo,Lynbrook B,biology,0,,0
g38,Siwen Luo,Lynbrook B,chemistry,1,,4
g38,Siwen Luo,Lynbrook B,energy,0,,0
g38,Siwen Luo,Lynbrook B,ess,0,,0
g38,Siwen Luo,Lynbrook B,math,0,,0
g38,Siwen Luo,Lynbrook B,physics,1,,4
g38,Harold Wang,Lynbrook B,overall,2,,8
g38,Harold Wang,Lynbrook B,biology,2,,8
g38,Harold Wang,Lynbrook B,chemistry,0,,0
g38,Harold Wang,Lynbrook B,energy,0,,0
g38,Harold Wang,Lynbrook B,ess,0,,0
g38,Harold Wang,Lynbrook B,math,0,,0
g38,Harold Wang,Lynbrook B,physics,0,,0
g38,Samarth Jain,AVHS,overall,1,,4
g38,Samarth Jain,AVHS,biology,0,,0
g38,Samarth Jain,AVHS,chemistry,0,,0
g38,Samarth Jain,AVHS,energy,0,,0
g38,Samarth Jain,AVHS,ess,1,,4
g38,Samarth Jain,AVHS,math,0,,0
g38,Samarth Jain,AVHS,physics,0,,0
g38,Gaurav Gupta,AVHS,overall,12,,48
g38,Gaurav Gupta,AVHS,biology,0,,0
g38,Gaurav Gupta,AVHS,chemistry,3,,12
g38,Gaurav Gupta,AVHS,energy,3,,12
g38,Gaurav Gupta,AVHS,ess,1,,4
g38,Gaurav Gupta,AVHS,math,3,,12
g38,Gaurav Gupta,AVHS,physics,2,,8
g38,Ritwik Aeka,AVHS,overall,1,,4
g38,Ritwik Aeka,AVHS,biology,1,,4
g38,Ritwik Aeka,AVHS,chemistry,0,,0
g38,Ritwik Aeka,AVHS,energy,0,,0
g38,Ritwik Aeka,AVHS,ess,0,,0
g38,Ritwik Aeka,AVHS,math,0,,0
g38,Ritwik Aeka,AVHS,physics,0,,0
g29,Evan Liu,Lynbrook A,overall,2,,8
g29,Evan Liu,Lynbrook A,biology,0,,0
g29,Evan Liu,Lynbrook A,chemistry,1,,4
g29,Evan Liu,Lynbrook A,energy,1,,4
g29,Evan Liu,Lynbrook A,ess,0,,0
g29,Evan Liu,Lynbrook A,math,0,,0
g29,Evan Liu,Lynbrook A,physics,0,,0
g29,Sohil Rathi,Lynbrook A,overall,5,,20
g29,Sohil Rathi,Lynbrook A,biology,0,,0
g29,Sohil Rathi,Lynbrook A,chemistry,0,,0
g29,Sohil Rathi,Lynbrook A,energy,1,,4
g29,Sohil Rathi,Lynbrook A,ess,0,,0
g29,Sohil Rathi,Lynbrook A,math,1,,4
g29,Sohil Rathi,Lynbrook A,physics,3,,12
g29,Jianyu Wang,Lynbrook A,overall,4,,16
g29,Jianyu Wang,Lynbrook A,biology,0,,0
g29,Jianyu Wang,Lynbrook A,chemistry,2,,8
g29,Jianyu Wang,Lynbrook A,energy,0,,0
g29,Jianyu Wang,Lynbrook A,ess,1,,4
g29,Jianyu Wang,Lynbrook A,math,0,,0
g29,Jianyu Wang,Lynbrook A,physics,1,,4
g29,Selena Yang,Lynbrook A,overall,3,,12
g29,Selena Yang,Lynbrook A,biology,3,,12
g29,Selena Yang,Lynbrook A,chemistry,0,,0
g29,Selena Yang,Lynbrook A,energy,0,,0
g29,Selena Yang,Lynbrook A,ess,0,,0
g29,Selena Yang,Lynbrook A,math,0,,0
g29,Selena Yang,Lynbrook A,physics,0,,0
g29,Quinn Gifford,Saratoga,overall,2,,8
g29,Quinn Gifford,Saratoga,biology,0,,0
g29,Quinn Gifford,Saratoga,chemistry,0,,0
g29,Quinn Gifford,Saratoga,energy,0,,0
g29,Quinn Gifford,Saratoga,ess,0,,0
g29,Quinn Gifford,Saratoga,math,2,,8
g29,Quinn Gifford,Saratoga,physics,0,,0
g29,Max Rombakh,Saratoga,overall,2,,8
g29,Max Rombakh,Saratoga,biology,0,,0
g29,Max Rombakh,Saratoga,chemistry,1,,4
g29,Max Rombakh,Saratoga,energy,0,,0
g29,Max Rombakh,Saratoga,ess,1,,4
g29,Max Rombakh,Saratoga,math,0,,0
g29,Max Rombakh,Saratoga,physics,0,,0
g29,Alex Ge,Saratoga,overall,1,,4
g29,Alex Ge,Saratoga,biology,0,,0
g29,Alex Ge,Saratoga,chemistry,0,,0
g29,Alex Ge,Saratoga,energy,0,,0
g29,Alex Ge,Saratoga,ess,1,,4
g29,Alex Ge,Saratoga,math,0,,0
g29,Alex Ge,Saratoga,physics,0,,0
g29,Ethan Pan,Saratoga,overall,3,,12
g29,Ethan Pan,Saratoga,biology,1,,4
g29,Ethan Pan,Saratoga,chemistry,0,,0
g29,Ethan Pan,Saratoga,energy,1,,4
g29,Ethan Pan,Saratoga,ess,1,,4
g29,Ethan Pan,Saratoga,math,0,,0
g29,Ethan Pan,Saratoga,physics,0,,0
g26,Brandon Louie,Quarry Lane B,overall,1,,4
g26,Brandon Louie,Quarry Lane B,biology,0,,0
g26,Brandon Louie,Quarry Lane B,chemistry,1,,4
g26,Brandon Louie,Quarry Lane B,energy,0,,0
g26,Brandon Louie,Quarry Lane B,ess,0,,0
g26,Brandon Louie,Quarry Lane B,math,0,,0
g26,Brandon Louie,Quarry Lane B,physics,0,,0
g26,Dhruv Subramanian,Quarry Lane B,overall,0,,0
g26,Dhruv Subramanian,Quarry Lane B,biology,0,,0
g26,Dhruv Subramanian,Quarry Lane B,chemistry,0,,0
g26,Dhruv Subramanian,Quarry Lane B,energy,0,,0
g26,Dhruv Subramanian,Quarry Lane B,ess,0,,0
g26,Dhruv Subramanian,Quarry Lane B,math,0,,0
g26,Dhruv Subramanian,Quarry Lane B,physics,0,,0
g26,Tia Parekh,Quarry Lane B,overall,1,,4
g26,Tia Parekh,Quarry Lane B,biology,1,,4
g26,Tia Parekh,Quarry Lane B,chemistry,0,,0
g26,Tia Parekh,Quarry Lane B,energy,0,,0
g26,Tia Parekh,Quarry Lane B,ess,0,,0
g26,Tia Parekh,Quarry Lane B,math,0,,0
g26,Tia Parekh,Quarry Lane B,physics,0,,0
g26,Shlok Acharya,Quarry Lane B,overall,0,,0
g26,Shlok Acharya,Quarry Lane B,biology,0,,0
g26,Shlok Acharya,Quarry Lane B,chemistry,0,,0
g26,Shlok Acharya,Quarry Lane B,energy,0,,0
g26,Shlok Acharya,Quarry Lane B,ess,0,,0
g26,Shlok Acharya,Quarry Lane B,math,0,,0
g26,Shlok Acharya,Quarry Lane B,physics,0,,0
g26,Aryan Kumar,Quarry Lane B,overall,0,,0
g26,Aryan Kumar,Quarry Lane B,biology,0,,0
g26,Aryan Kumar,Quarry Lane B,chemistry,0,,0
g26,Aryan Kumar,Quarry Lane B,energy,0,,0
g26,Aryan Kumar,Quarry Lane B,ess,0,,0
g26,Aryan Kumar,Quarry Lane B,math,0,,0
g26,Aryan Kumar,Quarry Lane B,physics,0,,0
g26,Jerry Sun,Irvington,overall,13,,52
g26,Jerry Sun,Irvington,biology,2,,8
g26,Jerry Sun,Irvington,chemistry,3,,12
g26,Jerry Sun,Irvington,energy,2,,8
g26,Jerry Sun,Irvington,ess,0,,0
g26,Jerry Sun,Irvington,math,2,,8
g26,Jerry Sun,Irvington,physics,4,,16
g26,Samyuktha Gopinath Lakshmi,Irvington,overall,0,,0
g26,Samyuktha Gopinath Lakshmi,Irvington,biology,0,,0
g26,Samyuktha Gopinath Lakshmi,Irvington,chemistry,0,,0
g26,Samyuktha Gopinath Lakshmi,Irvington,energy,0,,0
g26,Samyuktha Gopinath Lakshmi,Irvington,ess,0,,0
g26,Samyuktha Gopinath Lakshmi,Irvington,math,0,,0
g26,Samyuktha Gopinath Lakshmi,Irvington,physics,0,,0
g26,Roland Pratt,Irvington,overall,2,,8
g26,Roland Pratt,Irvington,biology,0,,0
g26,Roland Pratt,Irvington,chemistry,0,,0
g26,Roland Pratt,Irvington,energy,0,,0
g26,Roland Pratt,Irvington,ess,2,,8
g26,Roland Pratt,Irvington,math,0,,0
g26,Roland Pratt,Irvington,physics,0,,0
g26,Ishaan Agrawal,Irvington,overall,0,,0
g26,Ishaan Agrawal,Irvington,biology,0,,0
g26,Ishaan Agrawal,Irvington,chemistry,0,,0
g26,Ishaan Agrawal,Irvington,energy,0,,0
g26,Ishaan Agrawal,Irvington,ess,0,,0
g26,Ishaan Agrawal,Irvington,math,0,,0
g26,Ishaan Agrawal,Irvington,physics,0,,0
g15,Theenash Sengupta,Mission San Jose A,overall,5,,20
g15,Theenash Sengupta,Mission San Jose A,biology,3,,12
g15,Theenash Sengupta,Mission San Jose A,chemistry,1,,4
g15,Theenash Sengupta,Mission San Jose A,energy,0,,0
g15,Theenash Sengupta,Mission San Jose A,ess,0,,0
g15,Theenash Sengupta,Mission San Jose A,math,0,,0
g15,Theenash Sengupta,Mission San Jose A,physics,1,,4
g15,Advaith Mopuri,Mission San Jose A,overall,2,,8
g15,Advaith Mopuri,Mission San Jose A,biology,0,,0
g15,Advaith Mopuri,Mission San Jose A,chemistry,0,,0
g15,Advaith Mopuri,Mission San Jose A,energy,0,,0
g15,Advaith Mopuri,Mission San Jose A,ess,0,,0
g15,Advaith Mopuri,Mission San Jose A,math,2,,8
g15,Advaith Mopuri,Mission San Jose A,physics,0,,0
g15,Anish Agarwal,Mission San Jose A,overall,0,,0
g15,Anish Agarwal,Mission San Jose A,biology,0,,0
g15,Anish Agarwal,Mission San Jose A,chemistry,0,,0
g15,Anish Agarwal,Mission San Jose A,energy,0,,0
g15,Anish Agarwal,Mission San Jose A,ess,0,,0
g15,Anish Agarwal,Mission San Jose A,math,0,,0
g15,Anish Agarwal,Mission San Jose A,physics,0,,0
g15,Rutvik Arora,Mission San Jose A,overall,1,,4
g15,Rutvik Arora,Mission San Jose A,biology,0,,0
g15,Rutvik Arora,Mission San Jose A,chemistry,0,,0
g15,Rutvik Arora,Mission San Jose A,energy,0,,0
g15,Rutvik Arora,Mission San Jose A,ess,1,,4
g15,Rutvik Arora,Mission San Jose A,math,0,,0
g15,Rutvik Arora,Mission San Jose A,physics,0,,0
g15,Roshan Annamalai,Mission San Jose A,overall,5,,20
g15,Roshan Annamalai,Mission San Jose A,biology,0,,0
g15,Roshan Annamalai,Mission San Jose A,chemistry,2,,8
g15,Roshan Annamalai,Mission San Jose A,energy,0,,0
g15,Roshan Annamalai,Mission San Jose A,ess,2,,8
g15,Roshan Annamalai,Mission San Jose A,math,1,,4
g15,Roshan Annamalai,Mission San Jose A,physics,0,,0
g15,Luthfa Zaceria,Logan,overall,0,,0
g15,Luthfa Zaceria,Logan,biology,0,,0
g15,Luthfa Zaceria,Logan,chemistry,0,,0
g15,Luthfa Zaceria,Logan,energy,0,,0
g15,Luthfa Zaceria,Logan,ess,0,,0
g15,Luthfa Zaceria,Logan,math,0,,0
g15,Luthfa Zaceria,Logan,physics,0,,0
g15,Sreenidhi Maddineedi,Logan,overall,1,,4
g15,Sreenidhi Maddineedi,Logan,biology,0,,0
g15,Sreenidhi Maddineedi,Logan,chemistry,0,,0
g15,Sreenidhi Maddineedi,Logan,energy,0,,0
g15,Sreenidhi Maddineedi,Logan,ess,0,,0
g15,Sreenidhi Maddineedi,Logan,math,0,,0
g15,Sreenidhi Maddineedi,Logan,physics,1,,4
g15,Jannah Noorzad,Logan,overall,0,,0
g15,Jannah Noorzad,Logan,biology,0,,0
g15,Jannah Noorzad,Logan,chemistry,0,,0
g15,Jannah Noorzad,Logan,energy,0,,0
g15,Jannah Noorzad,Logan,ess,0,,0
g15,Jannah Noorzad,Logan,math,0,,0
g15,Jannah Noorzad,Logan,physics,0,,0
g15,Elyanna Kwok,Logan,overall,1,,4
g15,Elyanna Kwok,Logan,biology,0,,0
g15,Elyanna Kwok,Logan,chemistry,0,,0
g15,Elyanna Kwok,Logan,energy,0,,0
g15,Elyanna Kwok,Logan,ess,0,,0
g15,Elyanna Kwok,Logan,math,0,,0
g15,Elyanna Kwok,Logan,physics,1,,4
g57,Sharanya Mahanta,San Mateo,overall,1,,4
g57,Sharanya Mahanta,San Mateo,biology,1,,4
g57,Sharanya Mahanta,San Mateo,chemistry,0,,0
g57,Sharanya Mahanta,San Mateo,energy,0,,0
g57,Sharanya Mahanta,San Mateo,ess,0,,0
g57,Sharanya Mahanta,San Mateo,math,0,,0
g57,Sharanya Mahanta,San Mateo,physics,0,,0
g57,Natalie Dias,San Mateo,overall,0,,0
g57,Natalie Dias,San Mateo,biology,0,,0
g57,Natalie Dias,San Mateo,chemistry,0,,0
g57,Natalie Dias,San Mateo,energy,0,,0
g57,Natalie Dias,San Mateo,ess,0,,0
g57,Natalie Dias,San Mateo,math,0,,0
g57,Natalie Dias,San Mateo,physics,0,,0
g57,Gabriela Sapugay,San Mateo,overall,0,,0
g57,Gabriela Sapugay,San Mateo,biology,0,,0
g57,Gabriela Sapugay,San Mateo,chemistry,0,,0
g57,Gabriela Sapugay,San Mateo,energy,0,,0
g57,Gabriela Sapugay,San Mateo,ess,0,,0
g57,Gabriela Sapugay,San Mateo,math,0,,0
g57,Gabriela Sapugay,San Mateo,physics,0,,0
g57,Vivian Shi,San Mateo,overall,0,,0
g57,Vivian Shi,San Mateo,biology,0,,0
g57,Vivian Shi,San Mateo,chemistry,0,,0
g57,Vivian Shi,San Mateo,energy,0,,0
g57,Vivian Shi,San Mateo,ess,0,,0
g57,Vivian Shi,San Mateo,math,0,,0
g57,Vivian Shi,San Mateo,physics,0,,0
g57,Hongkang Zhao,Harker,overall,1,,4
g57,Hongkang Zhao,Harker,biology,0,,0
g57,Hongkang Zhao,Harker,chemistry,0,,0
g57,Hongkang Zhao,Harker,energy,0,,0
g57,Hongkang Zhao,Harker,ess,0,,0
g57,Hongkang Zhao,Harker,math,0,,0
g57,Hongkang Zhao,Harker,physics,1,,4
g57,Eric Dong,Harker,overall,1,,4
g57,Eric Dong,Harker,biology,0,,0
g57,Eric Dong,Harker,chemistry,0,,0
g57,Eric Dong,Harker,energy,0,,0
g57,Eric Dong,Harker,ess,1,,4
g57,Eric Dong,Harker,math,0,,0
g57,Eric Dong,Harker,physics,0,,0
g57,Danielle Steinbach,Harker,overall,4,,16
g57,Danielle Steinbach,Harker,biology,2,,8
g57,Danielle Steinbach,Harker,chemistry,1,,4
g57,Danielle Steinbach,Harker,energy,1,,4
g57,Danielle Steinbach,Harker,ess,0,,0
g57,Danielle Steinbach,Harker,math,0,,0
g57,Danielle Steinbach,Harker,physics,0,,0
g57,Anika Rajaram,Harker,overall,4,,16
g57,Anika Rajaram,Harker,biology,0,,0
g57,Anika Rajaram,Harker,chemistry,2,,8
g57,Anika Rajaram,Harker,energy,0,,0
g57,Anika Rajaram,Harker,ess,0,,0
g57,Anika Rajaram,Harker,math,1,,4
g57,Anika Rajaram,Harker,physics,1,,4
g57,Aiden Lei,Harker,overall,3,,12
g57,Aiden Lei,Harker,biology,0,,0
g57,Aiden Lei,Harker,chemistry,1,,4
g57,Aiden Lei,Harker,energy,2,,8
g57,Aiden Lei,Harker,ess,0,,0
g57,Aiden Lei,Harker,math,0,,0
g57,Aiden Lei,Harker,physics,0,,0
g40,Cassie Wei,Los Gatos,overall,0,,0
g40,Cassie Wei,Los Gatos,biology,0,,0
g40,Cassie Wei,Los Gatos,chemistry,0,,0
g40,Cassie Wei,Los Gatos,energy,0,,0
g40,Cassie Wei,Los Gatos,ess,0,,0
g40,Cassie Wei,Los Gatos,math,0,,0
g40,Cassie Wei,Los Gatos,physics,0,,0
g40,Kiara Zhou,Los Gatos,overall,1,,4
g40,Kiara Zhou,Los Gatos,biology,0,,0
g40,Kiara Zhou,Los Gatos,chemistry,0,,0
g40,Kiara Zhou,Los Gatos,energy,0,,0
g40,Kiara Zhou,Los Gatos,ess,0,,0
g40,Kiara Zhou,Los Gatos,math,0,,0
g40,Kiara Zhou,Los Gatos,physics,1,,4
g40,Eric Wang,Los Gatos,overall,4,,16
g40,Eric Wang,Los Gatos,biology,0,,0
g40,Eric Wang,Los Gatos,chemistry,3,,12
g40,Eric Wang,Los Gatos,energy,1,,4
g40,Eric Wang,Los Gatos,ess,0,,0
g40,Eric Wang,Los Gatos,math,0,,0
g40,Eric Wang,Los Gatos,physics,0,,0
g40,Alena Narkaitis,Los Gatos,overall,1,,4
g40,Alena Narkaitis,Los Gatos,biology,0,,0
g40,Alena Narkaitis,Los Gatos,chemistry,0,,0
g40,Alena Narkaitis,Los Gatos,energy,0,,0
g40,Alena Narkaitis,Los Gatos,ess,1,,4
g40,Alena Narkaitis,Los Gatos,math,0,,0
g40,Alena Narkaitis,Los Gatos,physics,0,,0
g40,Sahil Deshmukh,Foothill B,overall,7,,28
g40,Sahil Deshmukh,Foothill B,biology,2,,8
g40,Sahil Deshmukh,Foothill B,chemistry,0,,0
g40,Sahil Deshmukh,Foothill B,energy,2,,8
g40,Sahil Deshmukh,Foothill B,ess,0,,0
g40,Sahil Deshmukh,Foothill B,math,2,,8
g40,Sahil Deshmukh,Foothill B,physics,1,,4
g40,Harini Penumuchu,Foothill B,overall,1,,4
g40,Harini Penumuchu,Foothill B,biology,0,,0
g40,Harini Penumuchu,Foothill B,chemistry,1,,4
g40,Harini Penumuchu,Foothill B,energy,0,,0
g40,Harini Penumuchu,Foothill B,ess,0,,0
g40,Harini Penumuchu,Foothill B,math,0,,0
g40,Harini Penumuchu,Foothill B,physics,0,,0
g40,Aahana Biswal,Foothill B,overall,0,,0
g40,Aahana Biswal,Foothill B,biology,0,,0
g40,Aahana Biswal,Foothill B,chemistry,0,,0
g40,Aahana Biswal,Foothill B,energy,0,,0
g40,Aahana Biswal,Foothill B,ess,0,,0
g40,Aahana Biswal,Foothill B,math,0,,0
g40,Aahana Biswal,Foothill B,physics,0,,0
g40,Shivani Swaminathan,Foothill B,overall,0,,0
g40,Shivani Swaminathan,Foothill B,biology,0,,0
g40,Shivani Swaminathan,Foothill B,chemistry,0,,0
g40,Shivani Swaminathan,Foothill B,energy,0,,0
g40,Shivani Swaminathan,Foothill B,ess,0,,0
g40,Shivani Swaminathan,Foothill B,math,0,,0
g40,Shivani Swaminathan,Foothill B,physics,0,,0
g34,Zayan Islam,A-Tech A,overall,0,,0
g34,Zayan Islam,A-Tech A,biology,0,,0
g34,Zayan Islam,A-Tech A,chemistry,0,,0
g34,Zayan Islam,A-Tech A,energy,0,,0
g34,Zayan Islam,A-Tech A,ess,0,,0
g34,Zayan Islam,A-Tech A,math,0,,0
g34,Zayan Islam,A-Tech A,physics,0,,0
g34,Carlo Allietti,A-Tech A,overall,4,,16
g34,Carlo Allietti,A-Tech A,biology,1,,4
g34,Carlo Allietti,A-Tech A,chemistry,0,,0
g34,Carlo Allietti,A-Tech A,energy,2,,8
g34,Carlo Allietti,A-Tech A,ess,0,,0
g34,Carlo Allietti,A-Tech A,math,0,,0
g34,Carlo Allietti,A-Tech A,physics,1,,4
g34,Noah Lee,A-Tech A,overall,1,,4
g34,Noah Lee,A-Tech A,biology,0,,0
g34,Noah Lee,A-Tech A,chemistry,1,,4
g34,Noah Lee,A-Tech A,energy,0,,0
g34,Noah Lee,A-Tech A,ess,0,,0
g34,Noah Lee,A-Tech A,math,0,,0
g34,Noah Lee,A-Tech A,physics,0,,0
g34,Jose Hernandez,A-Tech A,overall,1,,4
g34,Jose Hernandez,A-Tech A,biology,0,,0
g34,Jose Hernandez,A-Tech A,chemistry,0,,0
g34,Jose Hernandez,A-Tech A,energy,0,,0
g34,Jose Hernandez,A-Tech A,ess,0,,0
g34,Jose Hernandez,A-Tech A,math,1,,4
g34,Jose Hernandez,A-Tech A,physics,0,,0
g34,Isaiah Sit,Lynbrook B,overall,3,,12
g34,Isaiah Sit,Lynbrook B,biology,2,,8
g34,Isaiah Sit,Lynbrook B,chemistry,0,,0
g34,Isaiah Sit,Lynbrook B,energy,0,,0
g34,Isaiah Sit,Lynbrook B,ess,1,,4
g34,Isaiah Sit,Lynbrook B,math,0,,0
g34,Isaiah Sit,Lynbrook B,physics,0,,0
g34,Matthew Yuan,Lynbrook B,overall,4,,16
g34,Matthew Yuan,Lynbrook B,biology,0,,0
g34,Matthew Yuan,Lynbrook B,chemistry,2,,8
g34,Matthew Yuan,Lynbrook B,energy,0,,0
g34,Matthew Yuan,Lynbrook B,ess,0,,0
g34,Matthew Yuan,Lynbrook B,math,1,,4
g34,Matthew Yuan,Lynbrook B,physics,1,,4
g34,Siwen Luo,Lynbrook B,overall,2,,8
g34,Siwen Luo,Lynbrook B,biology,0,,0
g34,Siwen Luo,Lynbrook B,chemistry,1,,4
g34,Siwen Luo,Lynbrook B,energy,1,,4
g34,Siwen Luo,Lynbrook B,ess,0,,0
g34,Siwen Luo,Lynbrook B,math,0,,0
g34,Siwen Luo,Lynbrook B,physics,0,,0
g34,Harold Wang,Lynbrook B,overall,1,,4
g34,Harold Wang,Lynbrook B,biology,1,,4
g34,Harold Wang,Lynbrook B,chemistry,0,,0
g34,Harold Wang,Lynbrook B,energy,0,,0
g34,Harold Wang,Lynbrook B,ess,0,,0
g34,Harold Wang,Lynbrook B,math,0,,0
g34,Harold Wang,Lynbrook B,physics,0,,0
g24,Adhrit Balaji,Dougherty Valley A,overall,0,,0
g24,Adhrit Balaji,Dougherty Valley A,biology,0,,0
g24,Adhrit Balaji,Dougherty Valley A,chemistry,0,,0
g24,Adhrit Balaji,Dougherty Valley A,energy,0,,0
g24,Adhrit Balaji,Dougherty Valley A,ess,0,,0
g24,Adhrit Balaji,Dougherty Valley A,math,0,,0
g24,Adhrit Balaji,Dougherty Valley A,physics,0,,0
g24,Jasper Zhao,Dougherty Valley A,overall,1,,4
g24,Jasper Zhao,Dougherty Valley A,biology,0,,0
g24,Jasper Zhao,Dougherty Valley A,chemistry,0,,0
g24,Jasper Zhao,Dougherty Valley A,energy,0,,0
g24,Jasper Zhao,Dougherty Valley A,ess,0,,0
g24,Jasper Zhao,Dougherty Valley A,math,1,,4
g24,Jasper Zhao,Dougherty Valley A,physics,0,,0
g24,Akshaj Challa,Dougherty Valley A,overall,1,,4
g24,Akshaj Challa,Dougherty Valley A,biology,0,,0
g24,Akshaj Challa,Dougherty Valley A,chemistry,0,,0
g24,Akshaj Challa,Dougherty Valley A,energy,0,,0
g24,Akshaj Challa,Dougherty Valley A,ess,0,,0
g24,Akshaj Challa,Dougherty Valley A,math,0,,0
g24,Akshaj Challa,Dougherty Valley A,physics,1,,4
g24,Soham Chatterjee,Dougherty Valley A,overall,3,,12
g24,Soham Chatterjee,Dougherty Valley A,biology,2,,8
g24,Soham Chatterjee,Dougherty Valley A,chemistry,0,,0
g24,Soham Chatterjee,Dougherty Valley A,energy,1,,4
g24,Soham Chatterjee,Dougherty Valley A,ess,0,,0
g24,Soham Chatterjee,Dougherty Valley A,math,0,,0
g24,Soham Chatterjee,Dougherty Valley A,physics,0,,0
g24,Keshav Verma,Dougherty Valley A,overall,3,,12
g24,Keshav Verma,Dougherty Valley A,biology,0,,0
g24,Keshav Verma,Dougherty Valley A,chemistry,0,,0
g24,Keshav Verma,Dougherty Valley A,energy,1,,4
g24,Keshav Verma,Dougherty Valley A,ess,1,,4
g24,Keshav Verma,Dougherty Valley A,math,0,,0
g24,Keshav Verma,Dougherty Valley A,physics,1,,4
g24,Quinn Gifford,Saratoga,overall,4,,16
g24,Quinn Gifford,Saratoga,biology,0,,0
g24,Quinn Gifford,Saratoga,chemistry,2,,8
g24,Quinn Gifford,Saratoga,energy,0,,0
g24,Quinn Gifford,Saratoga,ess,0,,0
g24,Quinn Gifford,Saratoga,math,2,,8
g24,Quinn Gifford,Saratoga,physics,0,,0
g24,Max Rombakh,Saratoga,overall,4,,16
g24,Max Rombakh,Saratoga,biology,0,,0
g24,Max Rombakh,Saratoga,chemistry,0,,0
g24,Max Rombakh,Saratoga,energy,0,,0
g24,Max Rombakh,Saratoga,ess,2,,8
g24,Max Rombakh,Saratoga,math,0,,0
g24,Max Rombakh,Saratoga,physics,2,,8
g24,Arjun Krish,Saratoga,overall,0,,0
g24,Arjun Krish,Saratoga,biology,0,,0
g24,Arjun Krish,Saratoga,chemistry,0,,0
g24,Arjun Krish,Saratoga,energy,0,,0
g24,Arjun Krish,Saratoga,ess,0,,0
g24,Arjun Krish,Saratoga,math,0,,0
g24,Arjun Krish,Saratoga,physics,0,,0
g24,Ethan Pan,Saratoga,overall,1,,4
g24,Ethan Pan,Saratoga,biology,1,,4
g24,Ethan Pan,Saratoga,chemistry,0,,0
g24,Ethan Pan,Saratoga,energy,0,,0
g24,Ethan Pan,Saratoga,ess,0,,0
g24,Ethan Pan,Saratoga,math,0,,0
g24,Ethan Pan,Saratoga,physics,0,,0
g24,Alex Ge,Saratoga,overall,3,,12
g24,Alex Ge,Saratoga,biology,1,,4
g24,Alex Ge,Saratoga,chemistry,2,,8
g24,Alex Ge,Saratoga,energy,0,,0
g24,Alex Ge,Saratoga,ess,0,,0
g24,Alex Ge,Saratoga,math,0,,0
g24,Alex Ge,Saratoga,physics,0,,0
g7,Kaison Fong,Davidson B,overall,0,,0
g7,Kaison Fong,Davidson B,biology,0,,0
g7,Kaison Fong,Davidson B,chemistry,0,,0
g7,Kaison Fong,Davidson B,energy,0,,0
g7,Kaison Fong,Davidson B,ess,0,,0
g7,Kaison Fong,Davidson B,math,0,,0
g7,Kaison Fong,Davidson B,physics,0,,0
g7,Ethan Chan,Davidson B,overall,3,,12
g7,Ethan Chan,Davidson B,biology,1,,4
g7,Ethan Chan,Davidson B,chemistry,0,,0
g7,Ethan Chan,Davidson B,energy,0,,0
g7,Ethan Chan,Davidson B,ess,0,,0
g7,Ethan Chan,Davidson B,math,1,,4
g7,Ethan Chan,Davidson B,physics,1,,4
g7,Shayan Sattarvand,Davidson B,overall,5,,20
g7,Shayan Sattarvand,Davidson B,biology,1,,4
g7,Shayan Sattarvand,Davidson B,chemistry,2,,8
g7,Shayan Sattarvand,Davidson B,energy,1,,4
g7,Shayan Sattarvand,Davidson B,ess,1,,4
g7,Shayan Sattarvand,Davidson B,math,0,,0
g7,Shayan Sattarvand,Davidson B,physics,0,,0
g7,Shreya Atkar,Davidson B,overall,0,,0
g7,Shreya Atkar,Davidson B,biology,0,,0
g7,Shreya Atkar,Davidson B,chemistry,0,,0
g7,Shreya Atkar,Davidson B,energy,0,,0
g7,Shreya Atkar,Davidson B,ess,0,,0
g7,Shreya Atkar,Davidson B,math,0,,0
g7,Shreya Atkar,Davidson B,physics,0,,0
g7,Dallin Guisti,Davidson B,overall,0,,0
g7,Dallin Guisti,Davidson B,biology,0,,0
g7,Dallin Guisti,Davidson B,chemistry,0,,0
g7,Dallin Guisti,Davidson B,energy,0,,0
g7,Dallin Guisti,Davidson B,ess,0,,0
g7,Dallin Guisti,Davidson B,math,0,,0
g7,Dallin Guisti,Davidson B,physics,0,,0
g7,Larry Zhao,BASIS Silicon Valley,overall,0,,0
g7,Larry Zhao,BASIS Silicon Valley,biology,0,,0
g7,Larry Zhao,BASIS Silicon Valley,chemistry,0,,0
g7,Larry Zhao,BASIS Silicon Valley,energy,0,,0
g7,Larry Zhao,BASIS Silicon Valley,ess,0,,0
g7,Larry Zhao,BASIS Silicon Valley,math,0,,0
g7,Larry Zhao,BASIS Silicon Valley,physics,0,,0
g7,Lucas Quan,BASIS Silicon Valley,overall,9,,36
g7,Lucas Quan,BASIS Silicon Valley,biology,1,,4
g7,Lucas Quan,BASIS Silicon Valley,chemistry,1,,4
g7,Lucas Quan,BASIS Silicon Valley,energy,0,,0
g7,Lucas Quan,BASIS Silicon Valley,ess,2,,8
g7,Lucas Quan,BASIS Silicon Valley,math,2,,8
g7,Lucas Quan,BASIS Silicon Valley,physics,3,,12
g7,Kaka Zhang,BASIS Silicon Valley,overall,0,,0
g7,Kaka Zhang,BASIS Silicon Valley,biology,0,,0
g7,Kaka Zhang,BASIS Silicon Valley,chemistry,0,,0
g7,Kaka Zhang,BASIS Silicon Valley,energy,0,,0
g7,Kaka Zhang,BASIS Silicon Valley,ess,0,,0
g7,Kaka Zhang,BASIS Silicon Valley,math,0,,0
g7,Kaka Zhang,BASIS Silicon Valley,physics,0,,0
g7,Naman Siddheshwar,BASIS Silicon Valley,overall,0,,0
g7,Naman Siddheshwar,BASIS Silicon Valley,biology,0,,0
g7,Naman Siddheshwar,BASIS Silicon Valley,chemistry,0,,0
g7,Naman Siddheshwar,BASIS Silicon Valley,energy,0,,0
g7,Naman Siddheshwar,BASIS Silicon Valley,ess,0,,0
g7,Naman Siddheshwar,BASIS Silicon Valley,math,0,,0
g7,Naman Siddheshwar,BASIS Silicon Valley,physics,0,,0
g58,Ishaan Kabra,Mission San Jose B,overall,1,,4
g58,Ishaan Kabra,Mission San Jose B,biology,0,,0
g58,Ishaan Kabra,Mission San Jose B,chemistry,0,,0
g58,Ishaan Kabra,Mission San Jose B,energy,0,,0
g58,Ishaan Kabra,Mission San Jose B,ess,1,,4
g58,Ishaan Kabra,Mission San Jose B,math,0,,0
g58,Ishaan Kabra,Mission San Jose B,physics,0,,0
g58,Advai Srinivasan,Mission San Jose B,overall,5,,20
g58,Advai Srinivasan,Mission San Jose B,biology,0,,0
g58,Advai Srinivasan,Mission San Jose B,chemistry,0,,0
g58,Advai Srinivasan,Mission San Jose B,energy,3,,12
g58,Advai Srinivasan,Mission San Jose B,ess,2,,8
g58,Advai Srinivasan,Mission San Jose B,math,0,,0
g58,Advai Srinivasan,Mission San Jose B,physics,0,,0
g58,Aravind Muralidharan,Mission San Jose B,overall,3,,12
g58,Aravind Muralidharan,Mission San Jose B,biology,3,,12
g58,Aravind Muralidharan,Mission San Jose B,chemistry,0,,0
g58,Aravind Muralidharan,Mission San Jose B,energy,0,,0
g58,Aravind Muralidharan,Mission San Jose B,ess,0,,0
g58,Aravind Muralidharan,Mission San Jose B,math,0,,0
g58,Aravind Muralidharan,Mission San Jose B,physics,0,,0
g58,Arnav Gupta,Mission San Jose B,overall,4,,16
g58,Arnav Gupta,Mission San Jose B,biology,0,,0
g58,Arnav Gupta,Mission San Jose B,chemistry,4,,16
g58,Arnav Gupta,Mission San Jose B,energy,0,,0
g58,Arnav Gupta,Mission San Jose B,ess,0,,0
g58,Arnav Gupta,Mission San Jose B,math,0,,0
g58,Arnav Gupta,Mission San Jose B,physics,0,,0
g58,Ofek Sadeh,Homestead,overall,0,,0
g58,Ofek Sadeh,Homestead,biology,0,,0
g58,Ofek Sadeh,Homestead,chemistry,0,,0
g58,Ofek Sadeh,Homestead,energy,0,,0
g58,Ofek Sadeh,Homestead,ess,0,,0
g58,Ofek Sadeh,Homestead,math,0,,0
g58,Ofek Sadeh,Homestead,physics,0,,0
g58,Ishaan Sinha,Homestead,overall,2,,8
g58,Ishaan Sinha,Homestead,biology,0,,0
g58,Ishaan Sinha,Homestead,chemistry,0,,0
g58,Ishaan Sinha,Homestead,energy,0,,0
g58,Ishaan Sinha,Homestead,ess,0,,0
g58,Ishaan Sinha,Homestead,math,0,,0
g58,Ishaan Sinha,Homestead,physics,2,,8
g58,Keshav Sumitran,Homestead,overall,1,,4
g58,Keshav Sumitran,Homestead,biology,1,,4
g58,Keshav Sumitran,Homestead,chemistry,0,,0
g58,Keshav Sumitran,Homestead,energy,0,,0
g58,Keshav Sumitran,Homestead,ess,0,,0
g58,Keshav Sumitran,Homestead,math,0,,0
g58,Keshav Sumitran,Homestead,physics,0,,0
g58,Leo Sitaraman,Homestead,overall,0,,0
g58,Leo Sitaraman,Homestead,biology,0,,0
g58,Leo Sitaraman,Homestead,chemistry,0,,0
g58,Leo Sitaraman,Homestead,energy,0,,0
g58,Leo Sitaraman,Homestead,ess,0,,0
g58,Leo Sitaraman,Homestead,math,0,,0
g58,Leo Sitaraman,Homestead,physics,0,,0
g50,Rebecca Yin,California A,overall,0,,0
g50,Rebecca Yin,California A,biology,0,,0
g50,Rebecca Yin,California A,chemistry,0,,0
g50,Rebecca Yin,California A,energy,0,,0
g50,Rebecca Yin,California A,ess,0,,0
g50,Rebecca Yin,California A,math,0,,0
g50,Rebecca Yin,California A,physics,0,,0
g50,Lucas Chi,California A,overall,4,,16
g50,Lucas Chi,California A,biology,2,,8
g50,Lucas Chi,California A,chemistry,0,,0
g50,Lucas Chi,California A,energy,1,,4
g50,Lucas Chi,California A,ess,1,,4
g50,Lucas Chi,California A,math,0,,0
g50,Lucas Chi,California A,physics,0,,0
g50,Vihaan Tigadikar,California A,overall,0,,0
g50,Vihaan Tigadikar,California A,biology,0,,0
g50,Vihaan Tigadikar,California A,chemistry,0,,0
g50,Vihaan Tigadikar,California A,energy,0,,0
g50,Vihaan Tigadikar,California A,ess,0,,0
g50,Vihaan Tigadikar,California A,math,0,,0
g50,Vihaan Tigadikar,California A,physics,0,,0
g50,Omkar Mahesh,California A,overall,3,,12
g50,Omkar Mahesh,California A,biology,0,,0
g50,Omkar Mahesh,California A,chemistry,2,,8
g50,Omkar Mahesh,California A,energy,1,,4
g50,Omkar Mahesh,California A,ess,0,,0
g50,Omkar Mahesh,California A,math,0,,0
g50,Omkar Mahesh,California A,physics,0,,0
g50,Sharanya Mahanta,San Mateo,overall,0,,0
g50,Sharanya Mahanta,San Mateo,biology,0,,0
g50,Sharanya Mahanta,San Mateo,chemistry,0,,0
g50,Sharanya Mahanta,San Mateo,energy,0,,0
g50,Sharanya Mahanta,San Mateo,ess,0,,0
g50,Sharanya Mahanta,San Mateo,math,0,,0
g50,Sharanya Mahanta,San Mateo,physics,0,,0
g50,Natalie Dias,San Mateo,overall,5,,20
g50,Natalie Dias,San Mateo,biology,2,,8
g50,Natalie Dias,San Mateo,chemistry,0,,0
g50,Natalie Dias,San Mateo,energy,1,,4
g50,Natalie Dias,San Mateo,ess,1,,4
g50,Natalie Dias,San Mateo,math,0,,0
g50,Natalie Dias,San Mateo,physics,1,,4
g50,Gabriela Sapugay,San Mateo,overall,1,,4
g50,Gabriela Sapugay,San Mateo,biology,0,,0
g50,Gabriela Sapugay,San Mateo,chemistry,0,,0
g50,Gabriela Sapugay,San Mateo,energy,0,,0
g50,Gabriela Sapugay,San Mateo,ess,0,,0
g50,Gabriela Sapugay,San Mateo,math,0,,0
g50,Gabriela Sapugay,San Mateo,physics,1,,4
g50,Vivian Shi,San Mateo,overall,0,,0
g50,Vivian Shi,San Mateo,biology,0,,0
g50,Vivian Shi,San Mateo,chemistry,0,,0
g50,Vivian Shi,San Mateo,energy,0,,0
g50,Vivian Shi,San Mateo,ess,0,,0
g50,Vivian Shi,San Mateo,math,0,,0
g50,Vivian Shi,San Mateo,physics,0,,0
g36,Samarth Jain,AVHS,overall,2,,8
g36,Samarth Jain,AVHS,biology,0,,0
g36,Samarth Jain,AVHS,chemistry,0,,0
g36,Samarth Jain,AVHS,energy,0,,0
g36,Samarth Jain,AVHS,ess,2,,8
g36,Samarth Jain,AVHS,math,0,,0
g36,Samarth Jain,AVHS,physics,0,,0
g36,Gaurav Gupta,AVHS,overall,8,,32
g36,Gaurav Gupta,AVHS,biology,1,,4
g36,Gaurav Gupta,AVHS,chemistry,1,,4
g36,Gaurav Gupta,AVHS,energy,1,,4
g36,Gaurav Gupta,AVHS,ess,0,,0
g36,Gaurav Gupta,AVHS,math,2,,8
g36,Gaurav Gupta,AVHS,physics,3,,12
g36,Ritwik Aeka,AVHS,overall,5,,20
g36,Ritwik Aeka,AVHS,biology,2,,8
g36,Ritwik Aeka,AVHS,chemistry,0,,0
g36,Ritwik Aeka,AVHS,energy,2,,8
g36,Ritwik Aeka,AVHS,ess,1,,4
g36,Ritwik Aeka,AVHS,math,0,,0
g36,Ritwik Aeka,AVHS,physics,0,,0
g36,Sahil Deshmukh,Foothill B,overall,0,,0
g36,Sahil Deshmukh,Foothill B,biology,0,,0
g36,Sahil Deshmukh,Foothill B,chemistry,0,,0
g36,Sahil Deshmukh,Foothill B,energy,0,,0
g36,Sahil Deshmukh,Foothill B,ess,0,,0
g36,Sahil Deshmukh,Foothill B,math,0,,0
g36,Sahil Deshmukh,Foothill B,physics,0,,0
g36,Harini Penumuchu,Foothill B,overall,1,,4
g36,Harini Penumuchu,Foothill B,biology,0,,0
g36,Harini Penumuchu,Foothill B,chemistry,1,,4
g36,Harini Penumuchu,Foothill B,energy,0,,0
g36,Harini Penumuchu,Foothill B,ess,0,,0
g36,Harini Penumuchu,Foothill B,math,0,,0
g36,Harini Penumuchu,Foothill B,physics,0,,0
g36,Aahana Biswal,Foothill B,overall,1,,4
g36,Aahana Biswal,Foothill B,biology,1,,4
g36,Aahana Biswal,Foothill B,chemistry,0,,0
g36,Aahana Biswal,Foothill B,energy,0,,0
g36,Aahana Biswal,Foothill B,ess,0,,0
g36,Aahana Biswal,Foothill B,math,0,,0
g36,Aahana Biswal,Foothill B,physics,0,,0
g36,Shivani Swaminathan,Foothill B,overall,0,,0
g36,Shivani Swaminathan,Foothill B,biology,0,,0
g36,Shivani Swaminathan,Foothill B,chemistry,0,,0
g36,Shivani Swaminathan,Foothill B,energy,0,,0
g36,Shivani Swaminathan,Foothill B,ess,0,,0
g36,Shivani Swaminathan,Foothill B,math,0,,0
g36,Shivani Swaminathan,Foothill B,physics,0,,0
g18,Diego Diaz,A-Tech B,overall,0,,0
g18,Diego Diaz,A-Tech B,biology,0,,0
g18,Diego Diaz,A-Tech B,chemistry,0,,0
g18,Diego Diaz,A-Tech B,energy,0,,0
g18,Diego Diaz,A-Tech B,ess,0,,0
g18,Diego Diaz,A-Tech B,math,0,,0
g18,Diego Diaz,A-Tech B,physics,0,,0
g18,Justice Thach,A-Tech B,overall,0,,0
g18,Justice Thach,A-Tech B,biology,0,,0
g18,Justice Thach,A-Tech B,chemistry,0,,0
g18,Justice Thach,A-Tech B,energy,0,,0
g18,Justice Thach,A-Tech B,ess,0,,0
g18,Justice Thach,A-Tech B,math,0,,0
g18,Justice Thach,A-Tech B,physics,0,,0
g18,Moises Hernandez,A-Tech B,overall,0,,0
g18,Moises Hernandez,A-Tech B,biology,0,,0
g18,Moises Hernandez,A-Tech B,chemistry,0,,0
g18,Moises Hernandez,A-Tech B,energy,0,,0
g18,Moises Hernandez,A-Tech B,ess,0,,0
g18,Moises Hernandez,A-Tech B,math,0,,0
g18,Moises Hernandez,A-Tech B,physics,0,,0
g18,Seth Burrell,A-Tech B,overall,0,,0
g18,Seth Burrell,A-Tech B,biology,0,,0
g18,Seth Burrell,A-Tech B,chemistry,0,,0
g18,Seth Burrell,A-Tech B,energy,0,,0
g18,Seth Burrell,A-Tech B,ess,0,,0
g18,Seth Burrell,A-Tech B,math,0,,0
g18,Seth Burrell,A-Tech B,physics,0,,0
g18,Evan Liu,Lynbrook A,overall,1,,4
g18,Evan Liu,Lynbrook A,biology,0,,0
g18,Evan Liu,Lynbrook A,chemistry,1,,4
g18,Evan Liu,Lynbrook A,energy,0,,0
g18,Evan Liu,Lynbrook A,ess,0,,0
g18,Evan Liu,Lynbrook A,math,0,,0
g18,Evan Liu,Lynbrook A,physics,0,,0
g18,Sohil Rathi,Lynbrook A,overall,7,,28
g18,Sohil Rathi,Lynbrook A,biology,0,,0
g18,Sohil Rathi,Lynbrook A,chemistry,2,,8
g18,Sohil Rathi,Lynbrook A,energy,1,,4
g18,Sohil Rathi,Lynbrook A,ess,0,,0
g18,Sohil Rathi,Lynbrook A,math,2,,8
g18,Sohil Rathi,Lynbrook A,physics,2,,8
g18,Jianyu Wang,Lynbrook A,overall,5,,20
g18,Jianyu Wang,Lynbrook A,biology,0,,0
g18,Jianyu Wang,Lynbrook A,chemistry,1,,4
g18,Jianyu Wang,Lynbrook A,energy,0,,0
g18,Jianyu Wang,Lynbrook A,ess,3,,12
g18,Jianyu Wang,Lynbrook A,math,0,,0
g18,Jianyu Wang,Lynbrook A,physics,1,,4
g18,Selena Yang,Lynbrook A,overall,7,,28
g18,Selena Yang,Lynbrook A,biology,4,,16
g18,Selena Yang,Lynbrook A,chemistry,0,,0
g18,Selena Yang,Lynbrook A,energy,2,,8
g18,Selena Yang,Lynbrook A,ess,1,,4
g18,Selena Yang,Lynbrook A,math,0,,0
g18,Selena Yang,Lynbrook A,physics,0,,0
g30,Aryan Kumar,Quarry Lane B,overall,1,,4
g30,Aryan Kumar,Quarry Lane B,biology,0,,0
g30,Aryan Kumar,Quarry Lane B,chemistry,0,,0
g30,Aryan Kumar,Quarry Lane B,energy,1,,4
g30,Aryan Kumar,Quarry Lane B,ess,0,,0
g30,Aryan Kumar,Quarry Lane B,math,0,,0
g30,Aryan Kumar,Quarry Lane B,physics,0,,0
g30,Shlok Acharya,Quarry Lane B,overall,0,,0
g30,Shlok Acharya,Quarry Lane B,biology,0,,0
g30,Shlok Acharya,Quarry Lane B,chemistry,0,,0
g30,Shlok Acharya,Quarry Lane B,energy,0,,0
g30,Shlok Acharya,Quarry Lane B,ess,0,,0
g30,Shlok Acharya,Quarry Lane B,math,0,,0
g30,Shlok Acharya,Quarry Lane B,physics,0,,0
g30,Dhruv Subramanian,Quarry Lane B,overall,2,,8
g30,Dhruv Subramanian,Quarry Lane B,biology,0,,0
g30,Dhruv Subramanian,Quarry Lane B,chemistry,1,,4
g30,Dhruv Subramanian,Quarry Lane B,energy,0,,0
g30,Dhruv Subramanian,Quarry Lane B,ess,1,,4
g30,Dhruv Subramanian,Quarry Lane B,math,0,,0
g30,Dhruv Subramanian,Quarry Lane B,physics,0,,0
g30,Brandon Louie,Quarry Lane B,overall,0,,0
g30,Brandon Louie,Quarry Lane B,biology,0,,0
g30,Brandon Louie,Quarry Lane B,chemistry,0,,0
g30,Brandon Louie,Quarry Lane B,energy,0,,0
g30,Brandon Louie,Quarry Lane B,ess,0,,0
g30,Brandon Louie,Quarry Lane B,math,0,,0
g30,Brandon Louie,Quarry Lane B,physics,0,,0
g30,Tia Parekh,Quarry Lane B,overall,0,,0
g30,Tia Parekh,Quarry Lane B,biology,0,,0
g30,Tia Parekh,Quarry Lane B,chemistry,0,,0
g30,Tia Parekh,Quarry Lane B,energy,0,,0
g30,Tia Parekh,Quarry Lane B,ess,0,,0
g30,Tia Parekh,Quarry Lane B,math,0,,0
g30,Tia Parekh,Quarry Lane B,physics,0,,0
g30,Quinn Gifford,Saratoga,overall,4,,16
g30,Quinn Gifford,Saratoga,biology,0,,0
g30,Quinn Gifford,Saratoga,chemistry,1,,4
g30,Quinn Gifford,Saratoga,energy,1,,4
g30,Quinn Gifford,Saratoga,ess,0,,0
g30,Quinn Gifford,Saratoga,math,1,,4
g30,Quinn Gifford,Saratoga,physics,1,,4
g30,Max Rombakh,Saratoga,overall,5,,20
g30,Max Rombakh,Saratoga,biology,0,,0
g30,Max Rombakh,Saratoga,chemistry,0,,0
g30,Max Rombakh,Saratoga,energy,0,,0
g30,Max Rombakh,Saratoga,ess,1,,4
g30,Max Rombakh,Saratoga,math,2,,8
g30,Max Rombakh,Saratoga,physics,2,,8
g30,Alex Ge,Saratoga,overall,6,,24
g30,Alex Ge,Saratoga,biology,2,,8
g30,Alex Ge,Saratoga,chemistry,2,,8
g30,Alex Ge,Saratoga,energy,0,,0
g30,Alex Ge,Saratoga,ess,1,,4
g30,Alex Ge,Saratoga,math,0,,0
g30,Alex Ge,Saratoga,physics,1,,4
g30,Ethan Pan,Saratoga,overall,2,,8
g30,Ethan Pan,Saratoga,biology,2,,8
g30,Ethan Pan,Saratoga,chemistry,0,,0
g30,Ethan Pan,Saratoga,energy,0,,0
g30,Ethan Pan,Saratoga,ess,0,,0
g30,Ethan Pan,Saratoga,math,0,,0
g30,Ethan Pan,Saratoga,physics,0,,0
g61,Vishruth Dinesh,American,overall,0,,0
g61,Vishruth Dinesh,American,biology,0,,0
g61,Vishruth Dinesh,American,chemistry,0,,0
g61,Vishruth Dinesh,American,energy,0,,0
g61,Vishruth Dinesh,American,ess,0,,0
g61,Vishruth Dinesh,American,math,0,,0
g61,Vishruth Dinesh,American,physics,0,,0
g61,Stavya Gaonkar,American,overall,13,,52
g61,Stavya Gaonkar,American,biology,3,,12
g61,Stavya Gaonkar,American,chemistry,3,,12
g61,Stavya Gaonkar,American,energy,3,,12
g61,Stavya Gaonkar,American,ess,2,,8
g61,Stavya Gaonkar,American,math,1,,4
g61,Stavya Gaonkar,American,physics,1,,4
g61,Keshav Venkatesh,American,overall,1,,4
g61,Keshav Venkatesh,American,biology,0,,0
g61,Keshav Venkatesh,American,chemistry,0,,0
g61,Keshav Venkatesh,American,energy,0,,0
g61,Keshav Venkatesh,American,ess,0,,0
g61,Keshav Venkatesh,American,math,1,,4
g61,Keshav Venkatesh,American,physics,0,,0
g61,Abdul Muhaimin,American,overall,0,,0
g61,Abdul Muhaimin,American,biology,0,,0
g61,Abdul Muhaimin,American,chemistry,0,,0
g61,Abdul Muhaimin,American,energy,0,,0
g61,Abdul Muhaimin,American,ess,0,,0
g61,Abdul Muhaimin,American,math,0,,0
g61,Abdul Muhaimin,American,physics,0,,0
g61,Jishnu Balaji,California B,overall,0,,0
g61,Jishnu Balaji,California B,biology,0,,0
g61,Jishnu Balaji,California B,chemistry,0,,0
g61,Jishnu Balaji,California B,energy,0,,0
g61,Jishnu Balaji,California B,ess,0,,0
g61,Jishnu Balaji,California B,math,0,,0
g61,Jishnu Balaji,California B,physics,0,,0
g61,Ayush Talapatra,California B,overall,0,,0
g61,Ayush Talapatra,California B,biology,0,,0
g61,Ayush Talapatra,California B,chemistry,0,,0
g61,Ayush Talapatra,California B,energy,0,,0
g61,Ayush Talapatra,California B,ess,0,,0
g61,Ayush Talapatra,California B,math,0,,0
g61,Ayush Talapatra,California B,physics,0,,0
g61,Aditya Singh,California B,overall,0,,0
g61,Aditya Singh,California B,biology,0,,0
g61,Aditya Singh,California B,chemistry,0,,0
g61,Aditya Singh,California B,energy,0,,0
g61,Aditya Singh,California B,ess,0,,0
g61,Aditya Singh,California B,math,0,,0
g61,Aditya Singh,California B,physics,0,,0
g53,Ishaan Kabra,Mission San Jose B,overall,1,,4
g53,Ishaan Kabra,Mission San Jose B,biology,0,,0
g53,Ishaan Kabra,Mission San Jose B,chemistry,0,,0
g53,Ishaan Kabra,Mission San Jose B,energy,0,,0
g53,Ishaan Kabra,Mission San Jose B,ess,1,,4
g53,Ishaan Kabra,Mission San Jose B,math,0,,0
g53,Ishaan Kabra,Mission San Jose B,physics,0,,0
g53,Advai Srinivasan,Mission San Jose B,overall,8,,32
g53,Advai Srinivasan,Mission San Jose B,biology,0,,0
g53,Advai Srinivasan,Mission San Jose B,chemistry,3,,12
g53,Advai Srinivasan,Mission San Jose B,energy,1,,4
g53,Advai Srinivasan,Mission San Jose B,ess,3,,12
g53,Advai Srinivasan,Mission San Jose B,math,0,,0
g53,Advai Srinivasan,Mission San Jose B,physics,1,,4
g53,Aravind Muralidharan,Mission San Jose B,overall,1,,4
g53,Aravind Muralidharan,Mission San Jose B,biology,1,,4
g53,Aravind Muralidharan,Mission San Jose B,chemistry,0,,0
g53,Aravind Muralidharan,Mission San Jose B,energy,0,,0
g53,Aravind Muralidharan,Mission San Jose B,ess,0,,0
g53,Aravind Muralidharan,Mission San Jose B,math,0,,0
g53,Aravind Muralidharan,Mission San Jose B,physics,0,,0
g53,Arnav Gupta,Mission San Jose B,overall,1,,4
g53,Arnav Gupta,Mission San Jose B,biology,1,,4
g53,Arnav Gupta,Mission San Jose B,chemistry,0,,0
g53,Arnav Gupta,Mission San Jose B,energy,0,,0
g53,Arnav Gupta,Mission San Jose B,ess,0,,0
g53,Arnav Gupta,Mission San Jose B,math,0,,0
g53,Arnav Gupta,Mission San Jose B,physics,0,,0
g53,Yajur Chandar,Davidson A,overall,4,,16
g53,Yajur Chandar,Davidson A,biology,2,,8
g53,Yajur Chandar,Davidson A,chemistry,0,,0
g53,Yajur Chandar,Davidson A,energy,2,,8
g53,Yajur Chandar,Davidson A,ess,0,,0
g53,Yajur Chandar,Davidson A,math,0,,0
g53,Yajur Chandar,Davidson A,physics,0,,0
g53,Alexander Weaver,Davidson A,overall,0,,0
g53,Alexander Weaver,Davidson A,biology,0,,0
g53,Alexander Weaver,Davidson A,chemistry,0,,0
g53,Alexander Weaver,Davidson A,energy,0,,0
g53,Alexander Weaver,Davidson A,ess,0,,0
g53,Alexander Weaver,Davidson A,math,0,,0
g53,Alexander Weaver,Davidson A,physics,0,,0
g53,Lucas Wu,Davidson A,overall,3,,12
g53,Lucas Wu,Davidson A,biology,0,,0
g53,Lucas Wu,Davidson A,chemistry,1,,4
g53,Lucas Wu,Davidson A,energy,0,,0
g53,Lucas Wu,Davidson A,ess,0,,0
g53,Lucas Wu,Davidson A,math,0,,0
g53,Lucas Wu,Davidson A,physics,2,,8
g53,Filip Ramazan,Davidson A,overall,3,,12
g53,Filip Ramazan,Davidson A,biology,0,,0
g53,Filip Ramazan,Davidson A,chemistry,0,,0
g53,Filip Ramazan,Davidson A,energy,0,,0
g53,Filip Ramazan,Davidson A,ess,0,,0
g53,Filip Ramazan,Davidson A,math,3,,12
g53,Filip Ramazan,Davidson A,physics,0,,0
g44,Cassie Wei,Los Gatos,overall,1,,4
g44,Cassie Wei,Los Gatos,biology,0,,0
g44,Cassie Wei,Los Gatos,chemistry,1,,4
g44,Cassie Wei,Los Gatos,energy,0,,0
g44,Cassie Wei,Los Gatos,ess,0,,0
g44,Cassie Wei,Los Gatos,math,0,,0
g44,Cassie Wei,Los Gatos,physics,0,,0
g44,Kiara Zhou,Los Gatos,overall,4,,16
g44,Kiara Zhou,Los Gatos,biology,2,,8
g44,Kiara Zhou,Los Gatos,chemistry,2,,8
g44,Kiara Zhou,Los Gatos,energy,0,,0
g44,Kiara Zhou,Los Gatos,ess,0,,0
g44,Kiara Zhou,Los Gatos,math,0,,0
g44,Kiara Zhou,Los Gatos,physics,0,,0
g44,Eric Wang,Los Gatos,overall,0,,0
g44,Eric Wang,Los Gatos,biology,0,,0
g44,Eric Wang,Los Gatos,chemistry,0,,0
g44,Eric Wang,Los Gatos,energy,0,,0
g44,Eric Wang,Los Gatos,ess,0,,0
g44,Eric Wang,Los Gatos,math,0,,0
g44,Eric Wang,Los Gatos,physics,0,,0
g44,Alena Narkaitis,Los Gatos,overall,0,,0
g44,Alena Narkaitis,Los Gatos,biology,0,,0
g44,Alena Narkaitis,Los Gatos,chemistry,0,,0
g44,Alena Narkaitis,Los Gatos,energy,0,,0
g44,Alena Narkaitis,Los Gatos,ess,0,,0
g44,Alena Narkaitis,Los Gatos,math,0,,0
g44,Alena Narkaitis,Los Gatos,physics,0,,0
g44,Vikrant Chintanaboina,Stanford Online,overall,4,,16
g44,Vikrant Chintanaboina,Stanford Online,biology,0,,0
g44,Vikrant Chintanaboina,Stanford Online,chemistry,0,,0
g44,Vikrant Chintanaboina,Stanford Online,energy,1,,4
g44,Vikrant Chintanaboina,Stanford Online,ess,3,,12
g44,Vikrant Chintanaboina,Stanford Online,math,0,,0
g44,Vikrant Chintanaboina,Stanford Online,physics,0,,0
g44,Arin Parsa,Stanford Online,overall,4,,16
g44,Arin Parsa,Stanford Online,biology,0,,0
g44,Arin Parsa,Stanford Online,chemistry,0,,0
g44,Arin Parsa,Stanford Online,energy,1,,4
g44,Arin Parsa,Stanford Online,ess,1,,4
g44,Arin Parsa,Stanford Online,math,0,,0
g44,Arin Parsa,Stanford Online,physics,2,,8
g44,Rajalakshmi Sriram,Stanford Online,overall,1,,4
g44,Rajalakshmi Sriram,Stanford Online,biology,0,,0
g44,Rajalakshmi Sriram,Stanford Online,chemistry,0,,0
g44,Rajalakshmi Sriram,Stanford Online,energy,1,,4
g44,Rajalakshmi Sriram,Stanford Online,ess,0,,0
g44,Rajalakshmi Sriram,Stanford Online,math,0,,0
g44,Rajalakshmi Sriram,Stanford Online,physics,0,,0
g44,Rachael Lin,Stanford Online,overall,0,,0
g44,Rachael Lin,Stanford Online,biology,0,,0
g44,Rachael Lin,Stanford Online,chemistry,0,,0
g44,Rachael Lin,Stanford Online,energy,0,,0
g44,Rachael Lin,Stanford Online,ess,0,,0
g44,Rachael Lin,Stanford Online,math,0,,0
g44,Rachael Lin,Stanford Online,physics,0,,0
g39,Samarth Jain,AVHS,overall,3,,12
g39,Samarth Jain,AVHS,biology,0,,0
g39,Samarth Jain,AVHS,chemistry,0,,0
g39,Samarth Jain,AVHS,energy,1,,4
g39,Samarth Jain,AVHS,ess,2,,8
g39,Samarth Jain,AVHS,math,0,,0
g39,Samarth Jain,AVHS,physics,0,,0
g39,Gaurav Gupta,AVHS,overall,8,,32
g39,Gaurav Gupta,AVHS,biology,1,,4
g39,Gaurav Gupta,AVHS,chemistry,3,,12
g39,Gaurav Gupta,AVHS,energy,1,,4
g39,Gaurav Gupta,AVHS,ess,0,,0
g39,Gaurav Gupta,AVHS,math,2,,8
g39,Gaurav Gupta,AVHS,physics,1,,4
g39,Ritwik Aeka,AVHS,overall,4,,16
g39,Ritwik Aeka,AVHS,biology,2,,8
g39,Ritwik Aeka,AVHS,chemistry,1,,4
g39,Ritwik Aeka,AVHS,energy,1,,4
g39,Ritwik Aeka,AVHS,ess,0,,0
g39,Ritwik Aeka,AVHS,math,0,,0
g39,Ritwik Aeka,AVHS,physics,0,,0
g39,Vikrant Chintanaboina,Stanford Online,overall,4,,16
g39,Vikrant Chintanaboina,Stanford Online,biology,0,,0
g39,Vikrant Chintanaboina,Stanford Online,chemistry,0,,0
g39,Vikrant Chintanaboina,Stanford Online,energy,0,,0
g39,Vikrant Chintanaboina,Stanford Online,ess,2,,8
g39,Vikrant Chintanaboina,Stanford Online,math,0,,0
g39,Vikrant Chintanaboina,Stanford Online,physics,2,,8
g39,Arin Parsa,Stanford Online,overall,0,,0
g39,Arin Parsa,Stanford Online,biology,0,,0
g39,Arin Parsa,Stanford Online,chemistry,0,,0
g39,Arin Parsa,Stanford Online,energy,0,,0
g39,Arin Parsa,Stanford Online,ess,0,,0
g39,Arin Parsa,Stanford Online,math,0,,0
g39,Arin Parsa,Stanford Online,physics,0,,0
g39,Rajalakshmi Sriram,Stanford Online,overall,0,,0
g39,Rajalakshmi Sriram,Stanford Online,biology,0,,0
g39,Rajalakshmi Sriram,Stanford Online,chemistry,0,,0
g39,Rajalakshmi Sriram,Stanford Online,energy,0,,0
g39,Rajalakshmi Sriram,Stanford Online,ess,0,,0
g39,Rajalakshmi Sriram,Stanford Online,math,0,,0
g39,Rajalakshmi Sriram,Stanford Online,physics,0,,0
g39,Rachael Lin,Stanford Online,overall,1,,4
g39,Rachael Lin,Stanford Online,biology,1,,4
g39,Rachael Lin,Stanford Online,chemistry,0,,0
g39,Rachael Lin,Stanford Online,energy,0,,0
g39,Rachael Lin,Stanford Online,ess,0,,0
g39,Rachael Lin,Stanford Online,math,0,,0
g39,Rachael Lin,Stanford Online,physics,0,,0
g17,Diego Diaz,A-Tech B,overall,1,,4
g17,Diego Diaz,A-Tech B,biology,1,,4
g17,Diego Diaz,A-Tech B,chemistry,0,,0
g17,Diego Diaz,A-Tech B,energy,0,,0
g17,Diego Diaz,A-Tech B,ess,0,,0
g17,Diego Diaz,A-Tech B,math,0,,0
g17,Diego Diaz,A-Tech B,physics,0,,0
g17,Justice Thach,A-Tech B,overall,1,,4
g17,Justice Thach,A-Tech B,biology,0,,0
g17,Justice Thach,A-Tech B,chemistry,1,,4
g17,Justice Thach,A-Tech B,energy,0,,0
g17,Justice Thach,A-Tech B,ess,0,,0
g17,Justice Thach,A-Tech B,math,0,,0
g17,Justice Thach,A-Tech B,physics,0,,0
g17,Ransome Goedhart,A-Tech B,overall,0,,0
g17,Ransome Goedhart,A-Tech B,biology,0,,0
g17,Ransome Goedhart,A-Tech B,chemistry,0,,0
g17,Ransome Goedhart,A-Tech B,energy,0,,0
g17,Ransome Goedhart,A-Tech B,ess,0,,0
g17,Ransome Goedhart,A-Tech B,math,0,,0
g17,Ransome Goedhart,A-Tech B,physics,0,,0
g17,Seth Burrell,A-Tech B,overall,0,,0
g17,Seth Burrell,A-Tech B,biology,0,,0
g17,Seth Burrell,A-Tech B,chemistry,0,,0
g17,Seth Burrell,A-Tech B,energy,0,,0
g17,Seth Burrell,A-Tech B,ess,0,,0
g17,Seth Burrell,A-Tech B,math,0,,0
g17,Seth Burrell,A-Tech B,physics,0,,0
g17,Moises Hernandez,A-Tech B,overall,0,,0
g17,Moises Hernandez,A-Tech B,biology,0,,0
g17,Moises Hernandez,A-Tech B,chemistry,0,,0
g17,Moises Hernandez,A-Tech B,energy,0,,0
g17,Moises Hernandez,A-Tech B,ess,0,,0
g17,Moises Hernandez,A-Tech B,math,0,,0
g17,Moises Hernandez,A-Tech B,physics,0,,0
g17,Jerry Sun,Irvington,overall,9,,36
g17,Jerry Sun,Irvington,biology,1,,4
g17,Jerry Sun,Irvington,chemistry,1,,4
g17,Jerry Sun,Irvington,energy,1,,4
g17,Jerry Sun,Irvington,ess,0,,0
g17,Jerry Sun,Irvington,math,2,,8
g17,Jerry Sun,Irvington,physics,4,,16
g17,Samyuktha Gopinath Lakshmi,Irvington,overall,1,,4
g17,Samyuktha Gopinath Lakshmi,Irvington,biology,1,,4
g17,Samyuktha Gopinath Lakshmi,Irvington,chemistry,0,,0
g17,Samyuktha Gopinath Lakshmi,Irvington,energy,0,,0
g17,Samyuktha Gopinath Lakshmi,Irvington,ess,0,,0
g17,Samyuktha Gopinath Lakshmi,Irvington,math,0,,0
g17,Samyuktha Gopinath Lakshmi,Irvington,physics,0,,0
g17,Roland Pratt,Irvington,overall,3,,12
g17,Roland Pratt,Irvington,biology,0,,0
g17,Roland Pratt,Irvington,chemistry,0,,0
g17,Roland Pratt,Irvington,energy,0,,0
g17,Roland Pratt,Irvington,ess,2,,8
g17,Roland Pratt,Irvington,math,1,,4
g17,Roland Pratt,Irvington,physics,0,,0
g17,Ishaan Agrawal,Irvington,overall,0,,0
g17,Ishaan Agrawal,Irvington,biology,0,,0
g17,Ishaan Agrawal,Irvington,chemistry,0,,0
g17,Ishaan Agrawal,Irvington,energy,0,,0
g17,Ishaan Agrawal,Irvington,ess,0,,0
g17,Ishaan Agrawal,Irvington,math,0,,0
g17,Ishaan Agrawal,Irvington,physics,0,,0
g72,Alex Luo,Quarry Lane A,overall,0,,0
g72,Alex Luo,Quarry Lane A,biology,0,,0
g72,Alex Luo,Quarry Lane A,chemistry,0,,0
g72,Alex Luo,Quarry Lane A,energy,0,,0
g72,Alex Luo,Quarry Lane A,ess,0,,0
g72,Alex Luo,Quarry Lane A,math,0,,0
g72,Alex Luo,Quarry Lane A,physics,0,,0
g72,Gautham Doddapaneni,Quarry Lane A,overall,2,,8
g72,Gautham Doddapaneni,Quarry Lane A,biology,0,,0
g72,Gautham Doddapaneni,Quarry Lane A,chemistry,2,,8
g72,Gautham Doddapaneni,Quarry Lane A,energy,0,,0
g72,Gautham Doddapaneni,Quarry Lane A,ess,0,,0
g72,Gautham Doddapaneni,Quarry Lane A,math,0,,0
g72,Gautham Doddapaneni,Quarry Lane A,physics,0,,0
g72,Pradyun Kalwa,Quarry Lane A,overall,0,,0
g72,Pradyun Kalwa,Quarry Lane A,biology,0,,0
g72,Pradyun Kalwa,Quarry Lane A,chemistry,0,,0
g72,Pradyun Kalwa,Quarry Lane A,energy,0,,0
g72,Pradyun Kalwa,Quarry Lane A,ess,0,,0
g72,Pradyun Kalwa,Quarry Lane A,math,0,,0
g72,Pradyun Kalwa,Quarry Lane A,physics,0,,0
g72,Sriaditya Pendyala,Quarry Lane A,overall,1,,4
g72,Sriaditya Pendyala,Quarry Lane A,biology,0,,0
g72,Sriaditya Pendyala,Quarry Lane A,chemistry,0,,0
g72,Sriaditya Pendyala,Quarry Lane A,energy,1,,4
g72,Sriaditya Pendyala,Quarry Lane A,ess,0,,0
g72,Sriaditya Pendyala,Quarry Lane A,math,0,,0
g72,Sriaditya Pendyala,Quarry Lane A,physics,0,,0
g72,Pranshu Khanna,Quarry Lane A,overall,0,,0
g72,Pranshu Khanna,Quarry Lane A,biology,0,,0
g72,Pranshu Khanna,Quarry Lane A,chemistry,0,,0
g72,Pranshu Khanna,Quarry Lane A,energy,0,,0
g72,Pranshu Khanna,Quarry Lane A,ess,0,,0
g72,Pranshu Khanna,Quarry Lane A,math,0,,0
g72,Pranshu Khanna,Quarry Lane A,physics,0,,0
g72,Kira Liang,Cupertino A,overall,1,,4
g72,Kira Liang,Cupertino A,biology,1,,4
g72,Kira Liang,Cupertino A,chemistry,0,,0
g72,Kira Liang,Cupertino A,energy,0,,0
g72,Kira Liang,Cupertino A,ess,0,,0
g72,Kira Liang,Cupertino A,math,0,,0
g72,Kira Liang,Cupertino A,physics,0,,0
g72,Ethan Chu,Cupertino A,overall,0,,0
g72,Ethan Chu,Cupertino A,biology,0,,0
g72,Ethan Chu,Cupertino A,chemistry,0,,0
g72,Ethan Chu,Cupertino A,energy,0,,0
g72,Ethan Chu,Cupertino A,ess,0,,0
g72,Ethan Chu,Cupertino A,math,0,,0
g72,Ethan Chu,Cupertino A,physics,0,,0
g72,Namita Gaidhani,Cupertino A,overall,1,,4
g72,Namita Gaidhani,Cupertino A,biology,0,,0
g72,Namita Gaidhani,Cupertino A,chemistry,0,,0
g72,Namita Gaidhani,Cupertino A,energy,0,,0
g72,Namita Gaidhani,Cupertino A,ess,1,,4
g72,Namita Gaidhani,Cupertino A,math,0,,0
g72,Namita Gaidhani,Cupertino A,physics,0,,0
g72,Matthew Chen,Cupertino A,overall,7,,28
g72,Matthew Chen,Cupertino A,biology,0,,0
g72,Matthew Chen,Cupertino A,chemistry,1,,4
g72,Matthew Chen,Cupertino A,energy,2,,8
g72,Matthew Chen,Cupertino A,ess,0,,0
g72,Matthew Chen,Cupertino A,math,1,,4
g72,Matthew Chen,Cupertino A,physics,3,,12
g72,Brandon Seo,Cupertino A,overall,0,,0
g72,Brandon Seo,Cupertino A,biology,0,,0
g72,Brandon Seo,Cupertino A,chemistry,0,,0
g72,Brandon Seo,Cupertino A,energy,0,,0
g72,Brandon Seo,Cupertino A,ess,0,,0
g72,Brandon Seo,Cupertino A,math,0,,0
g72,Brandon Seo,Cupertino A,physics,0,,0
g55,Anika Rajaram,Harker,overall,3,,12
g55,Anika Rajaram,Harker,biology,0,,0
g55,Anika Rajaram,Harker,chemistry,0,,0
g55,Anika Rajaram,Harker,energy,1,,4
g55,Anika Rajaram,Harker,ess,0,,0
g55,Anika Rajaram,Harker,math,2,,8
g55,Anika Rajaram,Harker,physics,0,,0
g55,Danielle Steinbach,Harker,overall,6,,24
g55,Danielle Steinbach,Harker,biology,2,,8
g55,Danielle Steinbach,Harker,chemistry,2,,8
g55,Danielle Steinbach,Harker,energy,2,,8
g55,Danielle Steinbach,Harker,ess,0,,0
g55,Danielle Steinbach,Harker,math,0,,0
g55,Danielle Steinbach,Harker,physics,0,,0
g55,Hongkang Zhao,Harker,overall,0,,0
g55,Hongkang Zhao,Harker,biology,0,,0
g55,Hongkang Zhao,Harker,chemistry,0,,0
g55,Hongkang Zhao,Harker,energy,0,,0
g55,Hongkang Zhao,Harker,ess,0,,0
g55,Hongkang Zhao,Harker,math,0,,0
g55,Hongkang Zhao,Harker,physics,0,,0
g55,Eric Dong,Harker,overall,0,,0
g55,Eric Dong,Harker,biology,0,,0
g55,Eric Dong,Harker,chemistry,0,,0
g55,Eric Dong,Harker,energy,0,,0
g55,Eric Dong,Harker,ess,0,,0
g55,Eric Dong,Harker,math,0,,0
g55,Eric Dong,Harker,physics,0,,0
g55,Aiden Lei,Harker,overall,1,,4
g55,Aiden Lei,Harker,biology,0,,0
g55,Aiden Lei,Harker,chemistry,0,,0
g55,Aiden Lei,Harker,energy,0,,0
g55,Aiden Lei,Harker,ess,1,,4
g55,Aiden Lei,Harker,math,0,,0
g55,Aiden Lei,Harker,physics,0,,0
g55,Ofek Sadeh,Homestead,overall,0,,0
g55,Ofek Sadeh,Homestead,biology,0,,0
g55,Ofek Sadeh,Homestead,chemistry,0,,0
g55,Ofek Sadeh,Homestead,energy,0,,0
g55,Ofek Sadeh,Homestead,ess,0,,0
g55,Ofek Sadeh,Homestead,math,0,,0
g55,Ofek Sadeh,Homestead,physics,0,,0
g55,Leo Sitaraman,Homestead,overall,3,,12
g55,Leo Sitaraman,Homestead,biology,0,,0
g55,Leo Sitaraman,Homestead,chemistry,0,,0
g55,Leo Sitaraman,Homestead,energy,0,,0
g55,Leo Sitaraman,Homestead,ess,1,,4
g55,Leo Sitaraman,Homestead,math,1,,4
g55,Leo Sitaraman,Homestead,physics,1,,4
g55,Keshav Sumitran,Homestead,overall,0,,0
g55,Keshav Sumitran,Homestead,biology,0,,0
g55,Keshav Sumitran,Homestead,chemistry,0,,0
g55,Keshav Sumitran,Homestead,energy,0,,0
g55,Keshav Sumitran,Homestead,ess,0,,0
g55,Keshav Sumitran,Homestead,math,0,,0
g55,Keshav Sumitran,Homestead,physics,0,,0
g55,Ishaan Sinha,Homestead,overall,5,,20
g55,Ishaan Sinha,Homestead,biology,1,,4
g55,Ishaan Sinha,Homestead,chemistry,0,,0
g55,Ishaan Sinha,Homestead,energy,0,,0
g55,Ishaan Sinha,Homestead,ess,2,,8
g55,Ishaan Sinha,Homestead,math,0,,0
g55,Ishaan Sinha,Homestead,physics,2,,8
g49,Hank Sun,Mission San Jose B,overall,0,,0
g49,Hank Sun,Mission San Jose B,biology,0,,0
g49,Hank Sun,Mission San Jose B,chemistry,0,,0
g49,Hank Sun,Mission San Jose B,energy,0,,0
g49,Hank Sun,Mission San Jose B,ess,0,,0
g49,Hank Sun,Mission San Jose B,math,0,,0
g49,Hank Sun,Mission San Jose B,physics,0,,0
g49,Ishaan Kabra,Mission San Jose B,overall,2,,8
g49,Ishaan Kabra,Mission San Jose B,biology,0,,0
g49,Ishaan Kabra,Mission San Jose B,chemistry,0,,0
g49,Ishaan Kabra,Mission San Jose B,energy,0,,0
g49,Ishaan Kabra,Mission San Jose B,ess,1,,4
g49,Ishaan Kabra,Mission San Jose B,math,1,,4
g49,Ishaan Kabra,Mission San Jose B,physics,0,,0
g49,Advai Srinivasan,Mission San Jose B,overall,2,,8
g49,Advai Srinivasan,Mission San Jose B,biology,0,,0
g49,Advai Srinivasan,Mission San Jose B,chemistry,0,,0
g49,Advai Srinivasan,Mission San Jose B,energy,1,,4
g49,Advai Srinivasan,Mission San Jose B,ess,1,,4
g49,Advai Srinivasan,Mission San Jose B,math,0,,0
g49,Advai Srinivasan,Mission San Jose B,physics,0,,0
g49,Aravind Muralidharan,Mission San Jose B,overall,5,,20
g49,Aravind Muralidharan,Mission San Jose B,biology,4,,16
g49,Aravind Muralidharan,Mission San Jose B,chemistry,0,,0
g49,Aravind Muralidharan,Mission San Jose B,energy,0,,0
g49,Aravind Muralidharan,Mission San Jose B,ess,1,,4
g49,Aravind Muralidharan,Mission San Jose B,math,0,,0
g49,Aravind Muralidharan,Mission San Jose B,physics,0,,0
g49,Arnav Gupta,Mission San Jose B,overall,0,,0
g49,Arnav Gupta,Mission San Jose B,biology,0,,0
g49,Arnav Gupta,Mission San Jose B,chemistry,0,,0
g49,Arnav Gupta,Mission San Jose B,energy,0,,0
g49,Arnav Gupta,Mission San Jose B,ess,0,,0
g49,Arnav Gupta,Mission San Jose B,math,0,,0
g49,Arnav Gupta,Mission San Jose B,physics,0,,0
g49,Rebecca Yin,California A,overall,0,,0
g49,Rebecca Yin,California A,biology,0,,0
g49,Rebecca Yin,California A,chemistry,0,,0
g49,Rebecca Yin,California A,energy,0,,0
g49,Rebecca Yin,California A,ess,0,,0
g49,Rebecca Yin,California A,math,0,,0
g49,Rebecca Yin,California A,physics,0,,0
g49,Lucas Chi,California A,overall,3,,12
g49,Lucas Chi,California A,biology,0,,0
g49,Lucas Chi,California A,chemistry,1,,4
g49,Lucas Chi,California A,energy,1,,4
g49,Lucas Chi,California A,ess,1,,4
g49,Lucas Chi,California A,math,0,,0
g49,Lucas Chi,California A,physics,0,,0
g49,Vihaan Tigadikar,California A,overall,0,,0
g49,Vihaan Tigadikar,California A,biology,0,,0
g49,Vihaan Tigadikar,California A,chemistry,0,,0
g49,Vihaan Tigadikar,California A,energy,0,,0
g49,Vihaan Tigadikar,California A,ess,0,,0
g49,Vihaan Tigadikar,California A,math,0,,0
g49,Vihaan Tigadikar,California A,physics,0,,0
g49,Omkar Mahesh,California A,overall,3,,12
g49,Omkar Mahesh,California A,biology,0,,0
g49,Omkar Mahesh,California A,chemistry,0,,0
g49,Omkar Mahesh,California A,energy,1,,4
g49,Omkar Mahesh,California A,ess,0,,0
g49,Omkar Mahesh,California A,math,0,,0
g49,Omkar Mahesh,California A,physics,2,,8
g33,Nathan Lee,A-Tech A,overall,4,,16
g33,Nathan Lee,A-Tech A,biology,1,,4
g33,Nathan Lee,A-Tech A,chemistry,1,,4
g33,Nathan Lee,A-Tech A,energy,1,,4
g33,Nathan Lee,A-Tech A,ess,1,,4
g33,Nathan Lee,A-Tech A,math,0,,0
g33,Nathan Lee,A-Tech A,physics,0,,0
g33,Carlo Allietti,A-Tech A,overall,0,,0
g33,Carlo Allietti,A-Tech A,biology,0,,0
g33,Carlo Allietti,A-Tech A,chemistry,0,,0
g33,Carlo Allietti,A-Tech A,energy,0,,0
g33,Carlo Allietti,A-Tech A,ess,0,,0
g33,Carlo Allietti,A-Tech A,math,0,,0
g33,Carlo Allietti,A-Tech A,physics,0,,0
g33,Noah Lee,A-Tech A,overall,4,,16
g33,Noah Lee,A-Tech A,biology,1,,4
g33,Noah Lee,A-Tech A,chemistry,0,,0
g33,Noah Lee,A-Tech A,energy,0,,0
g33,Noah Lee,A-Tech A,ess,0,,0
g33,Noah Lee,A-Tech A,math,0,,0
g33,Noah Lee,A-Tech A,physics,3,,12
g33,Jose Hernandez,A-Tech A,overall,2,,8
g33,Jose Hernandez,A-Tech A,biology,0,,0
g33,Jose Hernandez,A-Tech A,chemistry,2,,8
g33,Jose Hernandez,A-Tech A,energy,0,,0
g33,Jose Hernandez,A-Tech A,ess,0,,0
g33,Jose Hernandez,A-Tech A,math,0,,0
g33,Jose Hernandez,A-Tech A,physics,0,,0
g33,Alena Narkaitis,Los Gatos,overall,0,,0
g33,Alena Narkaitis,Los Gatos,biology,0,,0
g33,Alena Narkaitis,Los Gatos,chemistry,0,,0
g33,Alena Narkaitis,Los Gatos,energy,0,,0
g33,Alena Narkaitis,Los Gatos,ess,0,,0
g33,Alena Narkaitis,Los Gatos,math,0,,0
g33,Alena Narkaitis,Los Gatos,physics,0,,0
g33,Eric Wang,Los Gatos,overall,5,,20
g33,Eric Wang,Los Gatos,biology,1,,4
g33,Eric Wang,Los Gatos,chemistry,1,,4
g33,Eric Wang,Los Gatos,energy,2,,8
g33,Eric Wang,Los Gatos,ess,0,,0
g33,Eric Wang,Los Gatos,math,0,,0
g33,Eric Wang,Los Gatos,physics,1,,4
g33,Kiara Zhou,Los Gatos,overall,3,,12
g33,Kiara Zhou,Los Gatos,biology,1,,4
g33,Kiara Zhou,Los Gatos,chemistry,0,,0
g33,Kiara Zhou,Los Gatos,energy,0,,0
g33,Kiara Zhou,Los Gatos,ess,1,,4
g33,Kiara Zhou,Los Gatos,math,1,,4
g33,Kiara Zhou,Los Gatos,physics,0,,0
g33,Cassie Wei,Los Gatos,overall,0,,0
g33,Cassie Wei,Los Gatos,biology,0,,0
g33,Cassie Wei,Los Gatos,chemistry,0,,0
g33,Cassie Wei,Los Gatos,energy,0,,0
g33,Cassie Wei,Los Gatos,ess,0,,0
g33,Cassie Wei,Los Gatos,math,0,,0
g33,Cassie Wei,Los Gatos,physics,0,,0
g22,Jianyu Wang,Lynbrook A,overall,4,,16
g22,Jianyu Wang,Lynbrook A,biology,0,,0
g22,Jianyu Wang,Lynbrook A,chemistry,1,,4
g22,Jianyu Wang,Lynbrook A,energy,2,,8
g22,Jianyu Wang,Lynbrook A,ess,1,,4
g22,Jianyu Wang,Lynbrook A,math,0,,0
g22,Jianyu Wang,Lynbrook A,physics,0,,0
g22,Sohil Rathi,Lynbrook A,overall,5,,20
g22,Sohil Rathi,Lynbrook A,biology,0,,0
g22,Sohil Rathi,Lynbrook A,chemistry,0,,0
g22,Sohil Rathi,Lynbrook A,energy,0,,0
g22,Sohil Rathi,Lynbrook A,ess,1,,4
g22,Sohil Rathi,Lynbrook A,math,3,,12
g22,Sohil Rathi,Lynbrook A,physics,1,,4
g22,Evan Liu,Lynbrook A,overall,3,,12
g22,Evan Liu,Lynbrook A,biology,0,,0
g22,Evan Liu,Lynbrook A,chemistry,3,,12
g22,Evan Liu,Lynbrook A,energy,0,,0
g22,Evan Liu,Lynbrook A,ess,0,,0
g22,Evan Liu,Lynbrook A,math,0,,0
g22,Evan Liu,Lynbrook A,physics,0,,0
g22,Selena Yang,Lynbrook A,overall,5,,20
g22,Selena Yang,Lynbrook A,biology,3,,12
g22,Selena Yang,Lynbrook A,chemistry,0,,0
g22,Selena Yang,Lynbrook A,energy,0,,0
g22,Selena Yang,Lynbrook A,ess,2,,8
g22,Selena Yang,Lynbrook A,math,0,,0
g22,Selena Yang,Lynbrook A,physics,0,,0
g22,Jasper Zhao,Dougherty Valley A,overall,2,,8
g22,Jasper Zhao,Dougherty Valley A,biology,0,,0
g22,Jasper Zhao,Dougherty Valley A,chemistry,0,,0
g22,Jasper Zhao,Dougherty Valley A,energy,0,,0
g22,Jasper Zhao,Dougherty Valley A,ess,0,,0
g22,Jasper Zhao,Dougherty Valley A,math,0,,0
g22,Jasper Zhao,Dougherty Valley A,physics,2,,8
g22,Akshaj Challa,Dougherty Valley A,overall,1,,4
g22,Akshaj Challa,Dougherty Valley A,biology,0,,0
g22,Akshaj Challa,Dougherty Valley A,chemistry,0,,0
g22,Akshaj Challa,Dougherty Valley A,energy,0,,0
g22,Akshaj Challa,Dougherty Valley A,ess,0,,0
g22,Akshaj Challa,Dougherty Valley A,math,0,,0
g22,Akshaj Challa,Dougherty Valley A,physics,1,,4
g22,Soham Chatterjee,Dougherty Valley A,overall,1,,4
g22,Soham Chatterjee,Dougherty Valley A,biology,0,,0
g22,Soham Chatterjee,Dougherty Valley A,chemistry,0,,0
g22,Soham Chatterjee,Dougherty Valley A,energy,0,,0
g22,Soham Chatterjee,Dougherty Valley A,ess,0,,0
g22,Soham Chatterjee,Dougherty Valley A,math,1,,4
g22,Soham Chatterjee,Dougherty Valley A,physics,0,,0
g22,Keshav Verma,Dougherty Valley A,overall,1,,4
g22,Keshav Verma,Dougherty Valley A,biology,0,,0
g22,Keshav Verma,Dougherty Valley A,chemistry,0,,0
g22,Keshav Verma,Dougherty Valley A,energy,1,,4
g22,Keshav Verma,Dougherty Valley A,ess,0,,0
g22,Keshav Verma,Dougherty Valley A,math,0,,0
g22,Keshav Verma,Dougherty Valley A,physics,0,,0
g73,Kaiyuan Ding,Gunn,overall,1,,4
g73,Kaiyuan Ding,Gunn,biology,0,,0
g73,Kaiyuan Ding,Gunn,chemistry,0,,0
g73,Kaiyuan Ding,Gunn,energy,0,,0
g73,Kaiyuan Ding,Gunn,ess,0,,0
g73,Kaiyuan Ding,Gunn,math,0,,0
g73,Kaiyuan Ding,Gunn,physics,1,,4
g73,Elliot Boyce,Gunn,overall,0,,0
g73,Elliot Boyce,Gunn,biology,0,,0
g73,Elliot Boyce,Gunn,chemistry,0,,0
g73,Elliot Boyce,Gunn,energy,0,,0
g73,Elliot Boyce,Gunn,ess,0,,0
g73,Elliot Boyce,Gunn,math,0,,0
g73,Elliot Boyce,Gunn,physics,0,,0
g73,Olivia Kim,Gunn,overall,1,,4
g73,Olivia Kim,Gunn,biology,0,,0
g73,Olivia Kim,Gunn,chemistry,0,,0
g73,Olivia Kim,Gunn,energy,0,,0
g73,Olivia Kim,Gunn,ess,0,,0
g73,Olivia Kim,Gunn,math,0,,0
g73,Olivia Kim,Gunn,physics,1,,4
g73,Nalan Rajan,Gunn,overall,0,,0
g73,Nalan Rajan,Gunn,biology,0,,0
g73,Nalan Rajan,Gunn,chemistry,0,,0
g73,Nalan Rajan,Gunn,energy,0,,0
g73,Nalan Rajan,Gunn,ess,0,,0
g73,Nalan Rajan,Gunn,math,0,,0
g73,Nalan Rajan,Gunn,physics,0,,0
g73,Daniel Li,Gunn,overall,0,,0
g73,Daniel Li,Gunn,biology,0,,0
g73,Daniel Li,Gunn,chemistry,0,,0
g73,Daniel Li,Gunn,energy,0,,0
g73,Daniel Li,Gunn,ess,0,,0
g73,Daniel Li,Gunn,math,0,,0
g73,Daniel Li,Gunn,physics,0,,0
g73,Owen Weisenberger,Middleton,overall,4,,16
g73,Owen Weisenberger,Middleton,biology,3,,12
g73,Owen Weisenberger,Middleton,chemistry,0,,0
g73,Owen Weisenberger,Middleton,energy,0,,0
g73,Owen Weisenberger,Middleton,ess,1,,4
g73,Owen Weisenberger,Middleton,math,0,,0
g73,Owen Weisenberger,Middleton,physics,0,,0
g73,Harry Jin,Middleton,overall,9,,36
g73,Harry Jin,Middleton,biology,0,,0
g73,Harry Jin,Middleton,chemistry,3,,12
g73,Harry Jin,Middleton,energy,2,,8
g73,Harry Jin,Middleton,ess,2,,8
g73,Harry Jin,Middleton,math,2,,8
g73,Harry Jin,Middleton,physics,0,,0
g73,Ray Feinberg,Middleton,overall,4,,16
g73,Ray Feinberg,Middleton,biology,0,,0
g73,Ray Feinberg,Middleton,chemistry,1,,4
g73,Ray Feinberg,Middleton,energy,1,,4
g73,Ray Feinberg,Middleton,ess,0,,0
g73,Ray Feinberg,Middleton,math,0,,0
g73,Ray Feinberg,Middleton,physics,2,,8
g65,Vishruth Dinesh,American,overall,0,,0
g65,Vishruth Dinesh,American,biology,0,,0
g65,Vishruth Dinesh,American,chemistry,0,,0
g65,Vishruth Dinesh,American,energy,0,,0
g65,Vishruth Dinesh,American,ess,0,,0
g65,Vishruth Dinesh,American,math,0,,0
g65,Vishruth Dinesh,American,physics,0,,0
g65,Stavya Gaonkar,American,overall,13,,52
g65,Stavya Gaonkar,American,biology,1,,4
g65,Stavya Gaonkar,American,chemistry,4,,16
g65,Stavya Gaonkar,American,energy,2,,8
g65,Stavya Gaonkar,American,ess,3,,12
g65,Stavya Gaonkar,American,math,1,,4
g65,Stavya Gaonkar,American,physics,2,,8
g65,Keshav Venkatesh,American,overall,0,,0
g65,Keshav Venkatesh,American,biology,0,,0
g65,Keshav Venkatesh,American,chemistry,0,,0
g65,Keshav Venkatesh,American,energy,0,,0
g65,Keshav Venkatesh,American,ess,0,,0
g65,Keshav Venkatesh,American,math,0,,0
g65,Keshav Venkatesh,American,physics,0,,0
g65,Abdul Muhaimin,American,overall,0,,0
g65,Abdul Muhaimin,American,biology,0,,0
g65,Abdul Muhaimin,American,chemistry,0,,0
g65,Abdul Muhaimin,American,energy,0,,0
g65,Abdul Muhaimin,American,ess,0,,0
g65,Abdul Muhaimin,American,math,0,,0
g65,Abdul Muhaimin,American,physics,0,,0
g65,Alex Luo,Quarry Lane A,overall,1,,4
g65,Alex Luo,Quarry Lane A,biology,0,,0
g65,Alex Luo,Quarry Lane A,chemistry,0,,0
g65,Alex Luo,Quarry Lane A,energy,0,,0
g65,Alex Luo,Quarry Lane A,ess,0,,0
g65,Alex Luo,Quarry Lane A,math,0,,0
g65,Alex Luo,Quarry Lane A,physics,1,,4
g65,Gautham Doddapaneni,Quarry Lane A,overall,1,,4
g65,Gautham Doddapaneni,Quarry Lane A,biology,0,,0
g65,Gautham Doddapaneni,Quarry Lane A,chemistry,0,,0
g65,Gautham Doddapaneni,Quarry Lane A,energy,0,,0
g65,Gautham Doddapaneni,Quarry Lane A,ess,0,,0
g65,Gautham Doddapaneni,Quarry Lane A,math,1,,4
g65,Gautham Doddapaneni,Quarry Lane A,physics,0,,0
g65,Sriaditya Pendyala,Quarry Lane A,overall,0,,0
g65,Sriaditya Pendyala,Quarry Lane A,biology,0,,0
g65,Sriaditya Pendyala,Quarry Lane A,chemistry,0,,0
g65,Sriaditya Pendyala,Quarry Lane A,energy,0,,0
g65,Sriaditya Pendyala,Quarry Lane A,ess,0,,0
g65,Sriaditya Pendyala,Quarry Lane A,math,0,,0
g65,Sriaditya Pendyala,Quarry Lane A,physics,0,,0
g65,Pradyun Kalwa,Quarry Lane A,overall,2,,8
g65,Pradyun Kalwa,Quarry Lane A,biology,2,,8
g65,Pradyun Kalwa,Quarry Lane A,chemistry,0,,0
g65,Pradyun Kalwa,Quarry Lane A,energy,0,,0
g65,Pradyun Kalwa,Quarry Lane A,ess,0,,0
g65,Pradyun Kalwa,Quarry Lane A,math,0,,0
g65,Pradyun Kalwa,Quarry Lane A,physics,0,,0
g65,Pranshu Khanna,Quarry Lane A,overall,0,,0
g65,Pranshu Khanna,Quarry Lane A,biology,0,,0
g65,Pranshu Khanna,Quarry Lane A,chemistry,0,,0
g65,Pranshu Khanna,Quarry Lane A,energy,0,,0
g65,Pranshu Khanna,Quarry Lane A,ess,0,,0
g65,Pranshu Khanna,Quarry Lane A,math,0,,0
g65,Pranshu Khanna,Quarry Lane A,physics,0,,0
g59,Leo Sitaraman,Homestead,overall,3,,12
g59,Leo Sitaraman,Homestead,biology,0,,0
g59,Leo Sitaraman,Homestead,chemistry,0,,0
g59,Leo Sitaraman,Homestead,energy,1,,4
g59,Leo Sitaraman,Homestead,ess,2,,8
g59,Leo Sitaraman,Homestead,math,0,,0
g59,Leo Sitaraman,Homestead,physics,0,,0
g59,Ishaan Sinha,Homestead,overall,5,,20
g59,Ishaan Sinha,Homestead,biology,1,,4
g59,Ishaan Sinha,Homestead,chemistry,0,,0
g59,Ishaan Sinha,Homestead,energy,0,,0
g59,Ishaan Sinha,Homestead,ess,2,,8
g59,Ishaan Sinha,Homestead,math,0,,0
g59,Ishaan Sinha,Homestead,physics,2,,8
g59,Ofek Sadeh,Homestead,overall,0,,0
g59,Ofek Sadeh,Homestead,biology,0,,0
g59,Ofek Sadeh,Homestead,chemistry,0,,0
g59,Ofek Sadeh,Homestead,energy,0,,0
g59,Ofek Sadeh,Homestead,ess,0,,0
g59,Ofek Sadeh,Homestead,math,0,,0
g59,Ofek Sadeh,Homestead,physics,0,,0
g59,Keshav Sumitran,Homestead,overall,0,,0
g59,Keshav Sumitran,Homestead,biology,0,,0
g59,Keshav Sumitran,Homestead,chemistry,0,,0
g59,Keshav Sumitran,Homestead,energy,0,,0
g59,Keshav Sumitran,Homestead,ess,0,,0
g59,Keshav Sumitran,Homestead,math,0,,0
g59,Keshav Sumitran,Homestead,physics,0,,0
g59,Sharanya Mahanta,San Mateo,overall,0,,0
g59,Sharanya Mahanta,San Mateo,biology,0,,0
g59,Sharanya Mahanta,San Mateo,chemistry,0,,0
g59,Sharanya Mahanta,San Mateo,energy,0,,0
g59,Sharanya Mahanta,San Mateo,ess,0,,0
g59,Sharanya Mahanta,San Mateo,math,0,,0
g59,Sharanya Mahanta,San Mateo,physics,0,,0
g59,Natalie Dias,San Mateo,overall,4,,16
g59,Natalie Dias,San Mateo,biology,1,,4
g59,Natalie Dias,San Mateo,chemistry,1,,4
g59,Natalie Dias,San Mateo,energy,1,,4
g59,Natalie Dias,San Mateo,ess,0,,0
g59,Natalie Dias,San Mateo,math,1,,4
g59,Natalie Dias,San Mateo,physics,0,,0
g59,Gabriela Sapugay,San Mateo,overall,0,,0
g59,Gabriela Sapugay,San Mateo,biology,0,,0
g59,Gabriela Sapugay,San Mateo,chemistry,0,,0
g59,Gabriela Sapugay,San Mateo,energy,0,,0
g59,Gabriela Sapugay,San Mateo,ess,0,,0
g59,Gabriela Sapugay,San Mateo,math,0,,0
g59,Gabriela Sapugay,San Mateo,physics,0,,0
g59,Vivian Shi,San Mateo,overall,0,,0
g59,Vivian Shi,San Mateo,biology,0,,0
g59,Vivian Shi,San Mateo,chemistry,0,,0
g59,Vivian Shi,San Mateo,energy,0,,0
g59,Vivian Shi,San Mateo,ess,0,,0
g59,Vivian Shi,San Mateo,math,0,,0
g59,Vivian Shi,San Mateo,physics,0,,0
g41,Isaiah Sit,Lynbrook B,overall,5,,20
g41,Isaiah Sit,Lynbrook B,biology,2,,8
g41,Isaiah Sit,Lynbrook B,chemistry,1,,4
g41,Isaiah Sit,Lynbrook B,energy,0,,0
g41,Isaiah Sit,Lynbrook B,ess,2,,8
g41,Isaiah Sit,Lynbrook B,math,0,,0
g41,Isaiah Sit,Lynbrook B,physics,0,,0
g41,Matthew Yuan,Lynbrook B,overall,5,,20
g41,Matthew Yuan,Lynbrook B,biology,0,,0
g41,Matthew Yuan,Lynbrook B,chemistry,0,,0
g41,Matthew Yuan,Lynbrook B,energy,0,,0
g41,Matthew Yuan,Lynbrook B,ess,0,,0
g41,Matthew Yuan,Lynbrook B,math,3,,12
g41,Matthew Yuan,Lynbrook B,physics,2,,8
g41,Siwen Luo,Lynbrook B,overall,5,,20
g41,Siwen Luo,Lynbrook B,biology,0,,0
g41,Siwen Luo,Lynbrook B,chemistry,1,,4
g41,Siwen Luo,Lynbrook B,energy,1,,4
g41,Siwen Luo,Lynbrook B,ess,2,,8
g41,Siwen Luo,Lynbrook B,math,0,,0
g41,Siwen Luo,Lynbrook B,physics,1,,4
g41,Harold Wang,Lynbrook B,overall,3,,12
g41,Harold Wang,Lynbrook B,biology,1,,4
g41,Harold Wang,Lynbrook B,chemistry,0,,0
g41,Harold Wang,Lynbrook B,energy,1,,4
g41,Harold Wang,Lynbrook B,ess,0,,0
g41,Harold Wang,Lynbrook B,math,0,,0
g41,Harold Wang,Lynbrook B,physics,1,,4
g41,Sahil Deshmukh,Foothill B,overall,1,,4
g41,Sahil Deshmukh,Foothill B,biology,0,,0
g41,Sahil Deshmukh,Foothill B,chemistry,0,,0
g41,Sahil Deshmukh,Foothill B,energy,1,,4
g41,Sahil Deshmukh,Foothill B,ess,0,,0
g41,Sahil Deshmukh,Foothill B,math,0,,0
g41,Sahil Deshmukh,Foothill B,physics,0,,0
g41,Harini Penumuchu,Foothill B,overall,2,,8
g41,Harini Penumuchu,Foothill B,biology,0,,0
g41,Harini Penumuchu,Foothill B,chemistry,1,,4
g41,Harini Penumuchu,Foothill B,energy,0,,0
g41,Harini Penumuchu,Foothill B,ess,0,,0
g41,Harini Penumuchu,Foothill B,math,1,,4
g41,Harini Penumuchu,Foothill B,physics,0,,0
g41,Aahana Biswal,Foothill B,overall,0,,0
g41,Aahana Biswal,Foothill B,biology,0,,0
g41,Aahana Biswal,Foothill B,chemistry,0,,0
g41,Aahana Biswal,Foothill B,energy,0,,0
g41,Aahana Biswal,Foothill B,ess,0,,0
g41,Aahana Biswal,Foothill B,math,0,,0
g41,Aahana Biswal,Foothill B,physics,0,,0
g41,Shivani Swaminathan,Foothill B,overall,0,,0
g41,Shivani Swaminathan,Foothill B,biology,0,,0
g41,Shivani Swaminathan,Foothill B,chemistry,0,,0
g41,Shivani Swaminathan,Foothill B,energy,0,,0
g41,Shivani Swaminathan,Foothill B,ess,0,,0
g41,Shivani Swaminathan,Foothill B,math,0,,0
g41,Shivani Swaminathan,Foothill B,physics,0,,0
g37,Samarth Jain,AVHS,overall,2,,8
g37,Samarth Jain,AVHS,biology,0,,0
g37,Samarth Jain,AVHS,chemistry,0,,0
g37,Samarth Jain,AVHS,energy,0,,0
g37,Samarth Jain,AVHS,ess,2,,8
g37,Samarth Jain,AVHS,math,0,,0
g37,Samarth Jain,AVHS,physics,0,,0
g37,Gaurav Gupta,AVHS,overall,8,,32
g37,Gaurav Gupta,AVHS,biology,0,,0
g37,Gaurav Gupta,AVHS,chemistry,2,,8
g37,Gaurav Gupta,AVHS,energy,0,,0
g37,Gaurav Gupta,AVHS,ess,0,,0
g37,Gaurav Gupta,AVHS,math,3,,12
g37,Gaurav Gupta,AVHS,physics,3,,12
g37,Ritwik Aeka,AVHS,overall,5,,20
g37,Ritwik Aeka,AVHS,biology,4,,16
g37,Ritwik Aeka,AVHS,chemistry,1,,4
g37,Ritwik Aeka,AVHS,energy,0,,0
g37,Ritwik Aeka,AVHS,ess,0,,0
g37,Ritwik Aeka,AVHS,math,0,,0
g37,Ritwik Aeka,AVHS,physics,0,,0
g37,Alena Narkaitis,Los Gatos,overall,0,,0
g37,Alena Narkaitis,Los Gatos,biology,0,,0
g37,Alena Narkaitis,Los Gatos,chemistry,0,,0
g37,Alena Narkaitis,Los Gatos,energy,0,,0
g37,Alena Narkaitis,Los Gatos,ess,0,,0
g37,Alena Narkaitis,Los Gatos,math,0,,0
g37,Alena Narkaitis,Los Gatos,physics,0,,0
g37,Eric Wang,Los Gatos,overall,2,,8
g37,Eric Wang,Los Gatos,biology,0,,0
g37,Eric Wang,Los Gatos,chemistry,1,,4
g37,Eric Wang,Los Gatos,energy,0,,0
g37,Eric Wang,Los Gatos,ess,0,,0
g37,Eric Wang,Los Gatos,math,0,,0
g37,Eric Wang,Los Gatos,physics,1,,4
g37,Kiara Zhou,Los Gatos,overall,0,,0
g37,Kiara Zhou,Los Gatos,biology,0,,0
g37,Kiara Zhou,Los Gatos,chemistry,0,,0
g37,Kiara Zhou,Los Gatos,energy,0,,0
g37,Kiara Zhou,Los Gatos,ess,0,,0
g37,Kiara Zhou,Los Gatos,math,0,,0
g37,Kiara Zhou,Los Gatos,physics,0,,0
g37,Cassie Wei,Los Gatos,overall,0,,0
g37,Cassie Wei,Los Gatos,biology,0,,0
g37,Cassie Wei,Los Gatos,chemistry,0,,0
g37,Cassie Wei,Los Gatos,energy,0,,0
g37,Cassie Wei,Los Gatos,ess,0,,0
g37,Cassie Wei,Los Gatos,math,0,,0
g37,Cassie Wei,Los Gatos,physics,0,,0
g76,Ryan Jung,Albany B,overall,0,,0
g76,Ryan Jung,Albany B,biology,0,,0
g76,Ryan Jung,Albany B,chemistry,0,,0
g76,Ryan Jung,Albany B,energy,0,,0
g76,Ryan Jung,Albany B,ess,0,,0
g76,Ryan Jung,Albany B,math,0,,0
g76,Ryan Jung,Albany B,physics,0,,0
g76,Kevin Liu,Albany B,overall,0,,0
g76,Kevin Liu,Albany B,biology,0,,0
g76,Kevin Liu,Albany B,chemistry,0,,0
g76,Kevin Liu,Albany B,energy,0,,0
g76,Kevin Liu,Albany B,ess,0,,0
g76,Kevin Liu,Albany B,math,0,,0
g76,Kevin Liu,Albany B,physics,0,,0
g76,Oshan Poudel,Albany B,overall,0,,0
g76,Oshan Poudel,Albany B,biology,0,,0
g76,Oshan Poudel,Albany B,chemistry,0,,0
g76,Oshan Poudel,Albany B,energy,0,,0
g76,Oshan Poudel,Albany B,ess,0,,0
g76,Oshan Poudel,Albany B,math,0,,0
g76,Oshan Poudel,Albany B,physics,0,,0
g76,Samantha Chik,Albany B,overall,0,,0
g76,Samantha Chik,Albany B,biology,0,,0
g76,Samantha Chik,Albany B,chemistry,0,,0
g76,Samantha Chik,Albany B,energy,0,,0
g76,Samantha Chik,Albany B,ess,0,,0
g76,Samantha Chik,Albany B,math,0,,0
g76,Samantha Chik,Albany B,physics,0,,0
g76,Raiden Dea,Albany B,overall,1,,4
g76,Raiden Dea,Albany B,biology,0,,0
g76,Raiden Dea,Albany B,chemistry,0,,0
g76,Raiden Dea,Albany B,energy,0,,0
g76,Raiden Dea,Albany B,ess,1,,4
g76,Raiden Dea,Albany B,math,0,,0
g76,Raiden Dea,Albany B,physics,0,,0
g76,Renard Wu,Clovis North,overall,5,,20
g76,Renard Wu,Clovis North,biology,2,,8
g76,Renard Wu,Clovis North,chemistry,0,,0
g76,Renard Wu,Clovis North,energy,2,,8
g76,Renard Wu,Clovis North,ess,1,,4
g76,Renard Wu,Clovis North,math,0,,0
g76,Renard Wu,Clovis North,physics,0,,0
g76,Justin Do,Clovis North,overall,5,,20
g76,Justin Do,Clovis North,biology,0,,0
g76,Justin Do,Clovis North,chemistry,3,,12
g76,Justin Do,Clovis North,energy,0,,0
g76,Justin Do,Clovis North,ess,0,,0
g76,Justin Do,Clovis North,math,0,,0
g76,Justin Do,Clovis North,physics,2,,8
g76,Ethan Wang,Clovis North,overall,4,,16
g76,Ethan Wang,Clovis North,biology,0,,0
g76,Ethan Wang,Clovis North,chemistry,1,,4
g76,Ethan Wang,Clovis North,energy,1,,4
g76,Ethan Wang,Clovis North,ess,2,,8
g76,Ethan Wang,Clovis North,math,0,,0
g76,Ethan Wang,Clovis North,physics,0,,0
g76,Achuth Vinay,Clovis North,overall,1,,4
g76,Achuth Vinay,Clovis North,biology,1,,4
g76,Achuth Vinay,Clovis North,chemistry,0,,0
g76,Achuth Vinay,Clovis North,energy,0,,0
g76,Achuth Vinay,Clovis North,ess,0,,0
g76,Achuth Vinay,Clovis North,math,0,,0
g76,Achuth Vinay,Clovis North,physics,0,,0
g68,Owen Weisenberger,Middleton,overall,7,,28
g68,Owen Weisenberger,Middleton,biology,4,,16
g68,Owen Weisenberger,Middleton,chemistry,0,,0
g68,Owen Weisenberger,Middleton,energy,2,,8
g68,Owen Weisenberger,Middleton,ess,0,,0
g68,Owen Weisenberger,Middleton,math,1,,4
g68,Owen Weisenberger,Middleton,physics,0,,0
g68,Harry Jin,Middleton,overall,6,,24
g68,Harry Jin,Middleton,biology,0,,0
g68,Harry Jin,Middleton,chemistry,3,,12
g68,Harry Jin,Middleton,energy,1,,4
g68,Harry Jin,Middleton,ess,1,,4
g68,Harry Jin,Middleton,math,0,,0
g68,Harry Jin,Middleton,physics,1,,4
g68,Ray Feinberg,Middleton,overall,5,,20
g68,Ray Feinberg,Middleton,biology,0,,0
g68,Ray Feinberg,Middleton,chemistry,1,,4
g68,Ray Feinberg,Middleton,energy,0,,0
g68,Ray Feinberg,Middleton,ess,2,,8
g68,Ray Feinberg,Middleton,math,1,,4
g68,Ray Feinberg,Middleton,physics,1,,4
g68,Ayush Talapatra,California B,overall,1,,4
g68,Ayush Talapatra,California B,biology,0,,0
g68,Ayush Talapatra,California B,chemistry,0,,0
g68,Ayush Talapatra,California B,energy,0,,0
g68,Ayush Talapatra,California B,ess,1,,4
g68,Ayush Talapatra,California B,math,0,,0
g68,Ayush Talapatra,California B,physics,0,,0
g68,Jishnu Balaji,California B,overall,0,,0
g68,Jishnu Balaji,California B,biology,0,,0
g68,Jishnu Balaji,California B,chemistry,0,,0
g68,Jishnu Balaji,California B,energy,0,,0
g68,Jishnu Balaji,California B,ess,0,,0
g68,Jishnu Balaji,California B,math,0,,0
g68,Jishnu Balaji,California B,physics,0,,0
g68,Aditya Singh,California B,overall,0,,0
g68,Aditya Singh,California B,biology,0,,0
g68,Aditya Singh,California B,chemistry,0,,0
g68,Aditya Singh,California B,energy,0,,0
g68,Aditya Singh,California B,ess,0,,0
g68,Aditya Singh,California B,math,0,,0
g68,Aditya Singh,California B,physics,0,,0
g51,Anika Rajaram,Harker,overall,0,,0
g51,Anika Rajaram,Harker,biology,0,,0
g51,Anika Rajaram,Harker,chemistry,0,,0
g51,Anika Rajaram,Harker,energy,0,,0
g51,Anika Rajaram,Harker,ess,0,,0
g51,Anika Rajaram,Harker,math,0,,0
g51,Anika Rajaram,Harker,physics,0,,0
g51,Danielle Steinbach,Harker,overall,1,,4
g51,Danielle Steinbach,Harker,biology,0,,0
g51,Danielle Steinbach,Harker,chemistry,0,,0
g51,Danielle Steinbach,Harker,energy,0,,0
g51,Danielle Steinbach,Harker,ess,1,,4
g51,Danielle Steinbach,Harker,math,0,,0
g51,Danielle Steinbach,Harker,physics,0,,0
g51,Hongkang Zhao,Harker,overall,0,,0
g51,Hongkang Zhao,Harker,biology,0,,0
g51,Hongkang Zhao,Harker,chemistry,0,,0
g51,Hongkang Zhao,Harker,energy,0,,0
g51,Hongkang Zhao,Harker,ess,0,,0
g51,Hongkang Zhao,Harker,math,0,,0
g51,Hongkang Zhao,Harker,physics,0,,0
g51,Eric Dong,Harker,overall,0,,0
g51,Eric Dong,Harker,biology,0,,0
g51,Eric Dong,Harker,chemistry,0,,0
g51,Eric Dong,Harker,energy,0,,0
g51,Eric Dong,Harker,ess,0,,0
g51,Eric Dong,Harker,math,0,,0
g51,Eric Dong,Harker,physics,0,,0
g51,Aiden Lei,Harker,overall,2,,8
g51,Aiden Lei,Harker,biology,0,,0
g51,Aiden Lei,Harker,chemistry,0,,0
g51,Aiden Lei,Harker,energy,1,,4
g51,Aiden Lei,Harker,ess,1,,4
g51,Aiden Lei,Harker,math,0,,0
g51,Aiden Lei,Harker,physics,0,,0
g51,Yajur Chandar,Davidson A,overall,9,,36
g51,Yajur Chandar,Davidson A,biology,3,,12
g51,Yajur Chandar,Davidson A,chemistry,3,,12
g51,Yajur Chandar,Davidson A,energy,1,,4
g51,Yajur Chandar,Davidson A,ess,0,,0
g51,Yajur Chandar,Davidson A,math,0,,0
g51,Yajur Chandar,Davidson A,physics,2,,8
g51,Alexander Weaver,Davidson A,overall,2,,8
g51,Alexander Weaver,Davidson A,biology,0,,0
g51,Alexander Weaver,Davidson A,chemistry,0,,0
g51,Alexander Weaver,Davidson A,energy,0,,0
g51,Alexander Weaver,Davidson A,ess,2,,8
g51,Alexander Weaver,Davidson A,math,0,,0
g51,Alexander Weaver,Davidson A,physics,0,,0
g51,Lucas Wu,Davidson A,overall,2,,8
g51,Lucas Wu,Davidson A,biology,0,,0
g51,Lucas Wu,Davidson A,chemistry,0,,0
g51,Lucas Wu,Davidson A,energy,0,,0
g51,Lucas Wu,Davidson A,ess,0,,0
g51,Lucas Wu,Davidson A,math,1,,4
g51,Lucas Wu,Davidson A,physics,1,,4
g51,Julian Kuang,Davidson A,overall,2,,8
g51,Julian Kuang,Davidson A,biology,0,,0
g51,Julian Kuang,Davidson A,chemistry,0,,0
g51,Julian Kuang,Davidson A,energy,0,,0
g51,Julian Kuang,Davidson A,ess,0,,0
g51,Julian Kuang,Davidson A,math,2,,8
g51,Julian Kuang,Davidson A,physics,0,,0
g51,Filip Ramazan,Davidson A,overall,0,,0
g51,Filip Ramazan,Davidson A,biology,0,,0
g51,Filip Ramazan,Davidson A,chemistry,0,,0
g51,Filip Ramazan,Davidson A,energy,0,,0
g51,Filip Ramazan,Davidson A,ess,0,,0
g51,Filip Ramazan,Davidson A,math,0,,0
g51,Filip Ramazan,Davidson A,physics,0,,0
g48,Ishaan Sinha,Homestead,overall,1,,4
g48,Ishaan Sinha,Homestead,biology,1,,4
g48,Ishaan Sinha,Homestead,chemistry,0,,0
g48,Ishaan Sinha,Homestead,energy,0,,0
g48,Ishaan Sinha,Homestead,ess,0,,0
g48,Ishaan Sinha,Homestead,math,0,,0
g48,Ishaan Sinha,Homestead,physics,0,,0
g48,Leo Sitaraman,Homestead,overall,2,,8
g48,Leo Sitaraman,Homestead,biology,0,,0
g48,Leo Sitaraman,Homestead,chemistry,1,,4
g48,Leo Sitaraman,Homestead,energy,0,,0
g48,Leo Sitaraman,Homestead,ess,0,,0
g48,Leo Sitaraman,Homestead,math,0,,0
g48,Leo Sitaraman,Homestead,physics,1,,4
g48,Ofek Sadeh,Homestead,overall,0,,0
g48,Ofek Sadeh,Homestead,biology,0,,0
g48,Ofek Sadeh,Homestead,chemistry,0,,0
g48,Ofek Sadeh,Homestead,energy,0,,0
g48,Ofek Sadeh,Homestead,ess,0,,0
g48,Ofek Sadeh,Homestead,math,0,,0
g48,Ofek Sadeh,Homestead,physics,0,,0
g48,Keshav Sumitran,Homestead,overall,0,,0
g48,Keshav Sumitran,Homestead,biology,0,,0
g48,Keshav Sumitran,Homestead,chemistry,0,,0
g48,Keshav Sumitran,Homestead,energy,0,,0
g48,Keshav Sumitran,Homestead,ess,0,,0
g48,Keshav Sumitran,Homestead,math,0,,0
g48,Keshav Sumitran,Homestead,physics,0,,0
g48,Rebecca Yin,California A,overall,1,,4
g48,Rebecca Yin,California A,biology,0,,0
g48,Rebecca Yin,California A,chemistry,0,,0
g48,Rebecca Yin,California A,energy,0,,0
g48,Rebecca Yin,California A,ess,0,,0
g48,Rebecca Yin,California A,math,1,,4
g48,Rebecca Yin,California A,physics,0,,0
g48,Lucas Chi,California A,overall,4,,16
g48,Lucas Chi,California A,biology,1,,4
g48,Lucas Chi,California A,chemistry,0,,0
g48,Lucas Chi,California A,energy,2,,8
g48,Lucas Chi,California A,ess,1,,4
g48,Lucas Chi,California A,math,0,,0
g48,Lucas Chi,California A,physics,0,,0
g48,Vihaan Tigadikar,California A,overall,1,,4
g48,Vihaan Tigadikar,California A,biology,0,,0
g48,Vihaan Tigadikar,California A,chemistry,0,,0
g48,Vihaan Tigadikar,California A,energy,0,,0
g48,Vihaan Tigadikar,California A,ess,1,,4
g48,Vihaan Tigadikar,California A,math,0,,0
g48,Vihaan Tigadikar,California A,physics,0,,0
g48,Omkar Mahesh,California A,overall,3,,12
g48,Omkar Mahesh,California A,biology,0,,0
g48,Omkar Mahesh,California A,chemistry,2,,8
g48,Omkar Mahesh,California A,energy,0,,0
g48,Omkar Mahesh,California A,ess,0,,0
g48,Omkar Mahesh,California A,math,0,,0
g48,Omkar Mahesh,California A,physics,1,,4
g32,Nathan Lee,A-Tech A,overall,0,,0
g32,Nathan Lee,A-Tech A,biology,0,,0
g32,Nathan Lee,A-Tech A,chemistry,0,,0
g32,Nathan Lee,A-Tech A,energy,0,,0
g32,Nathan Lee,A-Tech A,ess,0,,0
g32,Nathan Lee,A-Tech A,math,0,,0
g32,Nathan Lee,A-Tech A,physics,0,,0
g32,Noah Lee,A-Tech A,overall,1,,4
g32,Noah Lee,A-Tech A,biology,1,,4
g32,Noah Lee,A-Tech A,chemistry,0,,0
g32,Noah Lee,A-Tech A,energy,0,,0
g32,Noah Lee,A-Tech A,ess,0,,0
g32,Noah Lee,A-Tech A,math,0,,0
g32,Noah Lee,A-Tech A,physics,0,,0
g32,Carlo Allietti,A-Tech A,overall,3,,12
g32,Carlo Allietti,A-Tech A,biology,0,,0
g32,Carlo Allietti,A-Tech A,chemistry,0,,0
g32,Carlo Allietti,A-Tech A,energy,2,,8
g32,Carlo Allietti,A-Tech A,ess,0,,0
g32,Carlo Allietti,A-Tech A,math,0,,0
g32,Carlo Allietti,A-Tech A,physics,1,,4
g32,Jose Hernandez,A-Tech A,overall,2,,8
g32,Jose Hernandez,A-Tech A,biology,0,,0
g32,Jose Hernandez,A-Tech A,chemistry,1,,4
g32,Jose Hernandez,A-Tech A,energy,0,,0
g32,Jose Hernandez,A-Tech A,ess,0,,0
g32,Jose Hernandez,A-Tech A,math,0,,0
g32,Jose Hernandez,A-Tech A,physics,1,,4
g32,Zayan Islam,A-Tech A,overall,1,,4
g32,Zayan Islam,A-Tech A,biology,0,,0
g32,Zayan Islam,A-Tech A,chemistry,0,,0
g32,Zayan Islam,A-Tech A,energy,0,,0
g32,Zayan Islam,A-Tech A,ess,0,,0
g32,Zayan Islam,A-Tech A,math,1,,4
g32,Zayan Islam,A-Tech A,physics,0,,0
g32,Sahil Deshmukh,Foothill B,overall,4,,16
g32,Sahil Deshmukh,Foothill B,biology,1,,4
g32,Sahil Deshmukh,Foothill B,chemistry,0,,0
g32,Sahil Deshmukh,Foothill B,energy,0,,0
g32,Sahil Deshmukh,Foothill B,ess,2,,8
g32,Sahil Deshmukh,Foothill B,math,1,,4
g32,Sahil Deshmukh,Foothill B,physics,0,,0
g32,Harini Penumuchu,Foothill B,overall,3,,12
g32,Harini Penumuchu,Foothill B,biology,0,,0
g32,Harini Penumuchu,Foothill B,chemistry,2,,8
g32,Harini Penumuchu,Foothill B,energy,0,,0
g32,Harini Penumuchu,Foothill B,ess,0,,0
g32,Harini Penumuchu,Foothill B,math,0,,0
g32,Harini Penumuchu,Foothill B,physics,1,,4
g32,Aahana Biswal,Foothill B,overall,0,,0
g32,Aahana Biswal,Foothill B,biology,0,,0
g32,Aahana Biswal,Foothill B,chemistry,0,,0
g32,Aahana Biswal,Foothill B,energy,0,,0
g32,Aahana Biswal,Foothill B,ess,0,,0
g32,Aahana Biswal,Foothill B,math,0,,0
g32,Aahana Biswal,Foothill B,physics,0,,0
g32,Shivani Swaminathan,Foothill B,overall,0,,0
g32,Shivani Swaminathan,Foothill B,biology,0,,0
g32,Shivani Swaminathan,Foothill B,chemistry,0,,0
g32,Shivani Swaminathan,Foothill B,energy,0,,0
g32,Shivani Swaminathan,Foothill B,ess,0,,0
g32,Shivani Swaminathan,Foothill B,math,0,,0
g32,Shivani Swaminathan,Foothill B,physics,0,,0
g87,Akshara Srigiriraju,Dougherty Valley B,overall,2,,8
g87,Akshara Srigiriraju,Dougherty Valley B,biology,2,,8
g87,Akshara Srigiriraju,Dougherty Valley B,chemistry,0,,0
g87,Akshara Srigiriraju,Dougherty Valley B,energy,0,,0
g87,Akshara Srigiriraju,Dougherty Valley B,ess,0,,0
g87,Akshara Srigiriraju,Dougherty Valley B,math,0,,0
g87,Akshara Srigiriraju,Dougherty Valley B,physics,0,,0
g87,Varun Challa,Dougherty Valley B,overall,4,,16
g87,Varun Challa,Dougherty Valley B,biology,0,,0
g87,Varun Challa,Dougherty Valley B,chemistry,0,,0
g87,Varun Challa,Dougherty Valley B,energy,2,,8
g87,Varun Challa,Dougherty Valley B,ess,1,,4
g87,Varun Challa,Dougherty Valley B,math,1,,4
g87,Varun Challa,Dougherty Valley B,physics,0,,0
g87,Alan Zhiheng Chen,Dougherty Valley B,overall,3,,12
g87,Alan Zhiheng Chen,Dougherty Valley B,biology,0,,0
g87,Alan Zhiheng Chen,Dougherty Valley B,chemistry,1,,4
g87,Alan Zhiheng Chen,Dougherty Valley B,energy,1,,4
g87,Alan Zhiheng Chen,Dougherty Valley B,ess,0,,0
g87,Alan Zhiheng Chen,Dougherty Valley B,math,0,,0
g87,Alan Zhiheng Chen,Dougherty Valley B,physics,1,,4
g87,Jaevin Go,Dougherty Valley B,overall,1,,4
g87,Jaevin Go,Dougherty Valley B,biology,0,,0
g87,Jaevin Go,Dougherty Valley B,chemistry,0,,0
g87,Jaevin Go,Dougherty Valley B,energy,0,,0
g87,Jaevin Go,Dougherty Valley B,ess,1,,4
g87,Jaevin Go,Dougherty Valley B,math,0,,0
g87,Jaevin Go,Dougherty Valley B,physics,0,,0
g87,Christopher Xia,Saint Francis,overall,2,,8
g87,Christopher Xia,Saint Francis,biology,0,,0
g87,Christopher Xia,Saint Francis,chemistry,1,,4
g87,Christopher Xia,Saint Francis,energy,0,,0
g87,Christopher Xia,Saint Francis,ess,0,,0
g87,Christopher Xia,Saint Francis,math,0,,0
g87,Christopher Xia,Saint Francis,physics,1,,4
g87,Caleb Obico,Saint Francis,overall,1,,4
g87,Caleb Obico,Saint Francis,biology,0,,0
g87,Caleb Obico,Saint Francis,chemistry,1,,4
g87,Caleb Obico,Saint Francis,energy,0,,0
g87,Caleb Obico,Saint Francis,ess,0,,0
g87,Caleb Obico,Saint Francis,math,0,,0
g87,Caleb Obico,Saint Francis,physics,0,,0
g87,Neha Pandya,Saint Francis,overall,1,,4
g87,Neha Pandya,Saint Francis,biology,0,,0
g87,Neha Pandya,Saint Francis,chemistry,1,,4
g87,Neha Pandya,Saint Francis,energy,0,,0
g87,Neha Pandya,Saint Francis,ess,0,,0
g87,Neha Pandya,Saint Francis,math,0,,0
g87,Neha Pandya,Saint Francis,physics,0,,0
g87,Mason Young,Saint Francis,overall,1,,4
g87,Mason Young,Saint Francis,biology,0,,0
g87,Mason Young,Saint Francis,chemistry,0,,0
g87,Mason Young,Saint Francis,energy,0,,0
g87,Mason Young,Saint Francis,ess,1,,4
g87,Mason Young,Saint Francis,math,0,,0
g87,Mason Young,Saint Francis,physics,0,,0
g70,Kira Liang,Cupertino A,overall,3,,12
g70,Kira Liang,Cupertino A,biology,1,,4
g70,Kira Liang,Cupertino A,chemistry,0,,0
g70,Kira Liang,Cupertino A,energy,2,,8
g70,Kira Liang,Cupertino A,ess,0,,0
g70,Kira Liang,Cupertino A,math,0,,0
g70,Kira Liang,Cupertino A,physics,0,,0
g70,Ethan Chu,Cupertino A,overall,1,,4
g70,Ethan Chu,Cupertino A,biology,0,,0
g70,Ethan Chu,Cupertino A,chemistry,0,,0
g70,Ethan Chu,Cupertino A,energy,0,,0
g70,Ethan Chu,Cupertino A,ess,1,,4
g70,Ethan Chu,Cupertino A,math,0,,0
g70,Ethan Chu,Cupertino A,physics,0,,0
g70,Namita Gaidhani,Cupertino A,overall,0,,0
g70,Namita Gaidhani,Cupertino A,biology,0,,0
g70,Namita Gaidhani,Cupertino A,chemistry,0,,0
g70,Namita Gaidhani,Cupertino A,energy,0,,0
g70,Namita Gaidhani,Cupertino A,ess,0,,0
g70,Namita Gaidhani,Cupertino A,math,0,,0
g70,Namita Gaidhani,Cupertino A,physics,0,,0
g70,Matthew Chen,Cupertino A,overall,8,,32
g70,Matthew Chen,Cupertino A,biology,0,,0
g70,Matthew Chen,Cupertino A,chemistry,2,,8
g70,Matthew Chen,Cupertino A,energy,1,,4
g70,Matthew Chen,Cupertino A,ess,0,,0
g70,Matthew Chen,Cupertino A,math,2,,8
g70,Matthew Chen,Cupertino A,physics,3,,12
g70,Brandon Seo,Cupertino A,overall,3,,12
g70,Brandon Seo,Cupertino A,biology,0,,0
g70,Brandon Seo,Cupertino A,chemistry,2,,8
g70,Brandon Seo,Cupertino A,energy,0,,0
g70,Brandon Seo,Cupertino A,ess,0,,0
g70,Brandon Seo,Cupertino A,math,1,,4
g70,Brandon Seo,Cupertino A,physics,0,,0
g70,Kaiyuan Ding,Gunn,overall,1,,4
g70,Kaiyuan Ding,Gunn,biology,0,,0
g70,Kaiyuan Ding,Gunn,chemistry,0,,0
g70,Kaiyuan Ding,Gunn,energy,0,,0
g70,Kaiyuan Ding,Gunn,ess,1,,4
g70,Kaiyuan Ding,Gunn,math,0,,0
g70,Kaiyuan Ding,Gunn,physics,0,,0
g70,Olivia Kim,Gunn,overall,2,,8
g70,Olivia Kim,Gunn,biology,0,,0
g70,Olivia Kim,Gunn,chemistry,0,,0
g70,Olivia Kim,Gunn,energy,0,,0
g70,Olivia Kim,Gunn,ess,1,,4
g70,Olivia Kim,Gunn,math,1,,4
g70,Olivia Kim,Gunn,physics,0,,0
g70,Elliot Boyce,Gunn,overall,1,,4
g70,Elliot Boyce,Gunn,biology,1,,4
g70,Elliot Boyce,Gunn,chemistry,0,,0
g70,Elliot Boyce,Gunn,energy,0,,0
g70,Elliot Boyce,Gunn,ess,0,,0
g70,Elliot Boyce,Gunn,math,0,,0
g70,Elliot Boyce,Gunn,physics,0,,0
g70,Nalan Rajan,Gunn,overall,0,,0
g70,Nalan Rajan,Gunn,biology,0,,0
g70,Nalan Rajan,Gunn,chemistry,0,,0
g70,Nalan Rajan,Gunn,energy,0,,0
g70,Nalan Rajan,Gunn,ess,0,,0
g70,Nalan Rajan,Gunn,math,0,,0
g70,Nalan Rajan,Gunn,physics,0,,0
g70,Daniel Li,Gunn,overall,1,,4
g70,Daniel Li,Gunn,biology,1,,4
g70,Daniel Li,Gunn,chemistry,0,,0
g70,Daniel Li,Gunn,energy,0,,0
g70,Daniel Li,Gunn,ess,0,,0
g70,Daniel Li,Gunn,math,0,,0
g70,Daniel Li,Gunn,physics,0,,0
g64,Vishruth Dinesh,American,overall,0,,0
g64,Vishruth Dinesh,American,biology,0,,0
g64,Vishruth Dinesh,American,chemistry,0,,0
g64,Vishruth Dinesh,American,energy,0,,0
g64,Vishruth Dinesh,American,ess,0,,0
g64,Vishruth Dinesh,American,math,0,,0
g64,Vishruth Dinesh,American,physics,0,,0
g64,Stavya Gaonkar,American,overall,5,,20
g64,Stavya Gaonkar,American,biology,2,,8
g64,Stavya Gaonkar,American,chemistry,1,,4
g64,Stavya Gaonkar,American,energy,0,,0
g64,Stavya Gaonkar,American,ess,1,,4
g64,Stavya Gaonkar,American,math,0,,0
g64,Stavya Gaonkar,American,physics,1,,4
g64,Keshav Venkatesh,American,overall,1,,4
g64,Keshav Venkatesh,American,biology,0,,0
g64,Keshav Venkatesh,American,chemistry,0,,0
g64,Keshav Venkatesh,American,energy,0,,0
g64,Keshav Venkatesh,American,ess,0,,0
g64,Keshav Venkatesh,American,math,1,,4
g64,Keshav Venkatesh,American,physics,0,,0
g64,Abdul Muhaimin,American,overall,0,,0
g64,Abdul Muhaimin,American,biology,0,,0
g64,Abdul Muhaimin,American,chemistry,0,,0
g64,Abdul Muhaimin,American,energy,0,,0
g64,Abdul Muhaimin,American,ess,0,,0
g64,Abdul Muhaimin,American,math,0,,0
g64,Abdul Muhaimin,American,physics,0,,0
g64,Owen Weisenberger,Middleton,overall,3,,12
g64,Owen Weisenberger,Middleton,biology,2,,8
g64,Owen Weisenberger,Middleton,chemistry,0,,0
g64,Owen Weisenberger,Middleton,energy,1,,4
g64,Owen Weisenberger,Middleton,ess,0,,0
g64,Owen Weisenberger,Middleton,math,0,,0
g64,Owen Weisenberger,Middleton,physics,0,,0
g64,Harry Jin,Middleton,overall,5,,20
g64,Harry Jin,Middleton,biology,0,,0
g64,Harry Jin,Middleton,chemistry,3,,12
g64,Harry Jin,Middleton,energy,0,,0
g64,Harry Jin,Middleton,ess,1,,4
g64,Harry Jin,Middleton,math,1,,4
g64,Harry Jin,Middleton,physics,0,,0
g64,Ray Feinberg,Middleton,overall,6,,24
g64,Ray Feinberg,Middleton,biology,0,,0
g64,Ray Feinberg,Middleton,chemistry,0,,0
g64,Ray Feinberg,Middleton,energy,2,,8
g64,Ray Feinberg,Middleton,ess,1,,4
g64,Ray Feinberg,Middleton,math,0,,0
g64,Ray Feinberg,Middleton,physics,3,,12
g56,Ishaan Kabra,Mission San Jose B,overall,2,,8
g56,Ishaan Kabra,Mission San Jose B,biology,0,,0
g56,Ishaan Kabra,Mission San Jose B,chemistry,0,,0
g56,Ishaan Kabra,Mission San Jose B,energy,0,,0
g56,Ishaan Kabra,Mission San Jose B,ess,0,,0
g56,Ishaan Kabra,Mission San Jose B,math,1,,4
g56,Ishaan Kabra,Mission San Jose B,physics,1,,4
g56,Advai Srinivasan,Mission San Jose B,overall,8,,32
g56,Advai Srinivasan,Mission San Jose B,biology,0,,0
g56,Advai Srinivasan,Mission San Jose B,chemistry,3,,12
g56,Advai Srinivasan,Mission San Jose B,energy,1,,4
g56,Advai Srinivasan,Mission San Jose B,ess,3,,12
g56,Advai Srinivasan,Mission San Jose B,math,0,,0
g56,Advai Srinivasan,Mission San Jose B,physics,1,,4
g56,Aravind Muralidharan,Mission San Jose B,overall,2,,8
g56,Aravind Muralidharan,Mission San Jose B,biology,1,,4
g56,Aravind Muralidharan,Mission San Jose B,chemistry,0,,0
g56,Aravind Muralidharan,Mission San Jose B,energy,1,,4
g56,Aravind Muralidharan,Mission San Jose B,ess,0,,0
g56,Aravind Muralidharan,Mission San Jose B,math,0,,0
g56,Aravind Muralidharan,Mission San Jose B,physics,0,,0
g56,Arnav Gupta,Mission San Jose B,overall,3,,12
g56,Arnav Gupta,Mission San Jose B,biology,1,,4
g56,Arnav Gupta,Mission San Jose B,chemistry,1,,4
g56,Arnav Gupta,Mission San Jose B,energy,1,,4
g56,Arnav Gupta,Mission San Jose B,ess,0,,0
g56,Arnav Gupta,Mission San Jose B,math,0,,0
g56,Arnav Gupta,Mission San Jose B,physics,0,,0
g56,Anika Rajaram,Harker,overall,3,,12
g56,Anika Rajaram,Harker,biology,0,,0
g56,Anika Rajaram,Harker,chemistry,0,,0
g56,Anika Rajaram,Harker,energy,0,,0
g56,Anika Rajaram,Harker,ess,0,,0
g56,Anika Rajaram,Harker,math,2,,8
g56,Anika Rajaram,Harker,physics,1,,4
g56,Danielle Steinbach,Harker,overall,1,,4
g56,Danielle Steinbach,Harker,biology,1,,4
g56,Danielle Steinbach,Harker,chemistry,0,,0
g56,Danielle Steinbach,Harker,energy,0,,0
g56,Danielle Steinbach,Harker,ess,0,,0
g56,Danielle Steinbach,Harker,math,0,,0
g56,Danielle Steinbach,Harker,physics,0,,0
g56,Eric Dong,Harker,overall,1,,4
g56,Eric Dong,Harker,biology,0,,0
g56,Eric Dong,Harker,chemistry,0,,0
g56,Eric Dong,Harker,energy,0,,0
g56,Eric Dong,Harker,ess,0,,0
g56,Eric Dong,Harker,math,0,,0
g56,Eric Dong,Harker,physics,1,,4
g56,Aiden Lei,Harker,overall,1,,4
g56,Aiden Lei,Harker,biology,0,,0
g56,Aiden Lei,Harker,chemistry,0,,0
g56,Aiden Lei,Harker,energy,0,,0
g56,Aiden Lei,Harker,ess,1,,4
g56,Aiden Lei,Harker,math,0,,0
g56,Aiden Lei,Harker,physics,0,,0
g45,Vikrant Chintanaboina,Stanford Online,overall,3,,12
g45,Vikrant Chintanaboina,Stanford Online,biology,0,,0
g45,Vikrant Chintanaboina,Stanford Online,chemistry,2,,8
g45,Vikrant Chintanaboina,Stanford Online,energy,0,,0
g45,Vikrant Chintanaboina,Stanford Online,ess,1,,4
g45,Vikrant Chintanaboina,Stanford Online,math,0,,0
g45,Vikrant Chintanaboina,Stanford Online,physics,0,,0
g45,Arin Parsa,Stanford Online,overall,2,,8
g45,Arin Parsa,Stanford Online,biology,1,,4
g45,Arin Parsa,Stanford Online,chemistry,0,,0
g45,Arin Parsa,Stanford Online,energy,1,,4
g45,Arin Parsa,Stanford Online,ess,0,,0
g45,Arin Parsa,Stanford Online,math,0,,0
g45,Arin Parsa,Stanford Online,physics,0,,0
g45,Rachael Lin,Stanford Online,overall,0,,0
g45,Rachael Lin,Stanford Online,biology,0,,0
g45,Rachael Lin,Stanford Online,chemistry,0,,0
g45,Rachael Lin,Stanford Online,energy,0,,0
g45,Rachael Lin,Stanford Online,ess,0,,0
g45,Rachael Lin,Stanford Online,math,0,,0
g45,Rachael Lin,Stanford Online,physics,0,,0
g45,Rajalakshmi Sriram,Stanford Online,overall,0,,0
g45,Rajalakshmi Sriram,Stanford Online,biology,0,,0
g45,Rajalakshmi Sriram,Stanford Online,chemistry,0,,0
g45,Rajalakshmi Sriram,Stanford Online,energy,0,,0
g45,Rajalakshmi Sriram,Stanford Online,ess,0,,0
g45,Rajalakshmi Sriram,Stanford Online,math,0,,0
g45,Rajalakshmi Sriram,Stanford Online,physics,0,,0
g45,Isaiah Sit,Lynbrook B,overall,5,,20
g45,Isaiah Sit,Lynbrook B,biology,2,,8
g45,Isaiah Sit,Lynbrook B,chemistry,1,,4
g45,Isaiah Sit,Lynbrook B,energy,0,,0
g45,Isaiah Sit,Lynbrook B,ess,2,,8
g45,Isaiah Sit,Lynbrook B,math,0,,0
g45,Isaiah Sit,Lynbrook B,physics,0,,0
g45,Matthew Yuan,Lynbrook B,overall,5,,20
g45,Matthew Yuan,Lynbrook B,biology,0,,0
g45,Matthew Yuan,Lynbrook B,chemistry,0,,0
g45,Matthew Yuan,Lynbrook B,energy,1,,4
g45,Matthew Yuan,Lynbrook B,ess,0,,0
g45,Matthew Yuan,Lynbrook B,math,3,,12
g45,Matthew Yuan,Lynbrook B,physics,1,,4
g45,Siwen Luo,Lynbrook B,overall,3,,12
g45,Siwen Luo,Lynbrook B,biology,0,,0
g45,Siwen Luo,Lynbrook B,chemistry,1,,4
g45,Siwen Luo,Lynbrook B,energy,1,,4
g45,Siwen Luo,Lynbrook B,ess,0,,0
g45,Siwen Luo,Lynbrook B,math,0,,0
g45,Siwen Luo,Lynbrook B,physics,1,,4
g45,Harold Wang,Lynbrook B,overall,2,,8
g45,Harold Wang,Lynbrook B,biology,0,,0
g45,Harold Wang,Lynbrook B,chemistry,0,,0
g45,Harold Wang,Lynbrook B,energy,0,,0
g45,Harold Wang,Lynbrook B,ess,1,,4
g45,Harold Wang,Lynbrook B,math,1,,4
g45,Harold Wang,Lynbrook B,physics,0,,0
g88,Jonathan Yuen,Palo Alto,overall,0,,0
g88,Jonathan Yuen,Palo Alto,biology,0,,0
g88,Jonathan Yuen,Palo Alto,chemistry,0,,0
g88,Jonathan Yuen,Palo Alto,energy,0,,0
g88,Jonathan Yuen,Palo Alto,ess,0,,0
g88,Jonathan Yuen,Palo Alto,math,0,,0
g88,Jonathan Yuen,Palo Alto,physics,0,,0
g88,Jeremy Yuen,Palo Alto,overall,2,,8
g88,Jeremy Yuen,Palo Alto,biology,0,,0
g88,Jeremy Yuen,Palo Alto,chemistry,0,,0
g88,Jeremy Yuen,Palo Alto,energy,1,,4
g88,Jeremy Yuen,Palo Alto,ess,1,,4
g88,Jeremy Yuen,Palo Alto,math,0,,0
g88,Jeremy Yuen,Palo Alto,physics,0,,0
g88,Andrew Wen,Palo Alto,overall,3,,12
g88,Andrew Wen,Palo Alto,biology,0,,0
g88,Andrew Wen,Palo Alto,chemistry,1,,4
g88,Andrew Wen,Palo Alto,energy,0,,0
g88,Andrew Wen,Palo Alto,ess,0,,0
g88,Andrew Wen,Palo Alto,math,1,,4
g88,Andrew Wen,Palo Alto,physics,1,,4
g88,Forrest Chou,Palo Alto,overall,6,,24
g88,Forrest Chou,Palo Alto,biology,1,,4
g88,Forrest Chou,Palo Alto,chemistry,1,,4
g88,Forrest Chou,Palo Alto,energy,1,,4
g88,Forrest Chou,Palo Alto,ess,1,,4
g88,Forrest Chou,Palo Alto,math,0,,0
g88,Forrest Chou,Palo Alto,physics,2,,8
g88,Rasia Yu,Palo Alto,overall,0,,0
g88,Rasia Yu,Palo Alto,biology,0,,0
g88,Rasia Yu,Palo Alto,chemistry,0,,0
g88,Rasia Yu,Palo Alto,energy,0,,0
g88,Rasia Yu,Palo Alto,ess,0,,0
g88,Rasia Yu,Palo Alto,math,0,,0
g88,Rasia Yu,Palo Alto,physics,0,,0
g88,Bhagirath Bandigari,Foothill A,overall,2,,8
g88,Bhagirath Bandigari,Foothill A,biology,2,,8
g88,Bhagirath Bandigari,Foothill A,chemistry,0,,0
g88,Bhagirath Bandigari,Foothill A,energy,0,,0
g88,Bhagirath Bandigari,Foothill A,ess,0,,0
g88,Bhagirath Bandigari,Foothill A,math,0,,0
g88,Bhagirath Bandigari,Foothill A,physics,0,,0
g88,Athithan Elamaran,Foothill A,overall,2,,8
g88,Athithan Elamaran,Foothill A,biology,0,,0
g88,Athithan Elamaran,Foothill A,chemistry,0,,0
g88,Athithan Elamaran,Foothill A,energy,0,,0
g88,Athithan Elamaran,Foothill A,ess,0,,0
g88,Athithan Elamaran,Foothill A,math,2,,8
g88,Athithan Elamaran,Foothill A,physics,0,,0
g88,Brandon Kong,Foothill A,overall,1,,4
g88,Brandon Kong,Foothill A,biology,0,,0
g88,Brandon Kong,Foothill A,chemistry,0,,0
g88,Brandon Kong,Foothill A,energy,1,,4
g88,Brandon Kong,Foothill A,ess,0,,0
g88,Brandon Kong,Foothill A,math,0,,0
g88,Brandon Kong,Foothill A,physics,0,,0
g88,Jake Nguyen,Foothill A,overall,1,,4
g88,Jake Nguyen,Foothill A,biology,0,,0
g88,Jake Nguyen,Foothill A,chemistry,1,,4
g88,Jake Nguyen,Foothill A,energy,0,,0
g88,Jake Nguyen,Foothill A,ess,0,,0
g88,Jake Nguyen,Foothill A,math,0,,0
g88,Jake Nguyen,Foothill A,physics,0,,0
g80,Christopher Xia,Saint Francis,overall,4,,16
g80,Christopher Xia,Saint Francis,biology,0,,0
g80,Christopher Xia,Saint Francis,chemistry,1,,4
g80,Christopher Xia,Saint Francis,energy,1,,4
g80,Christopher Xia,Saint Francis,ess,0,,0
g80,Christopher Xia,Saint Francis,math,1,,4
g80,Christopher Xia,Saint Francis,physics,1,,4
g80,Caleb Obico,Saint Francis,overall,3,,12
g80,Caleb Obico,Saint Francis,biology,1,,4
g80,Caleb Obico,Saint Francis,chemistry,0,,0
g80,Caleb Obico,Saint Francis,energy,1,,4
g80,Caleb Obico,Saint Francis,ess,1,,4
g80,Caleb Obico,Saint Francis,math,0,,0
g80,Caleb Obico,Saint Francis,physics,0,,0
g80,Neha Pandya,Saint Francis,overall,4,,16
g80,Neha Pandya,Saint Francis,biology,1,,4
g80,Neha Pandya,Saint Francis,chemistry,1,,4
g80,Neha Pandya,Saint Francis,energy,1,,4
g80,Neha Pandya,Saint Francis,ess,0,,0
g80,Neha Pandya,Saint Francis,math,0,,0
g80,Neha Pandya,Saint Francis,physics,1,,4
g80,Mason Young,Saint Francis,overall,2,,8
g80,Mason Young,Saint Francis,biology,1,,4
g80,Mason Young,Saint Francis,chemistry,0,,0
g80,Mason Young,Saint Francis,energy,0,,0
g80,Mason Young,Saint Francis,ess,1,,4
g80,Mason Young,Saint Francis,math,0,,0
g80,Mason Young,Saint Francis,physics,0,,0
g80,Kevin Liu,Albany B,overall,0,,0
g80,Kevin Liu,Albany B,biology,0,,0
g80,Kevin Liu,Albany B,chemistry,0,,0
g80,Kevin Liu,Albany B,energy,0,,0
g80,Kevin Liu,Albany B,ess,0,,0
g80,Kevin Liu,Albany B,math,0,,0
g80,Kevin Liu,Albany B,physics,0,,0
g80,Ryan Jung,Albany B,overall,0,,0
g80,Ryan Jung,Albany B,biology,0,,0
g80,Ryan Jung,Albany B,chemistry,0,,0
g80,Ryan Jung,Albany B,energy,0,,0
g80,Ryan Jung,Albany B,ess,0,,0
g80,Ryan Jung,Albany B,math,0,,0
g80,Ryan Jung,Albany B,physics,0,,0
g80,Oshan Poudel,Albany B,overall,2,,8
g80,Oshan Poudel,Albany B,biology,0,,0
g80,Oshan Poudel,Albany B,chemistry,1,,4
g80,Oshan Poudel,Albany B,energy,0,,0
g80,Oshan Poudel,Albany B,ess,0,,0
g80,Oshan Poudel,Albany B,math,0,,0
g80,Oshan Poudel,Albany B,physics,1,,4
g80,Samantha Chik,Albany B,overall,1,,4
g80,Samantha Chik,Albany B,biology,1,,4
g80,Samantha Chik,Albany B,chemistry,0,,0
g80,Samantha Chik,Albany B,energy,0,,0
g80,Samantha Chik,Albany B,ess,0,,0
g80,Samantha Chik,Albany B,math,0,,0
g80,Samantha Chik,Albany B,physics,0,,0
g80,Raiden Dea,Albany B,overall,1,,4
g80,Raiden Dea,Albany B,biology,0,,0
g80,Raiden Dea,Albany B,chemistry,0,,0
g80,Raiden Dea,Albany B,energy,0,,0
g80,Raiden Dea,Albany B,ess,1,,4
g80,Raiden Dea,Albany B,math,0,,0
g80,Raiden Dea,Albany B,physics,0,,0
g66,Ayush Talapatra,California B,overall,2,,8
g66,Ayush Talapatra,California B,biology,0,,0
g66,Ayush Talapatra,California B,chemistry,1,,4
g66,Ayush Talapatra,California B,energy,0,,0
g66,Ayush Talapatra,California B,ess,1,,4
g66,Ayush Talapatra,California B,math,0,,0
g66,Ayush Talapatra,California B,physics,0,,0
g66,Jishnu Balaji,California B,overall,0,,0
g66,Jishnu Balaji,California B,biology,0,,0
g66,Jishnu Balaji,California B,chemistry,0,,0
g66,Jishnu Balaji,California B,energy,0,,0
g66,Jishnu Balaji,California B,ess,0,,0
g66,Jishnu Balaji,California B,math,0,,0
g66,Jishnu Balaji,California B,physics,0,,0
g66,Aditya Singh,California B,overall,0,,0
g66,Aditya Singh,California B,biology,0,,0
g66,Aditya Singh,California B,chemistry,0,,0
g66,Aditya Singh,California B,energy,0,,0
g66,Aditya Singh,California B,ess,0,,0
g66,Aditya Singh,California B,math,0,,0
g66,Aditya Singh,California B,physics,0,,0
g66,Kira Liang,Cupertino A,overall,4,,16
g66,Kira Liang,Cupertino A,biology,3,,12
g66,Kira Liang,Cupertino A,chemistry,0,,0
g66,Kira Liang,Cupertino A,energy,1,,4
g66,Kira Liang,Cupertino A,ess,0,,0
g66,Kira Liang,Cupertino A,math,0,,0
g66,Kira Liang,Cupertino A,physics,0,,0
g66,Ethan Chu,Cupertino A,overall,1,,4
g66,Ethan Chu,Cupertino A,biology,0,,0
g66,Ethan Chu,Cupertino A,chemistry,0,,0
g66,Ethan Chu,Cupertino A,energy,0,,0
g66,Ethan Chu,Cupertino A,ess,0,,0
g66,Ethan Chu,Cupertino A,math,0,,0
g66,Ethan Chu,Cupertino A,physics,1,,4
g66,Namita Gaidhani,Cupertino A,overall,1,,4
g66,Namita Gaidhani,Cupertino A,biology,0,,0
g66,Namita Gaidhani,Cupertino A,chemistry,0,,0
g66,Namita Gaidhani,Cupertino A,energy,0,,0
g66,Namita Gaidhani,Cupertino A,ess,1,,4
g66,Namita Gaidhani,Cupertino A,math,0,,0
g66,Namita Gaidhani,Cupertino A,physics,0,,0
g66,Matthew Chen,Cupertino A,overall,5,,20
g66,Matthew Chen,Cupertino A,biology,0,,0
g66,Matthew Chen,Cupertino A,chemistry,1,,4
g66,Matthew Chen,Cupertino A,energy,2,,8
g66,Matthew Chen,Cupertino A,ess,0,,0
g66,Matthew Chen,Cupertino A,math,1,,4
g66,Matthew Chen,Cupertino A,physics,1,,4
g66,Brandon Seo,Cupertino A,overall,3,,12
g66,Brandon Seo,Cupertino A,biology,0,,0
g66,Brandon Seo,Cupertino A,chemistry,1,,4
g66,Brandon Seo,Cupertino A,energy,0,,0
g66,Brandon Seo,Cupertino A,ess,1,,4
g66,Brandon Seo,Cupertino A,math,0,,0
g66,Brandon Seo,Cupertino A,physics,1,,4
g54,Yajur Chandar,Davidson A,overall,6,,24
g54,Yajur Chandar,Davidson A,biology,3,,12
g54,Yajur Chandar,Davidson A,chemistry,2,,8
g54,Yajur Chandar,Davidson A,energy,0,,0
g54,Yajur Chandar,Davidson A,ess,0,,0
g54,Yajur Chandar,Davidson A,math,0,,0
g54,Yajur Chandar,Davidson A,physics,1,,4
g54,Alexander Weaver,Davidson A,overall,6,,24
g54,Alexander Weaver,Davidson A,biology,0,,0
g54,Alexander Weaver,Davidson A,chemistry,0,,0
g54,Alexander Weaver,Davidson A,energy,2,,8
g54,Alexander Weaver,Davidson A,ess,4,,16
g54,Alexander Weaver,Davidson A,math,0,,0
g54,Alexander Weaver,Davidson A,physics,0,,0
g54,Lucas Wu,Davidson A,overall,3,,12
g54,Lucas Wu,Davidson A,biology,0,,0
g54,Lucas Wu,Davidson A,chemistry,1,,4
g54,Lucas Wu,Davidson A,energy,0,,0
g54,Lucas Wu,Davidson A,ess,0,,0
g54,Lucas Wu,Davidson A,math,1,,4
g54,Lucas Wu,Davidson A,physics,1,,4
g54,Filip Ramazan,Davidson A,overall,2,,8
g54,Filip Ramazan,Davidson A,biology,1,,4
g54,Filip Ramazan,Davidson A,chemistry,1,,4
g54,Filip Ramazan,Davidson A,energy,0,,0
g54,Filip Ramazan,Davidson A,ess,0,,0
g54,Filip Ramazan,Davidson A,math,0,,0
g54,Filip Ramazan,Davidson A,physics,0,,0
g54,Julian Kuang,Davidson A,overall,2,,8
g54,Julian Kuang,Davidson A,biology,0,,0
g54,Julian Kuang,Davidson A,chemistry,0,,0
g54,Julian Kuang,Davidson A,energy,0,,0
g54,Julian Kuang,Davidson A,ess,0,,0
g54,Julian Kuang,Davidson A,math,2,,8
g54,Julian Kuang,Davidson A,physics,0,,0
g54,Sharanya Mahanta,San Mateo,overall,0,,0
g54,Sharanya Mahanta,San Mateo,biology,0,,0
g54,Sharanya Mahanta,San Mateo,chemistry,0,,0
g54,Sharanya Mahanta,San Mateo,energy,0,,0
g54,Sharanya Mahanta,San Mateo,ess,0,,0
g54,Sharanya Mahanta,San Mateo,math,0,,0
g54,Sharanya Mahanta,San Mateo,physics,0,,0
g54,Natalie Dias,San Mateo,overall,0,,0
g54,Natalie Dias,San Mateo,biology,0,,0
g54,Natalie Dias,San Mateo,chemistry,0,,0
g54,Natalie Dias,San Mateo,energy,0,,0
g54,Natalie Dias,San Mateo,ess,0,,0
g54,Natalie Dias,San Mateo,math,0,,0
g54,Natalie Dias,San Mateo,physics,0,,0
g54,Vivian Shi,San Mateo,overall,0,,0
g54,Vivian Shi,San Mateo,biology,0,,0
g54,Vivian Shi,San Mateo,chemistry,0,,0
g54,Vivian Shi,San Mateo,energy,0,,0
g54,Vivian Shi,San Mateo,ess,0,,0
g54,Vivian Shi,San Mateo,math,0,,0
g54,Vivian Shi,San Mateo,physics,0,,0
g54,Gabriela Sapugay,San Mateo,overall,0,,0
g54,Gabriela Sapugay,San Mateo,biology,0,,0
g54,Gabriela Sapugay,San Mateo,chemistry,0,,0
g54,Gabriela Sapugay,San Mateo,energy,0,,0
g54,Gabriela Sapugay,San Mateo,ess,0,,0
g54,Gabriela Sapugay,San Mateo,math,0,,0
g54,Gabriela Sapugay,San Mateo,physics,0,,0
g47,Anika Rajaram,Harker,overall,2,,8
g47,Anika Rajaram,Harker,biology,1,,4
g47,Anika Rajaram,Harker,chemistry,0,,0
g47,Anika Rajaram,Harker,energy,0,,0
g47,Anika Rajaram,Harker,ess,0,,0
g47,Anika Rajaram,Harker,math,1,,4
g47,Anika Rajaram,Harker,physics,0,,0
g47,Danielle Steinbach,Harker,overall,1,,4
g47,Danielle Steinbach,Harker,biology,0,,0
g47,Danielle Steinbach,Harker,chemistry,1,,4
g47,Danielle Steinbach,Harker,energy,0,,0
g47,Danielle Steinbach,Harker,ess,0,,0
g47,Danielle Steinbach,Harker,math,0,,0
g47,Danielle Steinbach,Harker,physics,0,,0
g47,Hongkang Zhao,Harker,overall,1,,4
g47,Hongkang Zhao,Harker,biology,0,,0
g47,Hongkang Zhao,Harker,chemistry,0,,0
g47,Hongkang Zhao,Harker,energy,0,,0
g47,Hongkang Zhao,Harker,ess,0,,0
g47,Hongkang Zhao,Harker,math,1,,4
g47,Hongkang Zhao,Harker,physics,0,,0
g47,Eric Dong,Harker,overall,1,,4
g47,Eric Dong,Harker,biology,0,,0
g47,Eric Dong,Harker,chemistry,0,,0
g47,Eric Dong,Harker,energy,0,,0
g47,Eric Dong,Harker,ess,0,,0
g47,Eric Dong,Harker,math,0,,0
g47,Eric Dong,Harker,physics,1,,4
g47,Aiden Lei,Harker,overall,2,,8
g47,Aiden Lei,Harker,biology,0,,0
g47,Aiden Lei,Harker,chemistry,0,,0
g47,Aiden Lei,Harker,energy,0,,0
g47,Aiden Lei,Harker,ess,2,,8
g47,Aiden Lei,Harker,math,0,,0
g47,Aiden Lei,Harker,physics,0,,0
g47,Rebecca Yin,California A,overall,0,,0
g47,Rebecca Yin,California A,biology,0,,0
g47,Rebecca Yin,California A,chemistry,0,,0
g47,Rebecca Yin,California A,energy,0,,0
g47,Rebecca Yin,California A,ess,0,,0
g47,Rebecca Yin,California A,math,0,,0
g47,Rebecca Yin,California A,physics,0,,0
g47,Lucas Chi,California A,overall,3,,12
g47,Lucas Chi,California A,biology,0,,0
g47,Lucas Chi,California A,chemistry,1,,4
g47,Lucas Chi,California A,energy,1,,4
g47,Lucas Chi,California A,ess,1,,4
g47,Lucas Chi,California A,math,0,,0
g47,Lucas Chi,California A,physics,0,,0
g47,Vihaan Tigadikar,California A,overall,3,,12
g47,Vihaan Tigadikar,California A,biology,0,,0
g47,Vihaan Tigadikar,California A,chemistry,0,,0
g47,Vihaan Tigadikar,California A,energy,1,,4
g47,Vihaan Tigadikar,California A,ess,0,,0
g47,Vihaan Tigadikar,California A,math,0,,0
g47,Vihaan Tigadikar,California A,physics,2,,8
g47,Omkar Mahesh,California A,overall,1,,4
g47,Omkar Mahesh,California A,biology,0,,0
g47,Omkar Mahesh,California A,chemistry,1,,4
g47,Omkar Mahesh,California A,energy,0,,0
g47,Omkar Mahesh,California A,ess,0,,0
g47,Omkar Mahesh,California A,math,0,,0
g47,Omkar Mahesh,California A,physics,0,,0
g1,Mikayla Rai Feng,Albany A,overall,0,,0
g1,Mikayla Rai Feng,Albany A,biology,0,,0
g1,Mikayla Rai Feng,Albany A,chemistry,0,,0
g1,Mikayla Rai Feng,Albany A,energy,0,,0
g1,Mikayla Rai Feng,Albany A,ess,0,,0
g1,Mikayla Rai Feng,Albany A,math,0,,0
g1,Mikayla Rai Feng,Albany A,physics,0,,0
g1,Alex Bowen,Albany A,overall,0,,0
g1,Alex Bowen,Albany A,biology,0,,0
g1,Alex Bowen,Albany A,chemistry,0,,0
g1,Alex Bowen,Albany A,energy,0,,0
g1,Alex Bowen,Albany A,ess,0,,0
g1,Alex Bowen,Albany A,math,0,,0
g1,Alex Bowen,Albany A,physics,0,,0
g1,Lawrence Chan,Albany A,overall,0,,0
g1,Lawrence Chan,Albany A,biology,0,,0
g1,Lawrence Chan,Albany A,chemistry,0,,0
g1,Lawrence Chan,Albany A,energy,0,,0
g1,Lawrence Chan,Albany A,ess,0,,0
g1,Lawrence Chan,Albany A,math,0,,0
g1,Lawrence Chan,Albany A,physics,0,,0
g1,Orin Tran Davidson,Albany A,overall,0,,0
g1,Orin Tran Davidson,Albany A,biology,0,,0
g1,Orin Tran Davidson,Albany A,chemistry,0,,0
g1,Orin Tran Davidson,Albany A,energy,0,,0
g1,Orin Tran Davidson,Albany A,ess,0,,0
g1,Orin Tran Davidson,Albany A,math,0,,0
g1,Orin Tran Davidson,Albany A,physics,0,,0
g1,Grace Ha,Albany A,overall,0,,0
g1,Grace Ha,Albany A,biology,0,,0
g1,Grace Ha,Albany A,chemistry,0,,0
g1,Grace Ha,Albany A,energy,0,,0
g1,Grace Ha,Albany A,ess,0,,0
g1,Grace Ha,Albany A,math,0,,0
g1,Grace Ha,Albany A,physics,0,,0
g1,Larry Zhao,BASIS Silicon Valley,overall,1,,4
g1,Larry Zhao,BASIS Silicon Valley,biology,1,,4
g1,Larry Zhao,BASIS Silicon Valley,chemistry,0,,0
g1,Larry Zhao,BASIS Silicon Valley,energy,0,,0
g1,Larry Zhao,BASIS Silicon Valley,ess,0,,0
g1,Larry Zhao,BASIS Silicon Valley,math,0,,0
g1,Larry Zhao,BASIS Silicon Valley,physics,0,,0
g1,Lucas Quan,BASIS Silicon Valley,overall,11,,44
g1,Lucas Quan,BASIS Silicon Valley,biology,0,,0
g1,Lucas Quan,BASIS Silicon Valley,chemistry,3,,12
g1,Lucas Quan,BASIS Silicon Valley,energy,3,,12
g1,Lucas Quan,BASIS Silicon Valley,ess,1,,4
g1,Lucas Quan,BASIS Silicon Valley,math,2,,8
g1,Lucas Quan,BASIS Silicon Valley,physics,2,,8
g1,Naman Siddheshwar,BASIS Silicon Valley,overall,0,,0
g1,Naman Siddheshwar,BASIS Silicon Valley,biology,0,,0
g1,Naman Siddheshwar,BASIS Silicon Valley,chemistry,0,,0
g1,Naman Siddheshwar,BASIS Silicon Valley,energy,0,,0
g1,Naman Siddheshwar,BASIS Silicon Valley,ess,0,,0
g1,Naman Siddheshwar,BASIS Silicon Valley,math,0,,0
g1,Naman Siddheshwar,BASIS Silicon Valley,physics,0,,0
g1,Michelle Liu,BASIS Silicon Valley,overall,1,,4
g1,Michelle Liu,BASIS Silicon Valley,biology,1,,4
g1,Michelle Liu,BASIS Silicon Valley,chemistry,0,,0
g1,Michelle Liu,BASIS Silicon Valley,energy,0,,0
g1,Michelle Liu,BASIS Silicon Valley,ess,0,,0
g1,Michelle Liu,BASIS Silicon Valley,math,0,,0
g1,Michelle Liu,BASIS Silicon Valley,physics,0,,0
g83,Renard Wu,Clovis North,overall,5,,20
g83,Renard Wu,Clovis North,biology,4,,16
g83,Renard Wu,Clovis North,chemistry,0,,0
g83,Renard Wu,Clovis North,energy,1,,4
g83,Renard Wu,Clovis North,ess,0,,0
g83,Renard Wu,Clovis North,math,0,,0
g83,Renard Wu,Clovis North,physics,0,,0
g83,Justin Do,Clovis North,overall,4,,16
g83,Justin Do,Clovis North,biology,0,,0
g83,Justin Do,Clovis North,chemistry,2,,8
g83,Justin Do,Clovis North,energy,1,,4
g83,Justin Do,Clovis North,ess,0,,0
g83,Justin Do,Clovis North,math,0,,0
g83,Justin Do,Clovis North,physics,1,,4
g83,Ethan Wang,Clovis North,overall,3,,12
g83,Ethan Wang,Clovis North,biology,0,,0
g83,Ethan Wang,Clovis North,chemistry,0,,0
g83,Ethan Wang,Clovis North,energy,0,,0
g83,Ethan Wang,Clovis North,ess,3,,12
g83,Ethan Wang,Clovis North,math,0,,0
g83,Ethan Wang,Clovis North,physics,0,,0
g83,Achuth Vinay,Clovis North,overall,1,,4
g83,Achuth Vinay,Clovis North,biology,0,,0
g83,Achuth Vinay,Clovis North,chemistry,0,,0
g83,Achuth Vinay,Clovis North,energy,0,,0
g83,Achuth Vinay,Clovis North,ess,0,,0
g83,Achuth Vinay,Clovis North,math,1,,4
g83,Achuth Vinay,Clovis North,physics,0,,0
g83,Jonathan Yuen,Palo Alto,overall,0,,0
g83,Jonathan Yuen,Palo Alto,biology,0,,0
g83,Jonathan Yuen,Palo Alto,chemistry,0,,0
g83,Jonathan Yuen,Palo Alto,energy,0,,0
g83,Jonathan Yuen,Palo Alto,ess,0,,0
g83,Jonathan Yuen,Palo Alto,math,0,,0
g83,Jonathan Yuen,Palo Alto,physics,0,,0
g83,Jeremy Yuen,Palo Alto,overall,0,,0
g83,Jeremy Yuen,Palo Alto,biology,0,,0
g83,Jeremy Yuen,Palo Alto,chemistry,0,,0
g83,Jeremy Yuen,Palo Alto,energy,0,,0
g83,Jeremy Yuen,Palo Alto,ess,0,,0
g83,Jeremy Yuen,Palo Alto,math,0,,0
g83,Jeremy Yuen,Palo Alto,physics,0,,0
g83,Andrew Wen,Palo Alto,overall,2,,8
g83,Andrew Wen,Palo Alto,biology,0,,0
g83,Andrew Wen,Palo Alto,chemistry,0,,0
g83,Andrew Wen,Palo Alto,energy,0,,0
g83,Andrew Wen,Palo Alto,ess,0,,0
g83,Andrew Wen,Palo Alto,math,1,,4
g83,Andrew Wen,Palo Alto,physics,1,,4
g83,Forrest Chou,Palo Alto,overall,6,,24
g83,Forrest Chou,Palo Alto,biology,0,,0
g83,Forrest Chou,Palo Alto,chemistry,2,,8
g83,Forrest Chou,Palo Alto,energy,0,,0
g83,Forrest Chou,Palo Alto,ess,1,,4
g83,Forrest Chou,Palo Alto,math,2,,8
g83,Forrest Chou,Palo Alto,physics,1,,4
g83,Rasia Yu,Palo Alto,overall,0,,0
g83,Rasia Yu,Palo Alto,biology,0,,0
g83,Rasia Yu,Palo Alto,chemistry,0,,0
g83,Rasia Yu,Palo Alto,energy,0,,0
g83,Rasia Yu,Palo Alto,ess,0,,0
g83,Rasia Yu,Palo Alto,math,0,,0
g83,Rasia Yu,Palo Alto,physics,0,,0
g74,Daniel Li,Gunn,overall,3,,12
g74,Daniel Li,Gunn,biology,1,,4
g74,Daniel Li,Gunn,chemistry,0,,0
g74,Daniel Li,Gunn,energy,1,,4
g74,Daniel Li,Gunn,ess,1,,4
g74,Daniel Li,Gunn,math,0,,0
g74,Daniel Li,Gunn,physics,0,,0
g74,Elliot Boyce,Gunn,overall,1,,4
g74,Elliot Boyce,Gunn,biology,0,,0
g74,Elliot Boyce,Gunn,chemistry,1,,4
g74,Elliot Boyce,Gunn,energy,0,,0
g74,Elliot Boyce,Gunn,ess,0,,0
g74,Elliot Boyce,Gunn,math,0,,0
g74,Elliot Boyce,Gunn,physics,0,,0
g74,Olivia Kim,Gunn,overall,0,,0
g74,Olivia Kim,Gunn,biology,0,,0
g74,Olivia Kim,Gunn,chemistry,0,,0
g74,Olivia Kim,Gunn,energy,0,,0
g74,Olivia Kim,Gunn,ess,0,,0
g74,Olivia Kim,Gunn,math,0,,0
g74,Olivia Kim,Gunn,physics,0,,0
g74,Kaiyuan Ding,Gunn,overall,0,,0
g74,Kaiyuan Ding,Gunn,biology,0,,0
g74,Kaiyuan Ding,Gunn,chemistry,0,,0
g74,Kaiyuan Ding,Gunn,energy,0,,0
g74,Kaiyuan Ding,Gunn,ess,0,,0
g74,Kaiyuan Ding,Gunn,math,0,,0
g74,Kaiyuan Ding,Gunn,physics,0,,0
g74,Nalan Rajan,Gunn,overall,0,,0
g74,Nalan Rajan,Gunn,biology,0,,0
g74,Nalan Rajan,Gunn,chemistry,0,,0
g74,Nalan Rajan,Gunn,energy,0,,0
g74,Nalan Rajan,Gunn,ess,0,,0
g74,Nalan Rajan,Gunn,math,0,,0
g74,Nalan Rajan,Gunn,physics,0,,0
g74,Sriaditya Pendyala,Quarry Lane A,overall,1,,4
g74,Sriaditya Pendyala,Quarry Lane A,biology,0,,0
g74,Sriaditya Pendyala,Quarry Lane A,chemistry,1,,4
g74,Sriaditya Pendyala,Quarry Lane A,energy,0,,0
g74,Sriaditya Pendyala,Quarry Lane A,ess,0,,0
g74,Sriaditya Pendyala,Quarry Lane A,math,0,,0
g74,Sriaditya Pendyala,Quarry Lane A,physics,0,,0
g74,Pranshu Khanna,Quarry Lane A,overall,0,,0
g74,Pranshu Khanna,Quarry Lane A,biology,0,,0
g74,Pranshu Khanna,Quarry Lane A,chemistry,0,,0
g74,Pranshu Khanna,Quarry Lane A,energy,0,,0
g74,Pranshu Khanna,Quarry Lane A,ess,0,,0
g74,Pranshu Khanna,Quarry Lane A,math,0,,0
g74,Pranshu Khanna,Quarry Lane A,physics,0,,0
g74,Gautham Doddapaneni,Quarry Lane A,overall,3,,12
g74,Gautham Doddapaneni,Quarry Lane A,biology,0,,0
g74,Gautham Doddapaneni,Quarry Lane A,chemistry,1,,4
g74,Gautham Doddapaneni,Quarry Lane A,energy,0,,0
g74,Gautham Doddapaneni,Quarry Lane A,ess,1,,4
g74,Gautham Doddapaneni,Quarry Lane A,math,0,,0
g74,Gautham Doddapaneni,Quarry Lane A,physics,1,,4
g74,Pradyun Kalwa,Quarry Lane A,overall,1,,4
g74,Pradyun Kalwa,Quarry Lane A,biology,0,,0
g74,Pradyun Kalwa,Quarry Lane A,chemistry,0,,0
g74,Pradyun Kalwa,Quarry Lane A,energy,0,,0
g74,Pradyun Kalwa,Quarry Lane A,ess,0,,0
g74,Pradyun Kalwa,Quarry Lane A,math,1,,4
g74,Pradyun Kalwa,Quarry Lane A,physics,0,,0
g74,Alex Luo,Quarry Lane A,overall,0,,0
g74,Alex Luo,Quarry Lane A,biology,0,,0
g74,Alex Luo,Quarry Lane A,chemistry,0,,0
g74,Alex Luo,Quarry Lane A,energy,0,,0
g74,Alex Luo,Quarry Lane A,ess,0,,0
g74,Alex Luo,Quarry Lane A,math,0,,0
g74,Alex Luo,Quarry Lane A,physics,0,,0
g71,Kira Liang,Cupertino A,overall,2,,8
g71,Kira Liang,Cupertino A,biology,0,,0
g71,Kira Liang,Cupertino A,chemistry,1,,4
g71,Kira Liang,Cupertino A,energy,1,,4
g71,Kira Liang,Cupertino A,ess,0,,0
g71,Kira Liang,Cupertino A,math,0,,0
g71,Kira Liang,Cupertino A,physics,0,,0
g71,Ethan Chu,Cupertino A,overall,0,,0
g71,Ethan Chu,Cupertino A,biology,0,,0
g71,Ethan Chu,Cupertino A,chemistry,0,,0
g71,Ethan Chu,Cupertino A,energy,0,,0
g71,Ethan Chu,Cupertino A,ess,0,,0
g71,Ethan Chu,Cupertino A,math,0,,0
g71,Ethan Chu,Cupertino A,physics,0,,0
g71,Namita Gaidhani,Cupertino A,overall,0,,0
g71,Namita Gaidhani,Cupertino A,biology,0,,0
g71,Namita Gaidhani,Cupertino A,chemistry,0,,0
g71,Namita Gaidhani,Cupertino A,energy,0,,0
g71,Namita Gaidhani,Cupertino A,ess,0,,0
g71,Namita Gaidhani,Cupertino A,math,0,,0
g71,Namita Gaidhani,Cupertino A,physics,0,,0
g71,Matthew Chen,Cupertino A,overall,4,,16
g71,Matthew Chen,Cupertino A,biology,0,,0
g71,Matthew Chen,Cupertino A,chemistry,1,,4
g71,Matthew Chen,Cupertino A,energy,0,,0
g71,Matthew Chen,Cupertino A,ess,0,,0
g71,Matthew Chen,Cupertino A,math,0,,0
g71,Matthew Chen,Cupertino A,physics,3,,12
g71,Brandon Seo,Cupertino A,overall,0,,0
g71,Brandon Seo,Cupertino A,biology,0,,0
g71,Brandon Seo,Cupertino A,chemistry,0,,0
g71,Brandon Seo,Cupertino A,energy,0,,0
g71,Brandon Seo,Cupertino A,ess,0,,0
g71,Brandon Seo,Cupertino A,math,0,,0
g71,Brandon Seo,Cupertino A,physics,0,,0
g71,Owen Weisenberger,Middleton,overall,5,,20
g71,Owen Weisenberger,Middleton,biology,4,,16
g71,Owen Weisenberger,Middleton,chemistry,0,,0
g71,Owen Weisenberger,Middleton,energy,1,,4
g71,Owen Weisenberger,Middleton,ess,0,,0
g71,Owen Weisenberger,Middleton,math,0,,0
g71,Owen Weisenberger,Middleton,physics,0,,0
g71,Harry Jin,Middleton,overall,5,,20
g71,Harry Jin,Middleton,biology,0,,0
g71,Harry Jin,Middleton,chemistry,1,,4
g71,Harry Jin,Middleton,energy,0,,0
g71,Harry Jin,Middleton,ess,2,,8
g71,Harry Jin,Middleton,math,2,,8
g71,Harry Jin,Middleton,physics,0,,0
g71,Ray Feinberg,Middleton,overall,5,,20
g71,Ray Feinberg,Middleton,biology,0,,0
g71,Ray Feinberg,Middleton,chemistry,1,,4
g71,Ray Feinberg,Middleton,energy,1,,4
g71,Ray Feinberg,Middleton,ess,2,,8
g71,Ray Feinberg,Middleton,math,0,,0
g71,Ray Feinberg,Middleton,physics,1,,4
g52,Yajur Chandar,Davidson A,overall,6,,24
g52,Yajur Chandar,Davidson A,biology,1,,4
g52,Yajur Chandar,Davidson A,chemistry,3,,12
g52,Yajur Chandar,Davidson A,energy,1,,4
g52,Yajur Chandar,Davidson A,ess,0,,0
g52,Yajur Chandar,Davidson A,math,0,,0
g52,Yajur Chandar,Davidson A,physics,1,,4
g52,Alexander Weaver,Davidson A,overall,3,,12
g52,Alexander Weaver,Davidson A,biology,0,,0
g52,Alexander Weaver,Davidson A,chemistry,0,,0
g52,Alexander Weaver,Davidson A,energy,0,,0
g52,Alexander Weaver,Davidson A,ess,2,,8
g52,Alexander Weaver,Davidson A,math,1,,4
g52,Alexander Weaver,Davidson A,physics,0,,0
g52,Lucas Wu,Davidson A,overall,3,,12
g52,Lucas Wu,Davidson A,biology,0,,0
g52,Lucas Wu,Davidson A,chemistry,0,,0
g52,Lucas Wu,Davidson A,energy,0,,0
g52,Lucas Wu,Davidson A,ess,0,,0
g52,Lucas Wu,Davidson A,math,1,,4
g52,Lucas Wu,Davidson A,physics,2,,8
g52,Filip Ramazan,Davidson A,overall,2,,8
g52,Filip Ramazan,Davidson A,biology,2,,8
g52,Filip Ramazan,Davidson A,chemistry,0,,0
g52,Filip Ramazan,Davidson A,energy,0,,0
g52,Filip Ramazan,Davidson A,ess,0,,0
g52,Filip Ramazan,Davidson A,math,0,,0
g52,Filip Ramazan,Davidson A,physics,0,,0
g52,Julian Kuang,Davidson A,overall,2,,8
g52,Julian Kuang,Davidson A,biology,0,,0
g52,Julian Kuang,Davidson A,chemistry,0,,0
g52,Julian Kuang,Davidson A,energy,0,,0
g52,Julian Kuang,Davidson A,ess,0,,0
g52,Julian Kuang,Davidson A,math,2,,8
g52,Julian Kuang,Davidson A,physics,0,,0
g52,Leo Sitaraman,Homestead,overall,1,,4
g52,Leo Sitaraman,Homestead,biology,0,,0
g52,Leo Sitaraman,Homestead,chemistry,0,,0
g52,Leo Sitaraman,Homestead,energy,0,,0
g52,Leo Sitaraman,Homestead,ess,1,,4
g52,Leo Sitaraman,Homestead,math,0,,0
g52,Leo Sitaraman,Homestead,physics,0,,0
g52,Ishaan Sinha,Homestead,overall,2,,8
g52,Ishaan Sinha,Homestead,biology,0,,0
g52,Ishaan Sinha,Homestead,chemistry,0,,0
g52,Ishaan Sinha,Homestead,energy,1,,4
g52,Ishaan Sinha,Homestead,ess,0,,0
g52,Ishaan Sinha,Homestead,math,0,,0
g52,Ishaan Sinha,Homestead,physics,1,,4
g52,Keshav Sumitran,Homestead,overall,0,,0
g52,Keshav Sumitran,Homestead,biology,0,,0
g52,Keshav Sumitran,Homestead,chemistry,0,,0
g52,Keshav Sumitran,Homestead,energy,0,,0
g52,Keshav Sumitran,Homestead,ess,0,,0
g52,Keshav Sumitran,Homestead,math,0,,0
g52,Keshav Sumitran,Homestead,physics,0,,0
g52,Ofek Sadeh,Homestead,overall,0,,0
g52,Ofek Sadeh,Homestead,biology,0,,0
g52,Ofek Sadeh,Homestead,chemistry,0,,0
g52,Ofek Sadeh,Homestead,energy,0,,0
g52,Ofek Sadeh,Homestead,ess,0,,0
g52,Ofek Sadeh,Homestead,math,0,,0
g52,Ofek Sadeh,Homestead,physics,0,,0
g12,Theenash Sengupta,Mission San Jose A,overall,5,,20
g12,Theenash Sengupta,Mission San Jose A,biology,3,,12
g12,Theenash Sengupta,Mission San Jose A,chemistry,2,,8
g12,Theenash Sengupta,Mission San Jose A,energy,0,,0
g12,Theenash Sengupta,Mission San Jose A,ess,0,,0
g12,Theenash Sengupta,Mission San Jose A,math,0,,0
g12,Theenash Sengupta,Mission San Jose A,physics,0,,0
g12,Advaith Mopuri,Mission San Jose A,overall,0,,0
g12,Advaith Mopuri,Mission San Jose A,biology,0,,0
g12,Advaith Mopuri,Mission San Jose A,chemistry,0,,0
g12,Advaith Mopuri,Mission San Jose A,energy,0,,0
g12,Advaith Mopuri,Mission San Jose A,ess,0,,0
g12,Advaith Mopuri,Mission San Jose A,math,0,,0
g12,Advaith Mopuri,Mission San Jose A,physics,0,,0
g12,Anish Agarwal,Mission San Jose A,overall,0,,0
g12,Anish Agarwal,Mission San Jose A,biology,0,,0
g12,Anish Agarwal,Mission San Jose A,chemistry,0,,0
g12,Anish Agarwal,Mission San Jose A,energy,0,,0
g12,Anish Agarwal,Mission San Jose A,ess,0,,0
g12,Anish Agarwal,Mission San Jose A,math,0,,0
g12,Anish Agarwal,Mission San Jose A,physics,0,,0
g12,Rutvik Arora,Mission San Jose A,overall,1,,4
g12,Rutvik Arora,Mission San Jose A,biology,0,,0
g12,Rutvik Arora,Mission San Jose A,chemistry,0,,0
g12,Rutvik Arora,Mission San Jose A,energy,0,,0
g12,Rutvik Arora,Mission San Jose A,ess,0,,0
g12,Rutvik Arora,Mission San Jose A,math,1,,4
g12,Rutvik Arora,Mission San Jose A,physics,0,,0
g12,Roshan Annamalai,Mission San Jose A,overall,5,,20
g12,Roshan Annamalai,Mission San Jose A,biology,0,,0
g12,Roshan Annamalai,Mission San Jose A,chemistry,0,,0
g12,Roshan Annamalai,Mission San Jose A,energy,1,,4
g12,Roshan Annamalai,Mission San Jose A,ess,3,,12
g12,Roshan Annamalai,Mission San Jose A,math,0,,0
g12,Roshan Annamalai,Mission San Jose A,physics,1,,4
g12,Jaanya Annapureddy,Cupertino B,overall,0,,0
g12,Jaanya Annapureddy,Cupertino B,biology,0,,0
g12,Jaanya Annapureddy,Cupertino B,chemistry,0,,0
g12,Jaanya Annapureddy,Cupertino B,energy,0,,0
g12,Jaanya Annapureddy,Cupertino B,ess,0,,0
g12,Jaanya Annapureddy,Cupertino B,math,0,,0
g12,Jaanya Annapureddy,Cupertino B,physics,0,,0
g12,Danica Au,Cupertino B,overall,1,,4
g12,Danica Au,Cupertino B,biology,0,,0
g12,Danica Au,Cupertino B,chemistry,1,,4
g12,Danica Au,Cupertino B,energy,0,,0
g12,Danica Au,Cupertino B,ess,0,,0
g12,Danica Au,Cupertino B,math,0,,0
g12,Danica Au,Cupertino B,physics,0,,0
g12,Shubhi Jain,Cupertino B,overall,0,,0
g12,Shubhi Jain,Cupertino B,biology,0,,0
g12,Shubhi Jain,Cupertino B,chemistry,0,,0
g12,Shubhi Jain,Cupertino B,energy,0,,0
g12,Shubhi Jain,Cupertino B,ess,0,,0
g12,Shubhi Jain,Cupertino B,math,0,,0
g12,Shubhi Jain,Cupertino B,physics,0,,0
g12,Revathi Tanmayee Alipeta,Cupertino B,overall,0,,0
g12,Revathi Tanmayee Alipeta,Cupertino B,biology,0,,0
g12,Revathi Tanmayee Alipeta,Cupertino B,chemistry,0,,0
g12,Revathi Tanmayee Alipeta,Cupertino B,energy,0,,0
g12,Revathi Tanmayee Alipeta,Cupertino B,ess,0,,0
g12,Revathi Tanmayee Alipeta,Cupertino B,math,0,,0
g12,Revathi Tanmayee Alipeta,Cupertino B,physics,0,,0
g12,Iurii Kirpichev,Cupertino B,overall,2,,8
g12,Iurii Kirpichev,Cupertino B,biology,0,,0
g12,Iurii Kirpichev,Cupertino B,chemistry,0,,0
g12,Iurii Kirpichev,Cupertino B,energy,0,,0
g12,Iurii Kirpichev,Cupertino B,ess,0,,0
g12,Iurii Kirpichev,Cupertino B,math,1,,4
g12,Iurii Kirpichev,Cupertino B,physics,1,,4
g85,Akshara Srigiriraju,Dougherty Valley B,overall,0,,0
g85,Akshara Srigiriraju,Dougherty Valley B,biology,0,,0
g85,Akshara Srigiriraju,Dougherty Valley B,chemistry,0,,0
g85,Akshara Srigiriraju,Dougherty Valley B,energy,0,,0
g85,Akshara Srigiriraju,Dougherty Valley B,ess,0,,0
g85,Akshara Srigiriraju,Dougherty Valley B,math,0,,0
g85,Akshara Srigiriraju,Dougherty Valley B,physics,0,,0
g85,Varun Challa,Dougherty Valley B,overall,5,,20
g85,Varun Challa,Dougherty Valley B,biology,1,,4
g85,Varun Challa,Dougherty Valley B,chemistry,0,,0
g85,Varun Challa,Dougherty Valley B,energy,1,,4
g85,Varun Challa,Dougherty Valley B,ess,1,,4
g85,Varun Challa,Dougherty Valley B,math,1,,4
g85,Varun Challa,Dougherty Valley B,physics,1,,4
g85,Snata Mohanty,Dougherty Valley B,overall,0,,0
g85,Snata Mohanty,Dougherty Valley B,biology,0,,0
g85,Snata Mohanty,Dougherty Valley B,chemistry,0,,0
g85,Snata Mohanty,Dougherty Valley B,energy,0,,0
g85,Snata Mohanty,Dougherty Valley B,ess,0,,0
g85,Snata Mohanty,Dougherty Valley B,math,0,,0
g85,Snata Mohanty,Dougherty Valley B,physics,0,,0
g85,Alan Zhiheng Chen,Dougherty Valley B,overall,1,,4
g85,Alan Zhiheng Chen,Dougherty Valley B,biology,0,,0
g85,Alan Zhiheng Chen,Dougherty Valley B,chemistry,0,,0
g85,Alan Zhiheng Chen,Dougherty Valley B,energy,0,,0
g85,Alan Zhiheng Chen,Dougherty Valley B,ess,1,,4
g85,Alan Zhiheng Chen,Dougherty Valley B,math,0,,0
g85,Alan Zhiheng Chen,Dougherty Valley B,physics,0,,0
g85,Bhagirath Bandigari,Foothill A,overall,5,,20
g85,Bhagirath Bandigari,Foothill A,biology,2,,8
g85,Bhagirath Bandigari,Foothill A,chemistry,1,,4
g85,Bhagirath Bandigari,Foothill A,energy,2,,8
g85,Bhagirath Bandigari,Foothill A,ess,0,,0
g85,Bhagirath Bandigari,Foothill A,math,0,,0
g85,Bhagirath Bandigari,Foothill A,physics,0,,0
g85,Athithan Elamaran,Foothill A,overall,4,,16
g85,Athithan Elamaran,Foothill A,biology,0,,0
g85,Athithan Elamaran,Foothill A,chemistry,0,,0
g85,Athithan Elamaran,Foothill A,energy,0,,0
g85,Athithan Elamaran,Foothill A,ess,0,,0
g85,Athithan Elamaran,Foothill A,math,2,,8
g85,Athithan Elamaran,Foothill A,physics,2,,8
g85,Brandon Kong,Foothill A,overall,4,,16
g85,Brandon Kong,Foothill A,biology,0,,0
g85,Brandon Kong,Foothill A,chemistry,3,,12
g85,Brandon Kong,Foothill A,energy,0,,0
g85,Brandon Kong,Foothill A,ess,0,,0
g85,Brandon Kong,Foothill A,math,0,,0
g85,Brandon Kong,Foothill A,physics,1,,4
g85,Sreekar Sreeram,Foothill A,overall,0,,0
g85,Sreekar Sreeram,Foothill A,biology,0,,0
g85,Sreekar Sreeram,Foothill A,chemistry,0,,0
g85,Sreekar Sreeram,Foothill A,energy,0,,0
g85,Sreekar Sreeram,Foothill A,ess,0,,0
g85,Sreekar Sreeram,Foothill A,math,0,,0
g85,Sreekar Sreeram,Foothill A,physics,0,,0
g79,Ryan Jung,Albany B,overall,0,,0
g79,Ryan Jung,Albany B,biology,0,,0
g79,Ryan Jung,Albany B,chemistry,0,,0
g79,Ryan Jung,Albany B,energy,0,,0
g79,Ryan Jung,Albany B,ess,0,,0
g79,Ryan Jung,Albany B,math,0,,0
g79,Ryan Jung,Albany B,physics,0,,0
g79,Kevin Liu,Albany B,overall,0,,0
g79,Kevin Liu,Albany B,biology,0,,0
g79,Kevin Liu,Albany B,chemistry,0,,0
g79,Kevin Liu,Albany B,energy,0,,0
g79,Kevin Liu,Albany B,ess,0,,0
g79,Kevin Liu,Albany B,math,0,,0
g79,Kevin Liu,Albany B,physics,0,,0
g79,Oshan Poudel,Albany B,overall,1,,4
g79,Oshan Poudel,Albany B,biology,0,,0
g79,Oshan Poudel,Albany B,chemistry,0,,0
g79,Oshan Poudel,Albany B,energy,1,,4
g79,Oshan Poudel,Albany B,ess,0,,0
g79,Oshan Poudel,Albany B,math,0,,0
g79,Oshan Poudel,Albany B,physics,0,,0
g79,Samantha Chik,Albany B,overall,0,,0
g79,Samantha Chik,Albany B,biology,0,,0
g79,Samantha Chik,Albany B,chemistry,0,,0
g79,Samantha Chik,Albany B,energy,0,,0
g79,Samantha Chik,Albany B,ess,0,,0
g79,Samantha Chik,Albany B,math,0,,0
g79,Samantha Chik,Albany B,physics,0,,0
g79,Raiden Dea,Albany B,overall,0,,0
g79,Raiden Dea,Albany B,biology,0,,0
g79,Raiden Dea,Albany B,chemistry,0,,0
g79,Raiden Dea,Albany B,energy,0,,0
g79,Raiden Dea,Albany B,ess,0,,0
g79,Raiden Dea,Albany B,math,0,,0
g79,Raiden Dea,Albany B,physics,0,,0
g79,Jonathan Yuen,Palo Alto,overall,0,,0
g79,Jonathan Yuen,Palo Alto,biology,0,,0
g79,Jonathan Yuen,Palo Alto,chemistry,0,,0
g79,Jonathan Yuen,Palo Alto,energy,0,,0
g79,Jonathan Yuen,Palo Alto,ess,0,,0
g79,Jonathan Yuen,Palo Alto,math,0,,0
g79,Jonathan Yuen,Palo Alto,physics,0,,0
g79,Jeremy Yuen,Palo Alto,overall,1,,4
g79,Jeremy Yuen,Palo Alto,biology,0,,0
g79,Jeremy Yuen,Palo Alto,chemistry,0,,0
g79,Jeremy Yuen,Palo Alto,energy,0,,0
g79,Jeremy Yuen,Palo Alto,ess,1,,4
g79,Jeremy Yuen,Palo Alto,math,0,,0
g79,Jeremy Yuen,Palo Alto,physics,0,,0
g79,Andrew Wen,Palo Alto,overall,3,,12
g79,Andrew Wen,Palo Alto,biology,0,,0
g79,Andrew Wen,Palo Alto,chemistry,0,,0
g79,Andrew Wen,Palo Alto,energy,0,,0
g79,Andrew Wen,Palo Alto,ess,0,,0
g79,Andrew Wen,Palo Alto,math,2,,8
g79,Andrew Wen,Palo Alto,physics,1,,4
g79,Forrest Chou,Palo Alto,overall,12,,48
g79,Forrest Chou,Palo Alto,biology,3,,12
g79,Forrest Chou,Palo Alto,chemistry,2,,8
g79,Forrest Chou,Palo Alto,energy,2,,8
g79,Forrest Chou,Palo Alto,ess,2,,8
g79,Forrest Chou,Palo Alto,math,0,,0
g79,Forrest Chou,Palo Alto,physics,3,,12
g79,Rasia Yu,Palo Alto,overall,1,,4
g79,Rasia Yu,Palo Alto,biology,1,,4
g79,Rasia Yu,Palo Alto,chemistry,0,,0
g79,Rasia Yu,Palo Alto,energy,0,,0
g79,Rasia Yu,Palo Alto,ess,0,,0
g79,Rasia Yu,Palo Alto,math,0,,0
g79,Rasia Yu,Palo Alto,physics,0,,0
g63,Vishruth Dinesh,American,overall,0,,0
g63,Vishruth Dinesh,American,biology,0,,0
g63,Vishruth Dinesh,American,chemistry,0,,0
g63,Vishruth Dinesh,American,energy,0,,0
g63,Vishruth Dinesh,American,ess,0,,0
g63,Vishruth Dinesh,American,math,0,,0
g63,Vishruth Dinesh,American,physics,0,,0
g63,Stavya Gaonkar,American,overall,12,,48
g63,Stavya Gaonkar,American,biology,1,,4
g63,Stavya Gaonkar,American,chemistry,3,,12
g63,Stavya Gaonkar,American,energy,3,,12
g63,Stavya Gaonkar,American,ess,1,,4
g63,Stavya Gaonkar,American,math,1,,4
g63,Stavya Gaonkar,American,physics,3,,12
g63,Keshav Venkatesh,American,overall,2,,8
g63,Keshav Venkatesh,American,biology,0,,0
g63,Keshav Venkatesh,American,chemistry,0,,0
g63,Keshav Venkatesh,American,energy,0,,0
g63,Keshav Venkatesh,American,ess,0,,0
g63,Keshav Venkatesh,American,math,2,,8
g63,Keshav Venkatesh,American,physics,0,,0
g63,Abdul Muhaimin,American,overall,0,,0
g63,Abdul Muhaimin,American,biology,0,,0
g63,Abdul Muhaimin,American,chemistry,0,,0
g63,Abdul Muhaimin,American,energy,0,,0
g63,Abdul Muhaimin,American,ess,0,,0
g63,Abdul Muhaimin,American,math,0,,0
g63,Abdul Muhaimin,American,physics,0,,0
g63,Daniel Li,Gunn,overall,0,,0
g63,Daniel Li,Gunn,biology,0,,0
g63,Daniel Li,Gunn,chemistry,0,,0
g63,Daniel Li,Gunn,energy,0,,0
g63,Daniel Li,Gunn,ess,0,,0
g63,Daniel Li,Gunn,math,0,,0
g63,Daniel Li,Gunn,physics,0,,0
g63,Nalan Rajan,Gunn,overall,0,,0
g63,Nalan Rajan,Gunn,biology,0,,0
g63,Nalan Rajan,Gunn,chemistry,0,,0
g63,Nalan Rajan,Gunn,energy,0,,0
g63,Nalan Rajan,Gunn,ess,0,,0
g63,Nalan Rajan,Gunn,math,0,,0
g63,Nalan Rajan,Gunn,physics,0,,0
g63,Elliot Boyce,Gunn,overall,2,,8
g63,Elliot Boyce,Gunn,biology,0,,0
g63,Elliot Boyce,Gunn,chemistry,1,,4
g63,Elliot Boyce,Gunn,energy,0,,0
g63,Elliot Boyce,Gunn,ess,1,,4
g63,Elliot Boyce,Gunn,math,0,,0
g63,Elliot Boyce,Gunn,physics,0,,0
g63,Olivia Kim,Gunn,overall,1,,4
g63,Olivia Kim,Gunn,biology,1,,4
g63,Olivia Kim,Gunn,chemistry,0,,0
g63,Olivia Kim,Gunn,energy,0,,0
g63,Olivia Kim,Gunn,ess,0,,0
g63,Olivia Kim,Gunn,math,0,,0
g63,Olivia Kim,Gunn,physics,0,,0
g63,Kaiyuan Ding,Gunn,overall,1,,4
g63,Kaiyuan Ding,Gunn,biology,0,,0
g63,Kaiyuan Ding,Gunn,chemistry,0,,0
g63,Kaiyuan Ding,Gunn,energy,0,,0
g63,Kaiyuan Ding,Gunn,ess,1,,4
g63,Kaiyuan Ding,Gunn,math,0,,0
g63,Kaiyuan Ding,Gunn,physics,0,,0
g60,Ishaan Kabra,Mission San Jose B,overall,3,,12
g60,Ishaan Kabra,Mission San Jose B,biology,0,,0
g60,Ishaan Kabra,Mission San Jose B,chemistry,0,,0
g60,Ishaan Kabra,Mission San Jose B,energy,0,,0
g60,Ishaan Kabra,Mission San Jose B,ess,1,,4
g60,Ishaan Kabra,Mission San Jose B,math,1,,4
g60,Ishaan Kabra,Mission San Jose B,physics,1,,4
g60,Advai Srinivasan,Mission San Jose B,overall,11,,44
g60,Advai Srinivasan,Mission San Jose B,biology,1,,4
g60,Advai Srinivasan,Mission San Jose B,chemistry,4,,16
g60,Advai Srinivasan,Mission San Jose B,energy,2,,8
g60,Advai Srinivasan,Mission San Jose B,ess,2,,8
g60,Advai Srinivasan,Mission San Jose B,math,0,,0
g60,Advai Srinivasan,Mission San Jose B,physics,2,,8
g60,Aravind Muralidharan,Mission San Jose B,overall,0,,0
g60,Aravind Muralidharan,Mission San Jose B,biology,0,,0
g60,Aravind Muralidharan,Mission San Jose B,chemistry,0,,0
g60,Aravind Muralidharan,Mission San Jose B,energy,0,,0
g60,Aravind Muralidharan,Mission San Jose B,ess,0,,0
g60,Aravind Muralidharan,Mission San Jose B,math,0,,0
g60,Aravind Muralidharan,Mission San Jose B,physics,0,,0
g60,Arnav Gupta,Mission San Jose B,overall,1,,4
g60,Arnav Gupta,Mission San Jose B,biology,1,,4
g60,Arnav Gupta,Mission San Jose B,chemistry,0,,0
g60,Arnav Gupta,Mission San Jose B,energy,0,,0
g60,Arnav Gupta,Mission San Jose B,ess,0,,0
g60,Arnav Gupta,Mission San Jose B,math,0,,0
g60,Arnav Gupta,Mission San Jose B,physics,0,,0
g60,Hank Sun,Mission San Jose B,overall,1,,4
g60,Hank Sun,Mission San Jose B,biology,0,,0
g60,Hank Sun,Mission San Jose B,chemistry,0,,0
g60,Hank Sun,Mission San Jose B,energy,0,,0
g60,Hank Sun,Mission San Jose B,ess,0,,0
g60,Hank Sun,Mission San Jose B,math,1,,4
g60,Hank Sun,Mission San Jose B,physics,0,,0
g60,Gabriela Sapugay,San Mateo,overall,0,,0
g60,Gabriela Sapugay,San Mateo,biology,0,,0
g60,Gabriela Sapugay,San Mateo,chemistry,0,,0
g60,Gabriela Sapugay,San Mateo,energy,0,,0
g60,Gabriela Sapugay,San Mateo,ess,0,,0
g60,Gabriela Sapugay,San Mateo,math,0,,0
g60,Gabriela Sapugay,San Mateo,physics,0,,0
g60,Natalie Dias,San Mateo,overall,0,,0
g60,Natalie Dias,San Mateo,biology,0,,0
g60,Natalie Dias,San Mateo,chemistry,0,,0
g60,Natalie Dias,San Mateo,energy,0,,0
g60,Natalie Dias,San Mateo,ess,0,,0
g60,Natalie Dias,San Mateo,math,0,,0
g60,Natalie Dias,San Mateo,physics,0,,0
g60,Sharanya Mahanta,San Mateo,overall,1,,4
g60,Sharanya Mahanta,San Mateo,biology,0,,0
g60,Sharanya Mahanta,San Mateo,chemistry,0,,0
g60,Sharanya Mahanta,San Mateo,energy,1,,4
g60,Sharanya Mahanta,San Mateo,ess,0,,0
g60,Sharanya Mahanta,San Mateo,math,0,,0
g60,Sharanya Mahanta,San Mateo,physics,0,,0
g60,Vivian Shi,San Mateo,overall,1,,4
g60,Vivian Shi,San Mateo,biology,1,,4
g60,Vivian Shi,San Mateo,chemistry,0,,0
g60,Vivian Shi,San Mateo,energy,0,,0
g60,Vivian Shi,San Mateo,ess,0,,0
g60,Vivian Shi,San Mateo,math,0,,0
g60,Vivian Shi,San Mateo,physics,0,,0
g13,Kaison Fong,Davidson B,overall,0,,0
g13,Kaison Fong,Davidson B,biology,0,,0
g13,Kaison Fong,Davidson B,chemistry,0,,0
g13,Kaison Fong,Davidson B,energy,0,,0
g13,Kaison Fong,Davidson B,ess,0,,0
g13,Kaison Fong,Davidson B,math,0,,0
g13,Kaison Fong,Davidson B,physics,0,,0
g13,Ethan Chan,Davidson B,overall,5,,20
g13,Ethan Chan,Davidson B,biology,0,,0
g13,Ethan Chan,Davidson B,chemistry,0,,0
g13,Ethan Chan,Davidson B,energy,1,,4
g13,Ethan Chan,Davidson B,ess,1,,4
g13,Ethan Chan,Davidson B,math,2,,8
g13,Ethan Chan,Davidson B,physics,1,,4
g13,Shayan Sattarvand,Davidson B,overall,9,,36
g13,Shayan Sattarvand,Davidson B,biology,2,,8
g13,Shayan Sattarvand,Davidson B,chemistry,4,,16
g13,Shayan Sattarvand,Davidson B,energy,2,,8
g13,Shayan Sattarvand,Davidson B,ess,0,,0
g13,Shayan Sattarvand,Davidson B,math,1,,4
g13,Shayan Sattarvand,Davidson B,physics,0,,0
g13,Shreya Atkar,Davidson B,overall,0,,0
g13,Shreya Atkar,Davidson B,biology,0,,0
g13,Shreya Atkar,Davidson B,chemistry,0,,0
g13,Shreya Atkar,Davidson B,energy,0,,0
g13,Shreya Atkar,Davidson B,ess,0,,0
g13,Shreya Atkar,Davidson B,math,0,,0
g13,Shreya Atkar,Davidson B,physics,0,,0
g13,Dallin Guisti,Davidson B,overall,0,,0
g13,Dallin Guisti,Davidson B,biology,0,,0
g13,Dallin Guisti,Davidson B,chemistry,0,,0
g13,Dallin Guisti,Davidson B,energy,0,,0
g13,Dallin Guisti,Davidson B,ess,0,,0
g13,Dallin Guisti,Davidson B,math,0,,0
g13,Dallin Guisti,Davidson B,physics,0,,0
g13,Luthfa Zaceria,Logan,overall,0,,0
g13,Luthfa Zaceria,Logan,biology,0,,0
g13,Luthfa Zaceria,Logan,chemistry,0,,0
g13,Luthfa Zaceria,Logan,energy,0,,0
g13,Luthfa Zaceria,Logan,ess,0,,0
g13,Luthfa Zaceria,Logan,math,0,,0
g13,Luthfa Zaceria,Logan,physics,0,,0
g13,Sreenidhi Maddineedi,Logan,overall,2,,8
g13,Sreenidhi Maddineedi,Logan,biology,1,,4
g13,Sreenidhi Maddineedi,Logan,chemistry,0,,0
g13,Sreenidhi Maddineedi,Logan,energy,0,,0
g13,Sreenidhi Maddineedi,Logan,ess,0,,0
g13,Sreenidhi Maddineedi,Logan,math,0,,0
g13,Sreenidhi Maddineedi,Logan,physics,1,,4
g13,Jaelyn Caguiat,Logan,overall,0,,0
g13,Jaelyn Caguiat,Logan,biology,0,,0
g13,Jaelyn Caguiat,Logan,chemistry,0,,0
g13,Jaelyn Caguiat,Logan,energy,0,,0
g13,Jaelyn Caguiat,Logan,ess,0,,0
g13,Jaelyn Caguiat,Logan,math,0,,0
g13,Jaelyn Caguiat,Logan,physics,0,,0
g13,Elyanna Kwok,Logan,overall,1,,4
g13,Elyanna Kwok,Logan,biology,0,,0
g13,Elyanna Kwok,Logan,chemistry,0,,0
g13,Elyanna Kwok,Logan,energy,0,,0
g13,Elyanna Kwok,Logan,ess,1,,4
g13,Elyanna Kwok,Logan,math,0,,0
g13,Elyanna Kwok,Logan,physics,0,,0
g5,Mikayla Rai Feng,Albany A,overall,1,,4
g5,Mikayla Rai Feng,Albany A,biology,0,,0
g5,Mikayla Rai Feng,Albany A,chemistry,0,,0
g5,Mikayla Rai Feng,Albany A,energy,0,,0
g5,Mikayla Rai Feng,Albany A,ess,0,,0
g5,Mikayla Rai Feng,Albany A,math,0,,0
g5,Mikayla Rai Feng,Albany A,physics,1,,4
g5,Alex Bowen,Albany A,overall,0,,0
g5,Alex Bowen,Albany A,biology,0,,0
g5,Alex Bowen,Albany A,chemistry,0,,0
g5,Alex Bowen,Albany A,energy,0,,0
g5,Alex Bowen,Albany A,ess,0,,0
g5,Alex Bowen,Albany A,math,0,,0
g5,Alex Bowen,Albany A,physics,0,,0
g5,Orin Tran Davidson,Albany A,overall,0,,0
g5,Orin Tran Davidson,Albany A,biology,0,,0
g5,Orin Tran Davidson,Albany A,chemistry,0,,0
g5,Orin Tran Davidson,Albany A,energy,0,,0
g5,Orin Tran Davidson,Albany A,ess,0,,0
g5,Orin Tran Davidson,Albany A,math,0,,0
g5,Orin Tran Davidson,Albany A,physics,0,,0
g5,Lawrence Chan,Albany A,overall,0,,0
g5,Lawrence Chan,Albany A,biology,0,,0
g5,Lawrence Chan,Albany A,chemistry,0,,0
g5,Lawrence Chan,Albany A,energy,0,,0
g5,Lawrence Chan,Albany A,ess,0,,0
g5,Lawrence Chan,Albany A,math,0,,0
g5,Lawrence Chan,Albany A,physics,0,,0
g5,Theenash Sengupta,Mission San Jose A,overall,9,,36
g5,Theenash Sengupta,Mission San Jose A,biology,4,,16
g5,Theenash Sengupta,Mission San Jose A,chemistry,3,,12
g5,Theenash Sengupta,Mission San Jose A,energy,2,,8
g5,Theenash Sengupta,Mission San Jose A,ess,0,,0
g5,Theenash Sengupta,Mission San Jose A,math,0,,0
g5,Theenash Sengupta,Mission San Jose A,physics,0,,0
g5,Advaith Mopuri,Mission San Jose A,overall,3,,12
g5,Advaith Mopuri,Mission San Jose A,biology,0,,0
g5,Advaith Mopuri,Mission San Jose A,chemistry,0,,0
g5,Advaith Mopuri,Mission San Jose A,energy,0,,0
g5,Advaith Mopuri,Mission San Jose A,ess,0,,0
g5,Advaith Mopuri,Mission San Jose A,math,3,,12
g5,Advaith Mopuri,Mission San Jose A,physics,0,,0
g5,Anish Agarwal,Mission San Jose A,overall,0,,0
g5,Anish Agarwal,Mission San Jose A,biology,0,,0
g5,Anish Agarwal,Mission San Jose A,chemistry,0,,0
g5,Anish Agarwal,Mission San Jose A,energy,0,,0
g5,Anish Agarwal,Mission San Jose A,ess,0,,0
g5,Anish Agarwal,Mission San Jose A,math,0,,0
g5,Anish Agarwal,Mission San Jose A,physics,0,,0
g5,Roshan Annamalai,Mission San Jose A,overall,5,,20
g5,Roshan Annamalai,Mission San Jose A,biology,0,,0
g5,Roshan Annamalai,Mission San Jose A,chemistry,0,,0
g5,Roshan Annamalai,Mission San Jose A,energy,0,,0
g5,Roshan Annamalai,Mission San Jose A,ess,4,,16
g5,Roshan Annamalai,Mission San Jose A,math,0,,0
g5,Roshan Annamalai,Mission San Jose A,physics,1,,4
g81,Akshara Srigiriraju,Dougherty Valley B,overall,2,,8
g81,Akshara Srigiriraju,Dougherty Valley B,biology,1,,4
g81,Akshara Srigiriraju,Dougherty Valley B,chemistry,0,,0
g81,Akshara Srigiriraju,Dougherty Valley B,energy,1,,4
g81,Akshara Srigiriraju,Dougherty Valley B,ess,0,,0
g81,Akshara Srigiriraju,Dougherty Valley B,math,0,,0
g81,Akshara Srigiriraju,Dougherty Valley B,physics,0,,0
g81,Varun Challa,Dougherty Valley B,overall,0,,0
g81,Varun Challa,Dougherty Valley B,biology,0,,0
g81,Varun Challa,Dougherty Valley B,chemistry,0,,0
g81,Varun Challa,Dougherty Valley B,energy,0,,0
g81,Varun Challa,Dougherty Valley B,ess,0,,0
g81,Varun Challa,Dougherty Valley B,math,0,,0
g81,Varun Challa,Dougherty Valley B,physics,0,,0
g81,Snata Mohanty,Dougherty Valley B,overall,0,,0
g81,Snata Mohanty,Dougherty Valley B,biology,0,,0
g81,Snata Mohanty,Dougherty Valley B,chemistry,0,,0
g81,Snata Mohanty,Dougherty Valley B,energy,0,,0
g81,Snata Mohanty,Dougherty Valley B,ess,0,,0
g81,Snata Mohanty,Dougherty Valley B,math,0,,0
g81,Snata Mohanty,Dougherty Valley B,physics,0,,0
g81,Alan Zhiheng Chen,Dougherty Valley B,overall,2,,8
g81,Alan Zhiheng Chen,Dougherty Valley B,biology,0,,0
g81,Alan Zhiheng Chen,Dougherty Valley B,chemistry,2,,8
g81,Alan Zhiheng Chen,Dougherty Valley B,energy,0,,0
g81,Alan Zhiheng Chen,Dougherty Valley B,ess,0,,0
g81,Alan Zhiheng Chen,Dougherty Valley B,math,0,,0
g81,Alan Zhiheng Chen,Dougherty Valley B,physics,0,,0
g81,Jaevin Go,Dougherty Valley B,overall,0,,0
g81,Jaevin Go,Dougherty Valley B,biology,0,,0
g81,Jaevin Go,Dougherty Valley B,chemistry,0,,0
g81,Jaevin Go,Dougherty Valley B,energy,0,,0
g81,Jaevin Go,Dougherty Valley B,ess,0,,0
g81,Jaevin Go,Dougherty Valley B,math,0,,0
g81,Jaevin Go,Dougherty Valley B,physics,0,,0
g81,Renard Wu,Clovis North,overall,4,,16
g81,Renard Wu,Clovis North,biology,3,,12
g81,Renard Wu,Clovis North,chemistry,0,,0
g81,Renard Wu,Clovis North,energy,0,,0
g81,Renard Wu,Clovis North,ess,1,,4
g81,Renard Wu,Clovis North,math,0,,0
g81,Renard Wu,Clovis North,physics,0,,0
g81,Justin Do,Clovis North,overall,4,,16
g81,Justin Do,Clovis North,biology,0,,0
g81,Justin Do,Clovis North,chemistry,2,,8
g81,Justin Do,Clovis North,energy,1,,4
g81,Justin Do,Clovis North,ess,0,,0
g81,Justin Do,Clovis North,math,1,,4
g81,Justin Do,Clovis North,physics,0,,0
g81,Ethan Wang,Clovis North,overall,5,,20
g81,Ethan Wang,Clovis North,biology,0,,0
g81,Ethan Wang,Clovis North,chemistry,0,,0
g81,Ethan Wang,Clovis North,energy,0,,0
g81,Ethan Wang,Clovis North,ess,2,,8
g81,Ethan Wang,Clovis North,math,0,,0
g81,Ethan Wang,Clovis North,physics,3,,12
g81,Achuth Vinay,Clovis North,overall,1,,4
g81,Achuth Vinay,Clovis North,biology,0,,0
g81,Achuth Vinay,Clovis North,chemistry,0,,0
g81,Achuth Vinay,Clovis North,energy,0,,0
g81,Achuth Vinay,Clovis North,ess,0,,0
g81,Achuth Vinay,Clovis North,math,1,,4
g81,Achuth Vinay,Clovis North,physics,0,,0
g69,Sriaditya Pendyala,Quarry Lane A,overall,1,,4
g69,Sriaditya Pendyala,Quarry Lane A,biology,0,,0
g69,Sriaditya Pendyala,Quarry Lane A,chemistry,0,,0
g69,Sriaditya Pendyala,Quarry Lane A,energy,0,,0
g69,Sriaditya Pendyala,Quarry Lane A,ess,1,,4
g69,Sriaditya Pendyala,Quarry Lane A,math,0,,0
g69,Sriaditya Pendyala,Quarry Lane A,physics,0,,0
g69,Gautham Doddapaneni,Quarry Lane A,overall,2,,8
g69,Gautham Doddapaneni,Quarry Lane A,biology,1,,4
g69,Gautham Doddapaneni,Quarry Lane A,chemistry,1,,4
g69,Gautham Doddapaneni,Quarry Lane A,energy,0,,0
g69,Gautham Doddapaneni,Quarry Lane A,ess,0,,0
g69,Gautham Doddapaneni,Quarry Lane A,math,0,,0
g69,Gautham Doddapaneni,Quarry Lane A,physics,0,,0
g69,Pradyun Kalwa,Quarry Lane A,overall,3,,12
g69,Pradyun Kalwa,Quarry Lane A,biology,1,,4
g69,Pradyun Kalwa,Quarry Lane A,chemistry,0,,0
g69,Pradyun Kalwa,Quarry Lane A,energy,0,,0
g69,Pradyun Kalwa,Quarry Lane A,ess,0,,0
g69,Pradyun Kalwa,Quarry Lane A,math,1,,4
g69,Pradyun Kalwa,Quarry Lane A,physics,1,,4
g69,Pranshu Khanna,Quarry Lane A,overall,0,,0
g69,Pranshu Khanna,Quarry Lane A,biology,0,,0
g69,Pranshu Khanna,Quarry Lane A,chemistry,0,,0
g69,Pranshu Khanna,Quarry Lane A,energy,0,,0
g69,Pranshu Khanna,Quarry Lane A,ess,0,,0
g69,Pranshu Khanna,Quarry Lane A,math,0,,0
g69,Pranshu Khanna,Quarry Lane A,physics,0,,0
g69,Alex Luo,Quarry Lane A,overall,0,,0
g69,Alex Luo,Quarry Lane A,biology,0,,0
g69,Alex Luo,Quarry Lane A,chemistry,0,,0
g69,Alex Luo,Quarry Lane A,energy,0,,0
g69,Alex Luo,Quarry Lane A,ess,0,,0
g69,Alex Luo,Quarry Lane A,math,0,,0
g69,Alex Luo,Quarry Lane A,physics,0,,0
g69,Ayush Talapatra,California B,overall,2,,8
g69,Ayush Talapatra,California B,biology,1,,4
g69,Ayush Talapatra,California B,chemistry,1,,4
g69,Ayush Talapatra,California B,energy,0,,0
g69,Ayush Talapatra,California B,ess,0,,0
g69,Ayush Talapatra,California B,math,0,,0
g69,Ayush Talapatra,California B,physics,0,,0
g69,Aditya Singh,California B,overall,0,,0
g69,Aditya Singh,California B,biology,0,,0
g69,Aditya Singh,California B,chemistry,0,,0
g69,Aditya Singh,California B,energy,0,,0
g69,Aditya Singh,California B,ess,0,,0
g69,Aditya Singh,California B,math,0,,0
g69,Aditya Singh,California B,physics,0,,0
g69,Jishnu Balaji,California B,overall,1,,4
g69,Jishnu Balaji,California B,biology,0,,0
g69,Jishnu Balaji,California B,chemistry,0,,0
g69,Jishnu Balaji,California B,energy,0,,0
g69,Jishnu Balaji,California B,ess,0,,0
g69,Jishnu Balaji,California B,math,1,,4
g69,Jishnu Balaji,California B,physics,0,,0
g62,Vishruth Dinesh,American,overall,1,,4
g62,Vishruth Dinesh,American,biology,0,,0
g62,Vishruth Dinesh,American,chemistry,1,,4
g62,Vishruth Dinesh,American,energy,0,,0
g62,Vishruth Dinesh,American,ess,0,,0
g62,Vishruth Dinesh,American,math,0,,0
g62,Vishruth Dinesh,American,physics,0,,0
g62,Stavya Gaonkar,American,overall,10,,40
g62,Stavya Gaonkar,American,biology,3,,12
g62,Stavya Gaonkar,American,chemistry,1,,4
g62,Stavya Gaonkar,American,energy,1,,4
g62,Stavya Gaonkar,American,ess,2,,8
g62,Stavya Gaonkar,American,math,0,,0
g62,Stavya Gaonkar,American,physics,3,,12
g62,Keshav Venkatesh,American,overall,0,,0
g62,Keshav Venkatesh,American,biology,0,,0
g62,Keshav Venkatesh,American,chemistry,0,,0
g62,Keshav Venkatesh,American,energy,0,,0
g62,Keshav Venkatesh,American,ess,0,,0
g62,Keshav Venkatesh,American,math,0,,0
g62,Keshav Venkatesh,American,physics,0,,0
g62,Abdul Muhaimin,American,overall,0,,0
g62,Abdul Muhaimin,American,biology,0,,0
g62,Abdul Muhaimin,American,chemistry,0,,0
g62,Abdul Muhaimin,American,energy,0,,0
g62,Abdul Muhaimin,American,ess,0,,0
g62,Abdul Muhaimin,American,math,0,,0
g62,Abdul Muhaimin,American,physics,0,,0
g62,Kira Liang,Cupertino A,overall,2,,8
g62,Kira Liang,Cupertino A,biology,1,,4
g62,Kira Liang,Cupertino A,chemistry,1,,4
g62,Kira Liang,Cupertino A,energy,0,,0
g62,Kira Liang,Cupertino A,ess,0,,0
g62,Kira Liang,Cupertino A,math,0,,0
g62,Kira Liang,Cupertino A,physics,0,,0
g62,Ethan Chu,Cupertino A,overall,0,,0
g62,Ethan Chu,Cupertino A,biology,0,,0
g62,Ethan Chu,Cupertino A,chemistry,0,,0
g62,Ethan Chu,Cupertino A,energy,0,,0
g62,Ethan Chu,Cupertino A,ess,0,,0
g62,Ethan Chu,Cupertino A,math,0,,0
g62,Ethan Chu,Cupertino A,physics,0,,0
g62,Namita Gaidhani,Cupertino A,overall,0,,0
g62,Namita Gaidhani,Cupertino A,biology,0,,0
g62,Namita Gaidhani,Cupertino A,chemistry,0,,0
g62,Namita Gaidhani,Cupertino A,energy,0,,0
g62,Namita Gaidhani,Cupertino A,ess,0,,0
g62,Namita Gaidhani,Cupertino A,math,0,,0
g62,Namita Gaidhani,Cupertino A,physics,0,,0
g62,Matthew Chen,Cupertino A,overall,6,,24
g62,Matthew Chen,Cupertino A,biology,0,,0
g62,Matthew Chen,Cupertino A,chemistry,1,,4
g62,Matthew Chen,Cupertino A,energy,0,,0
g62,Matthew Chen,Cupertino A,ess,1,,4
g62,Matthew Chen,Cupertino A,math,3,,12
g62,Matthew Chen,Cupertino A,physics,1,,4
g62,Brandon Seo,Cupertino A,overall,0,,0
g62,Brandon Seo,Cupertino A,biology,0,,0
g62,Brandon Seo,Cupertino A,chemistry,0,,0
g62,Brandon Seo,Cupertino A,energy,0,,0
g62,Brandon Seo,Cupertino A,ess,0,,0
g62,Brandon Seo,Cupertino A,math,0,,0
g62,Brandon Seo,Cupertino A,physics,0,,0
g16,Jasper Zhao,Dougherty Valley A,overall,0,,0
g16,Jasper Zhao,Dougherty Valley A,biology,0,,0
g16,Jasper Zhao,Dougherty Valley A,chemistry,0,,0
g16,Jasper Zhao,Dougherty Valley A,energy,0,,0
g16,Jasper Zhao,Dougherty Valley A,ess,0,,0
g16,Jasper Zhao,Dougherty Valley A,math,0,,0
g16,Jasper Zhao,Dougherty Valley A,physics,0,,0
g16,Adhrit Balaji,Dougherty Valley A,overall,2,,8
g16,Adhrit Balaji,Dougherty Valley A,biology,0,,0
g16,Adhrit Balaji,Dougherty Valley A,chemistry,1,,4
g16,Adhrit Balaji,Dougherty Valley A,energy,0,,0
g16,Adhrit Balaji,Dougherty Valley A,ess,0,,0
g16,Adhrit Balaji,Dougherty Valley A,math,1,,4
g16,Adhrit Balaji,Dougherty Valley A,physics,0,,0
g16,Akshaj Challa,Dougherty Valley A,overall,2,,8
g16,Akshaj Challa,Dougherty Valley A,biology,1,,4
g16,Akshaj Challa,Dougherty Valley A,chemistry,0,,0
g16,Akshaj Challa,Dougherty Valley A,energy,1,,4
g16,Akshaj Challa,Dougherty Valley A,ess,0,,0
g16,Akshaj Challa,Dougherty Valley A,math,0,,0
g16,Akshaj Challa,Dougherty Valley A,physics,0,,0
g16,Soham Chatterjee,Dougherty Valley A,overall,3,,12
g16,Soham Chatterjee,Dougherty Valley A,biology,2,,8
g16,Soham Chatterjee,Dougherty Valley A,chemistry,1,,4
g16,Soham Chatterjee,Dougherty Valley A,energy,0,,0
g16,Soham Chatterjee,Dougherty Valley A,ess,0,,0
g16,Soham Chatterjee,Dougherty Valley A,math,0,,0
g16,Soham Chatterjee,Dougherty Valley A,physics,0,,0
g16,Keshav Verma,Dougherty Valley A,overall,4,,16
g16,Keshav Verma,Dougherty Valley A,biology,0,,0
g16,Keshav Verma,Dougherty Valley A,chemistry,0,,0
g16,Keshav Verma,Dougherty Valley A,energy,2,,8
g16,Keshav Verma,Dougherty Valley A,ess,2,,8
g16,Keshav Verma,Dougherty Valley A,math,0,,0
g16,Keshav Verma,Dougherty Valley A,physics,0,,0
g16,Diego Diaz,A-Tech B,overall,0,,0
g16,Diego Diaz,A-Tech B,biology,0,,0
g16,Diego Diaz,A-Tech B,chemistry,0,,0
g16,Diego Diaz,A-Tech B,energy,0,,0
g16,Diego Diaz,A-Tech B,ess,0,,0
g16,Diego Diaz,A-Tech B,math,0,,0
g16,Diego Diaz,A-Tech B,physics,0,,0
g16,Moises Hernandez,A-Tech B,overall,2,,8
g16,Moises Hernandez,A-Tech B,biology,0,,0
g16,Moises Hernandez,A-Tech B,chemistry,0,,0
g16,Moises Hernandez,A-Tech B,energy,0,,0
g16,Moises Hernandez,A-Tech B,ess,1,,4
g16,Moises Hernandez,A-Tech B,math,0,,0
g16,Moises Hernandez,A-Tech B,physics,1,,4
g16,Justice Thach,A-Tech B,overall,0,,0
g16,Justice Thach,A-Tech B,biology,0,,0
g16,Justice Thach,A-Tech B,chemistry,0,,0
g16,Justice Thach,A-Tech B,energy,0,,0
g16,Justice Thach,A-Tech B,ess,0,,0
g16,Justice Thach,A-Tech B,math,0,,0
g16,Justice Thach,A-Tech B,physics,0,,0
g16,Ransome Goedhart,A-Tech B,overall,0,,0
g16,Ransome Goedhart,A-Tech B,biology,0,,0
g16,Ransome Goedhart,A-Tech B,chemistry,0,,0
g16,Ransome Goedhart,A-Tech B,energy,0,,0
g16,Ransome Goedhart,A-Tech B,ess,0,,0
g16,Ransome Goedhart,A-Tech B,math,0,,0
g16,Ransome Goedhart,A-Tech B,physics,0,,0
g16,Seth Burrell,A-Tech B,overall,3,,12
g16,Seth Burrell,A-Tech B,biology,0,,0
g16,Seth Burrell,A-Tech B,chemistry,2,,8
g16,Seth Burrell,A-Tech B,energy,0,,0
g16,Seth Burrell,A-Tech B,ess,0,,0
g16,Seth Burrell,A-Tech B,math,0,,0
g16,Seth Burrell,A-Tech B,physics,1,,4
g8,Luthfa Zaceria,Logan,overall,0,,0
g8,Luthfa Zaceria,Logan,biology,0,,0
g8,Luthfa Zaceria,Logan,chemistry,0,,0
g8,Luthfa Zaceria,Logan,energy,0,,0
g8,Luthfa Zaceria,Logan,ess,0,,0
g8,Luthfa Zaceria,Logan,math,0,,0
g8,Luthfa Zaceria,Logan,physics,0,,0
g8,Sreenidhi Maddineedi,Logan,overall,2,,8
g8,Sreenidhi Maddineedi,Logan,biology,0,,0
g8,Sreenidhi Maddineedi,Logan,chemistry,0,,0
g8,Sreenidhi Maddineedi,Logan,energy,0,,0
g8,Sreenidhi Maddineedi,Logan,ess,1,,4
g8,Sreenidhi Maddineedi,Logan,math,1,,4
g8,Sreenidhi Maddineedi,Logan,physics,0,,0
g8,Jannah Noorzad,Logan,overall,0,,0
g8,Jannah Noorzad,Logan,biology,0,,0
g8,Jannah Noorzad,Logan,chemistry,0,,0
g8,Jannah Noorzad,Logan,energy,0,,0
g8,Jannah Noorzad,Logan,ess,0,,0
g8,Jannah Noorzad,Logan,math,0,,0
g8,Jannah Noorzad,Logan,physics,0,,0
g8,Elyanna Kwok,Logan,overall,0,,0
g8,Elyanna Kwok,Logan,biology,0,,0
g8,Elyanna Kwok,Logan,chemistry,0,,0
g8,Elyanna Kwok,Logan,energy,0,,0
g8,Elyanna Kwok,Logan,ess,0,,0
g8,Elyanna Kwok,Logan,math,0,,0
g8,Elyanna Kwok,Logan,physics,0,,0
g8,Larry Zhao,BASIS Silicon Valley,overall,4,,16
g8,Larry Zhao,BASIS Silicon Valley,biology,2,,8
g8,Larry Zhao,BASIS Silicon Valley,chemistry,0,,0
g8,Larry Zhao,BASIS Silicon Valley,energy,2,,8
g8,Larry Zhao,BASIS Silicon Valley,ess,0,,0
g8,Larry Zhao,BASIS Silicon Valley,math,0,,0
g8,Larry Zhao,BASIS Silicon Valley,physics,0,,0
g8,Lucas Quan,BASIS Silicon Valley,overall,7,,28
g8,Lucas Quan,BASIS Silicon Valley,biology,0,,0
g8,Lucas Quan,BASIS Silicon Valley,chemistry,3,,12
g8,Lucas Quan,BASIS Silicon Valley,energy,0,,0
g8,Lucas Quan,BASIS Silicon Valley,ess,0,,0
g8,Lucas Quan,BASIS Silicon Valley,math,1,,4
g8,Lucas Quan,BASIS Silicon Valley,physics,3,,12
g8,Naman Siddheshwar,BASIS Silicon Valley,overall,3,,12
g8,Naman Siddheshwar,BASIS Silicon Valley,biology,0,,0
g8,Naman Siddheshwar,BASIS Silicon Valley,chemistry,1,,4
g8,Naman Siddheshwar,BASIS Silicon Valley,energy,1,,4
g8,Naman Siddheshwar,BASIS Silicon Valley,ess,1,,4
g8,Naman Siddheshwar,BASIS Silicon Valley,math,0,,0
g8,Naman Siddheshwar,BASIS Silicon Valley,physics,0,,0
g8,Michelle Liu,BASIS Silicon Valley,overall,2,,8
g8,Michelle Liu,BASIS Silicon Valley,biology,1,,4
g8,Michelle Liu,BASIS Silicon Valley,chemistry,0,,0
g8,Michelle Liu,BASIS Silicon Valley,energy,0,,0
g8,Michelle Liu,BASIS Silicon Valley,ess,1,,4
g8,Michelle Liu,BASIS Silicon Valley,math,0,,0
g8,Michelle Liu,BASIS Silicon Valley,physics,0,,0
g89,Bhagirath Bandigari,Foothill A,overall,3,,12
g89,Bhagirath Bandigari,Foothill A,biology,1,,4
g89,Bhagirath Bandigari,Foothill A,chemistry,0,,0
g89,Bhagirath Bandigari,Foothill A,energy,1,,4
g89,Bhagirath Bandigari,Foothill A,ess,1,,4
g89,Bhagirath Bandigari,Foothill A,math,0,,0
g89,Bhagirath Bandigari,Foothill A,physics,0,,0
g89,Athithan Elamaran,Foothill A,overall,2,,8
g89,Athithan Elamaran,Foothill A,biology,0,,0
g89,Athithan Elamaran,Foothill A,chemistry,0,,0
g89,Athithan Elamaran,Foothill A,energy,0,,0
g89,Athithan Elamaran,Foothill A,ess,0,,0
g89,Athithan Elamaran,Foothill A,math,2,,8
g89,Athithan Elamaran,Foothill A,physics,0,,0
g89,Brandon Kong,Foothill A,overall,3,,12
g89,Brandon Kong,Foothill A,biology,0,,0
g89,Brandon Kong,Foothill A,chemistry,0,,0
g89,Brandon Kong,Foothill A,energy,1,,4
g89,Brandon Kong,Foothill A,ess,0,,0
g89,Brandon Kong,Foothill A,math,0,,0
g89,Brandon Kong,Foothill A,physics,2,,8
g89,Jake Nguyen,Foothill A,overall,5,,20
g89,Jake Nguyen,Foothill A,biology,1,,4
g89,Jake Nguyen,Foothill A,chemistry,3,,12
g89,Jake Nguyen,Foothill A,energy,0,,0
g89,Jake Nguyen,Foothill A,ess,0,,0
g89,Jake Nguyen,Foothill A,math,0,,0
g89,Jake Nguyen,Foothill A,physics,1,,4
g89,Christopher Xia,Saint Francis,overall,0,,0
g89,Christopher Xia,Saint Francis,biology,0,,0
g89,Christopher Xia,Saint Francis,chemistry,0,,0
g89,Christopher Xia,Saint Francis,energy,0,,0
g89,Christopher Xia,Saint Francis,ess,0,,0
g89,Christopher Xia,Saint Francis,math,0,,0
g89,Christopher Xia,Saint Francis,physics,0,,0
g89,Mason Young,Saint Francis,overall,0,,0
g89,Mason Young,Saint Francis,biology,0,,0
g89,Mason Young,Saint Francis,chemistry,0,,0
g89,Mason Young,Saint Francis,energy,0,,0
g89,Mason Young,Saint Francis,ess,0,,0
g89,Mason Young,Saint Francis,math,0,,0
g89,Mason Young,Saint Francis,physics,0,,0
g89,Neha Pandya,Saint Francis,overall,1,,4
g89,Neha Pandya,Saint Francis,biology,0,,0
g89,Neha Pandya,Saint Francis,chemistry,0,,0
g89,Neha Pandya,Saint Francis,energy,1,,4
g89,Neha Pandya,Saint Francis,ess,0,,0
g89,Neha Pandya,Saint Francis,math,0,,0
g89,Neha Pandya,Saint Francis,physics,0,,0
g89,Caleb Obico,Saint Francis,overall,1,,4
g89,Caleb Obico,Saint Francis,biology,0,,0
g89,Caleb Obico,Saint Francis,chemistry,0,,0
g89,Caleb Obico,Saint Francis,energy,0,,0
g89,Caleb Obico,Saint Francis,ess,1,,4
g89,Caleb Obico,Saint Francis,math,0,,0
g89,Caleb Obico,Saint Francis,physics,0,,0
g86,Akshara Srigiriraju,Dougherty Valley B,overall,3,,12
g86,Akshara Srigiriraju,Dougherty Valley B,biology,2,,8
g86,Akshara Srigiriraju,Dougherty Valley B,chemistry,0,,0
g86,Akshara Srigiriraju,Dougherty Valley B,energy,1,,4
g86,Akshara Srigiriraju,Dougherty Valley B,ess,0,,0
g86,Akshara Srigiriraju,Dougherty Valley B,math,0,,0
g86,Akshara Srigiriraju,Dougherty Valley B,physics,0,,0
g86,Varun Challa,Dougherty Valley B,overall,2,,8
g86,Varun Challa,Dougherty Valley B,biology,0,,0
g86,Varun Challa,Dougherty Valley B,chemistry,0,,0
g86,Varun Challa,Dougherty Valley B,energy,1,,4
g86,Varun Challa,Dougherty Valley B,ess,1,,4
g86,Varun Challa,Dougherty Valley B,math,0,,0
g86,Varun Challa,Dougherty Valley B,physics,0,,0
g86,Alan Zhiheng Chen,Dougherty Valley B,overall,1,,4
g86,Alan Zhiheng Chen,Dougherty Valley B,biology,0,,0
g86,Alan Zhiheng Chen,Dougherty Valley B,chemistry,0,,0
g86,Alan Zhiheng Chen,Dougherty Valley B,energy,0,,0
g86,Alan Zhiheng Chen,Dougherty Valley B,ess,0,,0
g86,Alan Zhiheng Chen,Dougherty Valley B,math,0,,0
g86,Alan Zhiheng Chen,Dougherty Valley B,physics,1,,4
g86,Jaevin Go,Dougherty Valley B,overall,1,,4
g86,Jaevin Go,Dougherty Valley B,biology,0,,0
g86,Jaevin Go,Dougherty Valley B,chemistry,0,,0
g86,Jaevin Go,Dougherty Valley B,energy,0,,0
g86,Jaevin Go,Dougherty Valley B,ess,0,,0
g86,Jaevin Go,Dougherty Valley B,math,0,,0
g86,Jaevin Go,Dougherty Valley B,physics,1,,4
g86,Jonathan Yuen,Palo Alto,overall,0,,0
g86,Jonathan Yuen,Palo Alto,biology,0,,0
g86,Jonathan Yuen,Palo Alto,chemistry,0,,0
g86,Jonathan Yuen,Palo Alto,energy,0,,0
g86,Jonathan Yuen,Palo Alto,ess,0,,0
g86,Jonathan Yuen,Palo Alto,math,0,,0
g86,Jonathan Yuen,Palo Alto,physics,0,,0
g86,Andrew Wen,Palo Alto,overall,4,,16
g86,Andrew Wen,Palo Alto,biology,0,,0
g86,Andrew Wen,Palo Alto,chemistry,1,,4
g86,Andrew Wen,Palo Alto,energy,0,,0
g86,Andrew Wen,Palo Alto,ess,0,,0
g86,Andrew Wen,Palo Alto,math,3,,12
g86,Andrew Wen,Palo Alto,physics,0,,0
g86,Forrest Chou,Palo Alto,overall,7,,28
g86,Forrest Chou,Palo Alto,biology,0,,0
g86,Forrest Chou,Palo Alto,chemistry,2,,8
g86,Forrest Chou,Palo Alto,energy,1,,4
g86,Forrest Chou,Palo Alto,ess,1,,4
g86,Forrest Chou,Palo Alto,math,1,,4
g86,Forrest Chou,Palo Alto,physics,2,,8
g86,Rasia Yu,Palo Alto,overall,1,,4
g86,Rasia Yu,Palo Alto,biology,1,,4
g86,Rasia Yu,Palo Alto,chemistry,0,,0
g86,Rasia Yu,Palo Alto,energy,0,,0
g86,Rasia Yu,Palo Alto,ess,0,,0
g86,Rasia Yu,Palo Alto,math,0,,0
g86,Rasia Yu,Palo Alto,physics,0,,0
g67,Daniel Li,Gunn,overall,5,,20
g67,Daniel Li,Gunn,biology,1,,4
g67,Daniel Li,Gunn,chemistry,2,,8
g67,Daniel Li,Gunn,energy,1,,4
g67,Daniel Li,Gunn,ess,1,,4
g67,Daniel Li,Gunn,math,0,,0
g67,Daniel Li,Gunn,physics,0,,0
g67,Elliot Boyce,Gunn,overall,2,,8
g67,Elliot Boyce,Gunn,biology,0,,0
g67,Elliot Boyce,Gunn,chemistry,0,,0
g67,Elliot Boyce,Gunn,energy,0,,0
g67,Elliot Boyce,Gunn,ess,0,,0
g67,Elliot Boyce,Gunn,math,1,,4
g67,Elliot Boyce,Gunn,physics,1,,4
g67,Kaiyuan Ding,Gunn,overall,1,,4
g67,Kaiyuan Ding,Gunn,biology,0,,0
g67,Kaiyuan Ding,Gunn,chemistry,0,,0
g67,Kaiyuan Ding,Gunn,energy,0,,0
g67,Kaiyuan Ding,Gunn,ess,0,,0
g67,Kaiyuan Ding,Gunn,math,1,,4
g67,Kaiyuan Ding,Gunn,physics,0,,0
g67,Nalan Rajan,Gunn,overall,0,,0
g67,Nalan Rajan,Gunn,biology,0,,0
g67,Nalan Rajan,Gunn,chemistry,0,,0
g67,Nalan Rajan,Gunn,energy,0,,0
g67,Nalan Rajan,Gunn,ess,0,,0
g67,Nalan Rajan,Gunn,math,0,,0
g67,Nalan Rajan,Gunn,physics,0,,0
g67,Olivia Kim,Gunn,overall,4,,16
g67,Olivia Kim,Gunn,biology,1,,4
g67,Olivia Kim,Gunn,chemistry,1,,4
g67,Olivia Kim,Gunn,energy,0,,0
g67,Olivia Kim,Gunn,ess,1,,4
g67,Olivia Kim,Gunn,math,1,,4
g67,Olivia Kim,Gunn,physics,0,,0
g67,Ayush Talapatra,California B,overall,0,,0
g67,Ayush Talapatra,California B,biology,0,,0
g67,Ayush Talapatra,California B,chemistry,0,,0
g67,Ayush Talapatra,California B,energy,0,,0
g67,Ayush Talapatra,California B,ess,0,,0
g67,Ayush Talapatra,California B,math,0,,0
g67,Ayush Talapatra,California B,physics,0,,0
g67,Jishnu Balaji,California B,overall,0,,0
g67,Jishnu Balaji,California B,biology,0,,0
g67,Jishnu Balaji,California B,chemistry,0,,0
g67,Jishnu Balaji,California B,energy,0,,0
g67,Jishnu Balaji,California B,ess,0,,0
g67,Jishnu Balaji,California B,math,0,,0
g67,Jishnu Balaji,California B,physics,0,,0
g67,Aditya Singh,California B,overall,1,,4
g67,Aditya Singh,California B,biology,0,,0
g67,Aditya Singh,California B,chemistry,0,,0
g67,Aditya Singh,California B,energy,0,,0
g67,Aditya Singh,California B,ess,1,,4
g67,Aditya Singh,California B,math,0,,0
g67,Aditya Singh,California B,physics,0,,0
g27,Jerry Sun,Irvington,overall,3,,12
g27,Jerry Sun,Irvington,biology,0,,0
g27,Jerry Sun,Irvington,chemistry,2,,8
g27,Jerry Sun,Irvington,energy,0,,0
g27,Jerry Sun,Irvington,ess,0,,0
g27,Jerry Sun,Irvington,math,0,,0
g27,Jerry Sun,Irvington,physics,1,,4
g27,Samyuktha Gopinath Lakshmi,Irvington,overall,1,,4
g27,Samyuktha Gopinath Lakshmi,Irvington,biology,0,,0
g27,Samyuktha Gopinath Lakshmi,Irvington,chemistry,0,,0
g27,Samyuktha Gopinath Lakshmi,Irvington,energy,0,,0
g27,Samyuktha Gopinath Lakshmi,Irvington,ess,1,,4
g27,Samyuktha Gopinath Lakshmi,Irvington,math,0,,0
g27,Samyuktha Gopinath Lakshmi,Irvington,physics,0,,0
g27,Roland Pratt,Irvington,overall,1,,4
g27,Roland Pratt,Irvington,biology,0,,0
g27,Roland Pratt,Irvington,chemistry,0,,0
g27,Roland Pratt,Irvington,energy,0,,0
g27,Roland Pratt,Irvington,ess,0,,0
g27,Roland Pratt,Irvington,math,1,,4
g27,Roland Pratt,Irvington,physics,0,,0
g27,Ishaan Agrawal,Irvington,overall,6,,24
g27,Ishaan Agrawal,Irvington,biology,1,,4
g27,Ishaan Agrawal,Irvington,chemistry,0,,0
g27,Ishaan Agrawal,Irvington,energy,1,,4
g27,Ishaan Agrawal,Irvington,ess,2,,8
g27,Ishaan Agrawal,Irvington,math,1,,4
g27,Ishaan Agrawal,Irvington,physics,1,,4
g27,Quinn Gifford,Saratoga,overall,3,,12
g27,Quinn Gifford,Saratoga,biology,0,,0
g27,Quinn Gifford,Saratoga,chemistry,0,,0
g27,Quinn Gifford,Saratoga,energy,1,,4
g27,Quinn Gifford,Saratoga,ess,0,,0
g27,Quinn Gifford,Saratoga,math,2,,8
g27,Quinn Gifford,Saratoga,physics,0,,0
g27,Max Rombakh,Saratoga,overall,2,,8
g27,Max Rombakh,Saratoga,biology,0,,0
g27,Max Rombakh,Saratoga,chemistry,0,,0
g27,Max Rombakh,Saratoga,energy,0,,0
g27,Max Rombakh,Saratoga,ess,1,,4
g27,Max Rombakh,Saratoga,math,0,,0
g27,Max Rombakh,Saratoga,physics,1,,4
g27,Ethan Pan,Saratoga,overall,1,,4
g27,Ethan Pan,Saratoga,biology,1,,4
g27,Ethan Pan,Saratoga,chemistry,0,,0
g27,Ethan Pan,Saratoga,energy,0,,0
g27,Ethan Pan,Saratoga,ess,0,,0
g27,Ethan Pan,Saratoga,math,0,,0
g27,Ethan Pan,Saratoga,physics,0,,0
g27,Arjun Krish,Saratoga,overall,0,,0
g27,Arjun Krish,Saratoga,biology,0,,0
g27,Arjun Krish,Saratoga,chemistry,0,,0
g27,Arjun Krish,Saratoga,energy,0,,0
g27,Arjun Krish,Saratoga,ess,0,,0
g27,Arjun Krish,Saratoga,math,0,,0
g27,Arjun Krish,Saratoga,physics,0,,0
g27,Alex Ge,Saratoga,overall,4,,16
g27,Alex Ge,Saratoga,biology,1,,4
g27,Alex Ge,Saratoga,chemistry,2,,8
g27,Alex Ge,Saratoga,energy,1,,4
g27,Alex Ge,Saratoga,ess,0,,0
g27,Alex Ge,Saratoga,math,0,,0
g27,Alex Ge,Saratoga,physics,0,,0
g10,Kaison Fong,Davidson B,overall,1,,4
g10,Kaison Fong,Davidson B,biology,0,,0
g10,Kaison Fong,Davidson B,chemistry,0,,0
g10,Kaison Fong,Davidson B,energy,0,,0
g10,Kaison Fong,Davidson B,ess,0,,0
g10,Kaison Fong,Davidson B,math,1,,4
g10,Kaison Fong,Davidson B,physics,0,,0
g10,Ethan Chan,Davidson B,overall,3,,12
g10,Ethan Chan,Davidson B,biology,0,,0
g10,Ethan Chan,Davidson B,chemistry,1,,4
g10,Ethan Chan,Davidson B,energy,0,,0
g10,Ethan Chan,Davidson B,ess,1,,4
g10,Ethan Chan,Davidson B,math,1,,4
g10,Ethan Chan,Davidson B,physics,0,,0
g10,Shayan Sattarvand,Davidson B,overall,7,,28
g10,Shayan Sattarvand,Davidson B,biology,1,,4
g10,Shayan Sattarvand,Davidson B,chemistry,2,,8
g10,Shayan Sattarvand,Davidson B,energy,1,,4
g10,Shayan Sattarvand,Davidson B,ess,1,,4
g10,Shayan Sattarvand,Davidson B,math,2,,8
g10,Shayan Sattarvand,Davidson B,physics,0,,0
g10,Dallin Guisti,Davidson B,overall,0,,0
g10,Dallin Guisti,Davidson B,biology,0,,0
g10,Dallin Guisti,Davidson B,chemistry,0,,0
g10,Dallin Guisti,Davidson B,energy,0,,0
g10,Dallin Guisti,Davidson B,ess,0,,0
g10,Dallin Guisti,Davidson B,math,0,,0
g10,Dallin Guisti,Davidson B,physics,0,,0
g10,Shreya Atkar,Davidson B,overall,0,,0
g10,Shreya Atkar,Davidson B,biology,0,,0
g10,Shreya Atkar,Davidson B,chemistry,0,,0
g10,Shreya Atkar,Davidson B,energy,0,,0
g10,Shreya Atkar,Davidson B,ess,0,,0
g10,Shreya Atkar,Davidson B,math,0,,0
g10,Shreya Atkar,Davidson B,physics,0,,0
g10,Revathi Tanmayee Alipeta,Cupertino B,overall,0,,0
g10,Revathi Tanmayee Alipeta,Cupertino B,biology,0,,0
g10,Revathi Tanmayee Alipeta,Cupertino B,chemistry,0,,0
g10,Revathi Tanmayee Alipeta,Cupertino B,energy,0,,0
g10,Revathi Tanmayee Alipeta,Cupertino B,ess,0,,0
g10,Revathi Tanmayee Alipeta,Cupertino B,math,0,,0
g10,Revathi Tanmayee Alipeta,Cupertino B,physics,0,,0
g10,Danica Au,Cupertino B,overall,2,,8
g10,Danica Au,Cupertino B,biology,0,,0
g10,Danica Au,Cupertino B,chemistry,1,,4
g10,Danica Au,Cupertino B,energy,0,,0
g10,Danica Au,Cupertino B,ess,0,,0
g10,Danica Au,Cupertino B,math,0,,0
g10,Danica Au,Cupertino B,physics,1,,4
g10,Jaanya Annapureddy,Cupertino B,overall,1,,4
g10,Jaanya Annapureddy,Cupertino B,biology,0,,0
g10,Jaanya Annapureddy,Cupertino B,chemistry,0,,0
g10,Jaanya Annapureddy,Cupertino B,energy,1,,4
g10,Jaanya Annapureddy,Cupertino B,ess,0,,0
g10,Jaanya Annapureddy,Cupertino B,math,0,,0
g10,Jaanya Annapureddy,Cupertino B,physics,0,,0
g10,Shubhi Jain,Cupertino B,overall,4,,16
g10,Shubhi Jain,Cupertino B,biology,3,,12
g10,Shubhi Jain,Cupertino B,chemistry,0,,0
g10,Shubhi Jain,Cupertino B,energy,1,,4
g10,Shubhi Jain,Cupertino B,ess,0,,0
g10,Shubhi Jain,Cupertino B,math,0,,0
g10,Shubhi Jain,Cupertino B,physics,0,,0
g10,Iurii Kirpichev,Cupertino B,overall,1,,4
g10,Iurii Kirpichev,Cupertino B,biology,0,,0
g10,Iurii Kirpichev,Cupertino B,chemistry,0,,0
g10,Iurii Kirpichev,Cupertino B,energy,0,,0
g10,Iurii Kirpichev,Cupertino B,ess,0,,0
g10,Iurii Kirpichev,Cupertino B,math,0,,0
g10,Iurii Kirpichev,Cupertino B,physics,1,,4
g4,Alex Bowen,Albany A,overall,5,,20
g4,Alex Bowen,Albany A,biology,0,,0
g4,Alex Bowen,Albany A,chemistry,0,,0
g4,Alex Bowen,Albany A,energy,0,,0
g4,Alex Bowen,Albany A,ess,4,,16
g4,Alex Bowen,Albany A,math,0,,0
g4,Alex Bowen,Albany A,physics,1,,4
g4,Mikayla Rai Feng,Albany A,overall,1,,4
g4,Mikayla Rai Feng,Albany A,biology,0,,0
g4,Mikayla Rai Feng,Albany A,chemistry,1,,4
g4,Mikayla Rai Feng,Albany A,energy,0,,0
g4,Mikayla Rai Feng,Albany A,ess,0,,0
g4,Mikayla Rai Feng,Albany A,math,0,,0
g4,Mikayla Rai Feng,Albany A,physics,0,,0
g4,Orin Tran Davidson,Albany A,overall,2,,8
g4,Orin Tran Davidson,Albany A,biology,0,,0
g4,Orin Tran Davidson,Albany A,chemistry,0,,0
g4,Orin Tran Davidson,Albany A,energy,0,,0
g4,Orin Tran Davidson,Albany A,ess,0,,0
g4,Orin Tran Davidson,Albany A,math,2,,8
g4,Orin Tran Davidson,Albany A,physics,0,,0
g4,Lawrence Chan,Albany A,overall,0,,0
g4,Lawrence Chan,Albany A,biology,0,,0
g4,Lawrence Chan,Albany A,chemistry,0,,0
g4,Lawrence Chan,Albany A,energy,0,,0
g4,Lawrence Chan,Albany A,ess,0,,0
g4,Lawrence Chan,Albany A,math,0,,0
g4,Lawrence Chan,Albany A,physics,0,,0
g4,Grace Ha,Albany A,overall,0,,0
g4,Grace Ha,Albany A,biology,0,,0
g4,Grace Ha,Albany A,chemistry,0,,0
g4,Grace Ha,Albany A,energy,0,,0
g4,Grace Ha,Albany A,ess,0,,0
g4,Grace Ha,Albany A,math,0,,0
g4,Grace Ha,Albany A,physics,0,,0
g4,Luthfa Zaceria,Logan,overall,0,,0
g4,Luthfa Zaceria,Logan,biology,0,,0
g4,Luthfa Zaceria,Logan,chemistry,0,,0
g4,Luthfa Zaceria,Logan,energy,0,,0
g4,Luthfa Zaceria,Logan,ess,0,,0
g4,Luthfa Zaceria,Logan,math,0,,0
g4,Luthfa Zaceria,Logan,physics,0,,0
g4,Sreenidhi Maddineedi,Logan,overall,4,,16
g4,Sreenidhi Maddineedi,Logan,biology,2,,8
g4,Sreenidhi Maddineedi,Logan,chemistry,0,,0
g4,Sreenidhi Maddineedi,Logan,energy,1,,4
g4,Sreenidhi Maddineedi,Logan,ess,0,,0
g4,Sreenidhi Maddineedi,Logan,math,0,,0
g4,Sreenidhi Maddineedi,Logan,physics,1,,4
g4,Jaelyn Caguiat,Logan,overall,0,,0
g4,Jaelyn Caguiat,Logan,biology,0,,0
g4,Jaelyn Caguiat,Logan,chemistry,0,,0
g4,Jaelyn Caguiat,Logan,energy,0,,0
g4,Jaelyn Caguiat,Logan,ess,0,,0
g4,Jaelyn Caguiat,Logan,math,0,,0
g4,Jaelyn Caguiat,Logan,physics,0,,0
g4,Elyanna Kwok,Logan,overall,2,,8
g4,Elyanna Kwok,Logan,biology,0,,0
g4,Elyanna Kwok,Logan,chemistry,0,,0
g4,Elyanna Kwok,Logan,energy,1,,4
g4,Elyanna Kwok,Logan,ess,0,,0
g4,Elyanna Kwok,Logan,math,1,,4
g4,Elyanna Kwok,Logan,physics,0,,0
g78,Ryan Jung,Albany B,overall,0,,0
g78,Ryan Jung,Albany B,biology,0,,0
g78,Ryan Jung,Albany B,chemistry,0,,0
g78,Ryan Jung,Albany B,energy,0,,0
g78,Ryan Jung,Albany B,ess,0,,0
g78,Ryan Jung,Albany B,math,0,,0
g78,Ryan Jung,Albany B,physics,0,,0
g78,Kevin Liu,Albany B,overall,0,,0
g78,Kevin Liu,Albany B,biology,0,,0
g78,Kevin Liu,Albany B,chemistry,0,,0
g78,Kevin Liu,Albany B,energy,0,,0
g78,Kevin Liu,Albany B,ess,0,,0
g78,Kevin Liu,Albany B,math,0,,0
g78,Kevin Liu,Albany B,physics,0,,0
g78,Oshan Poudel,Albany B,overall,2,,8
g78,Oshan Poudel,Albany B,biology,0,,0
g78,Oshan Poudel,Albany B,chemistry,0,,0
g78,Oshan Poudel,Albany B,energy,0,,0
g78,Oshan Poudel,Albany B,ess,1,,4
g78,Oshan Poudel,Albany B,math,0,,0
g78,Oshan Poudel,Albany B,physics,1,,4
g78,Samantha Chik,Albany B,overall,0,,0
g78,Samantha Chik,Albany B,biology,0,,0
g78,Samantha Chik,Albany B,chemistry,0,,0
g78,Samantha Chik,Albany B,energy,0,,0
g78,Samantha Chik,Albany B,ess,0,,0
g78,Samantha Chik,Albany B,math,0,,0
g78,Samantha Chik,Albany B,physics,0,,0
g78,Raiden Dea,Albany B,overall,2,,8
g78,Raiden Dea,Albany B,biology,0,,0
g78,Raiden Dea,Albany B,chemistry,1,,4
g78,Raiden Dea,Albany B,energy,0,,0
g78,Raiden Dea,Albany B,ess,1,,4
g78,Raiden Dea,Albany B,math,0,,0
g78,Raiden Dea,Albany B,physics,0,,0
g78,Bhagirath Bandigari,Foothill A,overall,2,,8
g78,Bhagirath Bandigari,Foothill A,biology,1,,4
g78,Bhagirath Bandigari,Foothill A,chemistry,0,,0
g78,Bhagirath Bandigari,Foothill A,energy,1,,4
g78,Bhagirath Bandigari,Foothill A,ess,0,,0
g78,Bhagirath Bandigari,Foothill A,math,0,,0
g78,Bhagirath Bandigari,Foothill A,physics,0,,0
g78,Athithan Elamaran,Foothill A,overall,6,,24
g78,Athithan Elamaran,Foothill A,biology,1,,4
g78,Athithan Elamaran,Foothill A,chemistry,0,,0
g78,Athithan Elamaran,Foothill A,energy,1,,4
g78,Athithan Elamaran,Foothill A,ess,0,,0
g78,Athithan Elamaran,Foothill A,math,3,,12
g78,Athithan Elamaran,Foothill A,physics,1,,4
g78,Brandon Kong,Foothill A,overall,1,,4
g78,Brandon Kong,Foothill A,biology,0,,0
g78,Brandon Kong,Foothill A,chemistry,0,,0
g78,Brandon Kong,Foothill A,energy,1,,4
g78,Brandon Kong,Foothill A,ess,0,,0
g78,Brandon Kong,Foothill A,math,0,,0
g78,Brandon Kong,Foothill A,physics,0,,0
g78,Jake Nguyen,Foothill A,overall,3,,12
g78,Jake Nguyen,Foothill A,biology,0,,0
g78,Jake Nguyen,Foothill A,chemistry,2,,8
g78,Jake Nguyen,Foothill A,energy,0,,0
g78,Jake Nguyen,Foothill A,ess,0,,0
g78,Jake Nguyen,Foothill A,math,0,,0
g78,Jake Nguyen,Foothill A,physics,1,,4
g75,Sriaditya Pendyala,Quarry Lane A,overall,0,,0
g75,Sriaditya Pendyala,Quarry Lane A,biology,0,,0
g75,Sriaditya Pendyala,Quarry Lane A,chemistry,0,,0
g75,Sriaditya Pendyala,Quarry Lane A,energy,0,,0
g75,Sriaditya Pendyala,Quarry Lane A,ess,0,,0
g75,Sriaditya Pendyala,Quarry Lane A,math,0,,0
g75,Sriaditya Pendyala,Quarry Lane A,physics,0,,0
g75,Alex Luo,Quarry Lane A,overall,0,,0
g75,Alex Luo,Quarry Lane A,biology,0,,0
g75,Alex Luo,Quarry Lane A,chemistry,0,,0
g75,Alex Luo,Quarry Lane A,energy,0,,0
g75,Alex Luo,Quarry Lane A,ess,0,,0
g75,Alex Luo,Quarry Lane A,math,0,,0
g75,Alex Luo,Quarry Lane A,physics,0,,0
g75,Pradyun Kalwa,Quarry Lane A,overall,0,,0
g75,Pradyun Kalwa,Quarry Lane A,biology,0,,0
g75,Pradyun Kalwa,Quarry Lane A,chemistry,0,,0
g75,Pradyun Kalwa,Quarry Lane A,energy,0,,0
g75,Pradyun Kalwa,Quarry Lane A,ess,0,,0
g75,Pradyun Kalwa,Quarry Lane A,math,0,,0
g75,Pradyun Kalwa,Quarry Lane A,physics,0,,0
g75,Gautham Doddapaneni,Quarry Lane A,overall,0,,0
g75,Gautham Doddapaneni,Quarry Lane A,biology,0,,0
g75,Gautham Doddapaneni,Quarry Lane A,chemistry,0,,0
g75,Gautham Doddapaneni,Quarry Lane A,energy,0,,0
g75,Gautham Doddapaneni,Quarry Lane A,ess,0,,0
g75,Gautham Doddapaneni,Quarry Lane A,math,0,,0
g75,Gautham Doddapaneni,Quarry Lane A,physics,0,,0
g75,Pranshu Khanna,Quarry Lane A,overall,1,,4
g75,Pranshu Khanna,Quarry Lane A,biology,0,,0
g75,Pranshu Khanna,Quarry Lane A,chemistry,1,,4
g75,Pranshu Khanna,Quarry Lane A,energy,0,,0
g75,Pranshu Khanna,Quarry Lane A,ess,0,,0
g75,Pranshu Khanna,Quarry Lane A,math,0,,0
g75,Pranshu Khanna,Quarry Lane A,physics,0,,0
g75,Owen Weisenberger,Middleton,overall,6,,24
g75,Owen Weisenberger,Middleton,biology,4,,16
g75,Owen Weisenberger,Middleton,chemistry,0,,0
g75,Owen Weisenberger,Middleton,energy,0,,0
g75,Owen Weisenberger,Middleton,ess,0,,0
g75,Owen Weisenberger,Middleton,math,0,,0
g75,Owen Weisenberger,Middleton,physics,2,,8
g75,Harry Jin,Middleton,overall,7,,28
g75,Harry Jin,Middleton,biology,0,,0
g75,Harry Jin,Middleton,chemistry,3,,12
g75,Harry Jin,Middleton,energy,1,,4
g75,Harry Jin,Middleton,ess,2,,8
g75,Harry Jin,Middleton,math,1,,4
g75,Harry Jin,Middleton,physics,0,,0
g75,Ray Feinberg,Middleton,overall,3,,12
g75,Ray Feinberg,Middleton,biology,0,,0
g75,Ray Feinberg,Middleton,chemistry,0,,0
g75,Ray Feinberg,Middleton,energy,0,,0
g75,Ray Feinberg,Middleton,ess,2,,8
g75,Ray Feinberg,Middleton,math,0,,0
g75,Ray Feinberg,Middleton,physics,1,,4
