player,team,scope,subject,gp,tuh,correct,zeros,negs,points,ppg
A New Rag#0464,Centennial,rr,overall,6,138,67,44,5,248,
A New Rag#0464,Centennial,rr,biology,6,24,12,8,1,44,
A New Rag#0464,Centennial,rr,chemistry,6,24,19,4,0,76,
A New Rag#0464,Centennial,rr,energy,6,18,6,6,2,16,
A New Rag#0464,Centennial,rr,ess,6,24,6,9,0,24,
A New Rag#0464,Centennial,rr,math,6,24,12,8,1,44,
A New Rag#0464,Centennial,rr,physics,6,24,12,9,1,44,
Cryo#3499,Foot,rr,overall,6,138,57,49,3,216,
Cryo#3499,Foot,rr,biology,6,24,4,8,0,16,
Cryo#3499,Foot,rr,chemistry,6,24,7,11,0,28,
Cryo#3499,Foot,rr,energy,6,18,8,6,0,32,
Cryo#3499,Foot,rr,ess,6,24,14,6,3,44,
Cryo#3499,Foot,rr,math,6,24,15,6,0,60,
Cryo#3499,Foot,rr,physics,6,24,9,12,0,36,
Lolmao#0497,Hwite Bread A,rr,overall,5,115,40,13,9,124,
Lolmao#0497,Hwite Bread A,rr,biology,5,20,17,2,1,64,
Lolmao#0497,Hwite Bread A,rr,chemistry,5,20,5,4,4,4,
Lolmao#0497,Hwite Bread A,rr,energy,5,15,6,0,2,16,
Lolmao#0497,Hwite Bread A,rr,ess,5,20,4,3,1,12,
Lolmao#0497,Hwite Bread A,rr,math,5,20,4,2,0,16,
Lolmao#0497,Hwite Bread A,rr,physics,5,20,4,2,1,12,
Spongebob#0577,The Green And White,rr,overall,1,23,6,1,0,24,
Spongebob#0577,The Green And White,rr,biology,1,4,2,0,0,8,
Spongebob#0577,The Green And White,rr,chemistry,1,4,0,0,0,0,
Spongebob#0577,The Green And White,rr,energy,1,3,0,0,0,0,
Spongebob#0577,The Green And White,rr,ess,1,4,1,0,0,4,
Spongebob#0577,The Green And White,rr,math,1,4,0,0,0,0,
Spongebob#0577,The Green And White,rr,physics,1,4,3,1,0,12,
Hexacyanoferrate#6716,Scarlet-Pixels,rr,overall,5,115,31,38,2,116,
Hexacyanoferrate#6716,Scarlet-Pixels,rr,biology,5,20,3,5,1,8,
Hexacyanoferrate#6716,Scarlet-Pixels,rr,chemistry,5,20,10,6,0,40,
Hexacyanoferrate#6716,Scarlet-Pixels,rr,energy,5,15,4,7,0,16,
Hexacyanoferrate#6716,Scarlet-Pixels,rr,ess,5,20,6,8,1,20,
Hexacyanoferrate#6716,Scarlet-Pixels,rr,math,5,20,0,5,0,0,
Hexacyanoferrate#6716,Scarlet-Pixels,rr,physics,5,20,8,7,0,32,
Mason#4424,Westy Besties,rr,overall,6,138,37,20,3,136,
Mason#4424,Westy Besties,rr,biology,6,24,12,3,1,44,
Mason#4424,Westy Besties,rr,chemistry,6,24,5,3,0,20,
Mason#4424,Westy Besties,rr,energy,6,18,3,5,0,12,
Mason#4424,Westy Besties,rr,ess,6,24,13,7,0,52,
Mason#4424,Westy Besties,rr,math,6,24,1,0,0,4,
Mason#4424,Westy Besties,rr,physics,6,24,3,2,2,4,
Plummybumb#2261,Jca,rr,overall,2,46,11,12,0,44,
Plummybumb#2261,Jca,rr,biology,2,8,5,3,0,20,
Plummybumb#2261,Jca,rr,chemistry,2,8,2,2,0,8,
Plummybumb#2261,Jca,rr,energy,2,6,1,3,0,4,
Plummybumb#2261,Jca,rr,ess,2,8,0,2,0,0,
Plummybumb#2261,Jca,rr,math,2,8,1,0,0,4,
Plummybumb#2261,Jca,rr,physics,2,8,2,2,0,8,
Pi_Is_3.14#9962,Lynbrook B,rr,overall,4,92,26,24,4,88,
Pi_Is_3.14#9962,Lynbrook B,rr,biology,4,16,1,2,0,4,
Pi_Is_3.14#9962,Lynbrook B,rr,chemistry,4,16,1,8,0,4,
Pi_Is_3.14#9962,Lynbrook B,rr,energy,4,12,0,5,1,-4,
Pi_Is_3.14#9962,Lynbrook B,rr,ess,4,16,1,2,1,0,
Pi_Is_3.14#9962,Lynbrook B,rr,math,4,16,13,3,0,52,
Pi_Is_3.14#9962,Lynbrook B,rr,physics,4,16,10,4,2,32,
Tyroserpas#4878,:Flushed:,rr,overall,6,138,33,17,1,128,
Tyroserpas#4878,:Flushed:,rr,biology,6,24,14,2,0,56,
Tyroserpas#4878,:Flushed:,rr,chemistry,6,24,7,3,0,28,
Tyroserpas#4878,:Flushed:,rr,energy,6,18,8,5,0,32,
Tyroserpas#4878,:Flushed:,rr,ess,6,24,2,5,0,8,
Tyroserpas#4878,:Flushed:,rr,math,6,24,0,0,0,0,
Tyroserpas#4878,:Flushed:,rr,physics,6,24,2,2,1,4,
Blehbity#1443,Koch Snowflakes,rr,overall,6,138,32,25,0,128,
Blehbity#1443,Koch Snowflakes,rr,biology,6,24,12,3,0,48,
Blehbity#1443,Koch Snowflakes,rr,chemistry,6,24,3,6,0,12,
Blehbity#1443,Koch Snowflakes,rr,energy,6,18,6,1,0,24,
Blehbity#1443,Koch Snowflakes,rr,ess,6,24,8,3,0,32,
Blehbity#1443,Koch Snowflakes,rr,math,6,24,2,4,0,8,
Blehbity#1443,Koch Snowflakes,rr,physics,6,24,1,8,0,4,
Cindyhlu#0060,Koch Snowflakes,rr,overall,1,23,5,1,0,20,
Cindyhlu#0060,Koch Snowflakes,rr,biology,1,4,3,0,0,12,
Cindyhlu#0060,Koch Snowflakes,rr,chemistry,1,4,1,1,0,4,
Cindyhlu#0060,Koch Snowflakes,rr,energy,1,3,0,0,0,0,
Cindyhlu#0060,Koch Snowflakes,rr,ess,1,4,0,0,0,0,
Cindyhlu#0060,Koch Snowflakes,rr,math,1,4,1,0,0,4,
Cindyhlu#0060,Koch Snowflakes,rr,physics,1,4,0,0,0,0,
Ferrum Virum#6256,JP Stevens 1,rr,overall,6,138,30,11,0,120,
Ferrum Virum#6256,JP Stevens 1,rr,biology,6,24,4,1,0,16,
Ferrum Virum#6256,JP Stevens 1,rr,chemistry,6,24,4,0,0,16,
Ferrum Virum#6256,JP Stevens 1,rr,energy,6,18,0,1,0,0,
Ferrum Virum#6256,JP Stevens 1,rr,ess,6,24,4,2,0,16,
Ferrum Virum#6256,JP Stevens 1,rr,math,6,24,15,0,0,60,
Ferrum Virum#6256,JP Stevens 1,rr,physics,6,24,3,7,0,12,
Borb#6872,Choate,rr,overall,6,138,31,35,1,120,
Borb#6872,Choate,rr,biology,6,24,0,2,0,0,
Borb#6872,Choate,rr,chemistry,6,24,4,11,0,16,
Borb#6872,Choate,rr,energy,6,18,4,3,0,16,
Borb#6872,Choate,rr,ess,6,24,0,6,0,0,
Borb#6872,Choate,rr,math,6,24,12,6,1,44,
Borb#6872,Choate,rr,physics,6,24,11,7,0,44,
Heathens#5319,Harker Hawks,rr,overall,2,46,10,26,0,40,
Heathens#5319,Harker Hawks,rr,biology,2,8,1,7,0,4,
Heathens#5319,Harker Hawks,rr,chemistry,2,8,2,5,0,8,
Heathens#5319,Harker Hawks,rr,energy,2,6,1,4,0,4,
Heathens#5319,Harker Hawks,rr,ess,2,8,2,5,0,8,
Heathens#5319,Harker Hawks,rr,math,2,8,1,2,0,4,
Heathens#5319,Harker Hawks,rr,physics,2,8,3,3,0,12,
Guyofguy#0748,Lexington 1,rr,overall,6,138,29,17,0,116,
Guyofguy#0748,Lexington 1,rr,biology,6,24,19,2,0,76,
Guyofguy#0748,Lexington 1,rr,chemistry,6,24,3,5,0,12,
Guyofguy#0748,Lexington 1,rr,energy,6,18,4,3,0,16,
Guyofguy#0748,Lexington 1,rr,ess,6,24,0,5,0,0,
Guyofguy#0748,Lexington 1,rr,math,6,24,0,1,0,0,
Guyofguy#0748,Lexington 1,rr,physics,6,24,3,1,0,12,
Dodgers66#8222,Edison Root,rr,overall,6,138,31,10,2,116,
Dodgers66#8222,Edison Root,rr,biology,6,24,1,2,0,4,
Dodgers66#8222,Edison Root,rr,chemistry,6,24,0,0,0,0,
Dodgers66#8222,Edison Root,rr,energy,6,18,3,2,0,12,
Dodgers66#8222,Edison Root,rr,ess,6,24,3,1,0,12,
Dodgers66#8222,Edison Root,rr,math,6,24,12,1,2,40,
Dodgers66#8222,Edison Root,rr,physics,6,24,12,4,0,48,
Cloudicloud#8978,Lynbrook C,rr,overall,5,115,26,24,2,96,
Cloudicloud#8978,Lynbrook C,rr,biology,5,20,1,4,0,4,
Cloudicloud#8978,Lynbrook C,rr,chemistry,5,20,4,6,0,16,
Cloudicloud#8978,Lynbrook C,rr,energy,5,15,5,2,1,16,
Cloudicloud#8978,Lynbrook C,rr,ess,5,20,5,5,1,16,
Cloudicloud#8978,Lynbrook C,rr,math,5,20,7,5,0,28,
Cloudicloud#8978,Lynbrook C,rr,physics,5,20,4,2,0,16,
Viraj#0062,Big Dippers,rr,overall,5,115,28,5,4,96,
Viraj#0062,Big Dippers,rr,biology,5,20,2,0,0,8,
Viraj#0062,Big Dippers,rr,chemistry,5,20,10,1,2,32,
Viraj#0062,Big Dippers,rr,energy,5,15,5,1,0,20,
Viraj#0062,Big Dippers,rr,ess,5,20,5,2,1,16,
Viraj#0062,Big Dippers,rr,math,5,20,2,0,1,4,
Viraj#0062,Big Dippers,rr,physics,5,20,4,1,0,16,
Nicholas#6057,Sans-Undertale,rr,overall,5,115,24,20,0,96,
Nicholas#6057,Sans-Undertale,rr,biology,5,20,4,0,0,16,
Nicholas#6057,Sans-Undertale,rr,chemistry,5,20,3,5,0,12,
Nicholas#6057,Sans-Undertale,rr,energy,5,15,3,4,0,12,
Nicholas#6057,Sans-Undertale,rr,ess,5,20,5,3,0,20,
Nicholas#6057,Sans-Undertale,rr,math,5,20,3,3,0,12,
Nicholas#6057,Sans-Undertale,rr,physics,5,20,6,5,0,24,
Amiable Jaekelopterus#6289,Lex E (Con),rr,overall,4,92,22,8,3,76,
Amiable Jaekelopterus#6289,Lex E (Con),rr,biology,4,16,3,3,0,12,
Amiable Jaekelopterus#6289,Lex E (Con),rr,chemistry,4,16,4,0,0,16,
Amiable Jaekelopterus#6289,Lex E (Con),rr,energy,4,12,4,0,0,16,
Amiable Jaekelopterus#6289,Lex E (Con),rr,ess,4,16,8,4,2,24,
Amiable Jaekelopterus#6289,Lex E (Con),rr,math,4,16,0,0,1,-4,
Amiable Jaekelopterus#6289,Lex E (Con),rr,physics,4,16,3,1,0,12,
Mangopotato#5460,Big Dippers,rr,overall,6,138,30,9,2,112,
Mangopotato#5460,Big Dippers,rr,biology,6,24,1,0,0,4,
Mangopotato#5460,Big Dippers,rr,chemistry,6,24,4,1,0,16,
Mangopotato#5460,Big Dippers,rr,energy,6,18,2,1,0,8,
Mangopotato#5460,Big Dippers,rr,ess,6,24,5,0,1,16,
Mangopotato#5460,Big Dippers,rr,math,6,24,8,4,0,32,
Mangopotato#5460,Big Dippers,rr,physics,6,24,10,3,1,36,
Pyrrolysine#7441,Lex E (Con),rr,overall,6,138,28,10,0,112,
Pyrrolysine#7441,Lex E (Con),rr,biology,6,24,7,2,0,28,
Pyrrolysine#7441,Lex E (Con),rr,chemistry,6,24,0,0,0,0,
Pyrrolysine#7441,Lex E (Con),rr,energy,6,18,7,1,0,28,
Pyrrolysine#7441,Lex E (Con),rr,ess,6,24,1,0,0,4,
Pyrrolysine#7441,Lex E (Con),rr,math,6,24,7,4,0,28,
Pyrrolysine#7441,Lex E (Con),rr,physics,6,24,6,3,0,24,
Nipu D#1641,Hwite Bread A,rr,overall,5,115,26,9,3,92,
Nipu D#1641,Hwite Bread A,rr,biology,5,20,2,1,1,4,
Nipu D#1641,Hwite Bread A,rr,chemistry,5,20,9,1,0,36,
Nipu D#1641,Hwite Bread A,rr,energy,5,15,3,2,1,8,
Nipu D#1641,Hwite Bread A,rr,ess,5,20,0,2,0,0,
Nipu D#1641,Hwite Bread A,rr,math,5,20,10,3,0,40,
Nipu D#1641,Hwite Bread A,rr,physics,5,20,2,0,1,4,
Aryan B#3470,Jets Top,rr,overall,7,161,33,18,1,128,
Aryan B#3470,Jets Top,rr,biology,7,28,13,2,0,52,
Aryan B#3470,Jets Top,rr,chemistry,7,28,2,1,1,4,
Aryan B#3470,Jets Top,rr,energy,7,21,2,3,0,8,
Aryan B#3470,Jets Top,rr,ess,7,28,3,2,0,12,
Aryan B#3470,Jets Top,rr,math,7,28,7,5,0,28,
Aryan B#3470,Jets Top,rr,physics,7,28,6,5,0,24,
Carefreepenguin#0569,Campbell Soup,rr,overall,6,138,29,29,2,108,
Carefreepenguin#0569,Campbell Soup,rr,biology,6,24,11,6,0,44,
Carefreepenguin#0569,Campbell Soup,rr,chemistry,6,24,4,11,1,12,
Carefreepenguin#0569,Campbell Soup,rr,energy,6,18,7,3,0,28,
Carefreepenguin#0569,Campbell Soup,rr,ess,6,24,4,4,1,12,
Carefreepenguin#0569,Campbell Soup,rr,math,6,24,3,3,0,12,
Carefreepenguin#0569,Campbell Soup,rr,physics,6,24,0,2,0,0,
Polaris#9999,Knights,rr,overall,6,138,28,20,2,104,
Polaris#9999,Knights,rr,biology,6,24,1,1,1,0,
Polaris#9999,Knights,rr,chemistry,6,24,8,3,1,28,
Polaris#9999,Knights,rr,energy,6,18,6,3,0,24,
Polaris#9999,Knights,rr,ess,6,24,8,6,0,32,
Polaris#9999,Knights,rr,math,6,24,0,1,0,0,
Polaris#9999,Knights,rr,physics,6,24,5,6,0,20,
Chicken Nuget#0727,Campbell Soup,rr,overall,6,138,27,17,1,104,
Chicken Nuget#0727,Campbell Soup,rr,biology,6,24,0,0,0,0,
Chicken Nuget#0727,Campbell Soup,rr,chemistry,6,24,0,1,0,0,
Chicken Nuget#0727,Campbell Soup,rr,energy,6,18,2,2,0,8,
Chicken Nuget#0727,Campbell Soup,rr,ess,6,24,4,7,0,16,
Chicken Nuget#0727,Campbell Soup,rr,math,6,24,5,5,0,20,
Chicken Nuget#0727,Campbell Soup,rr,physics,6,24,16,2,1,60,
Karzinisierung#0775,Names Are Hard,rr,overall,6,138,26,12,0,104,
Karzinisierung#0775,Names Are Hard,rr,biology,6,24,20,1,0,80,
Karzinisierung#0775,Names Are Hard,rr,chemistry,6,24,2,2,0,8,
Karzinisierung#0775,Names Are Hard,rr,energy,6,18,0,1,0,0,
Karzinisierung#0775,Names Are Hard,rr,ess,6,24,3,3,0,12,
Karzinisierung#0775,Names Are Hard,rr,math,6,24,1,1,0,4,
Karzinisierung#0775,Names Are Hard,rr,physics,6,24,0,4,0,0,
Aryc702#7517,Orthogonal Basis,rr,overall,6,138,27,13,1,104,
Aryc702#7517,Orthogonal Basis,rr,biology,6,24,0,2,0,0,
Aryc702#7517,Orthogonal Basis,rr,chemistry,6,24,4,3,0,16,
Aryc702#7517,Orthogonal Basis,rr,energy,6,18,7,1,1,24,
Aryc702#7517,Orthogonal Basis,rr,ess,6,24,2,2,0,8,
Aryc702#7517,Orthogonal Basis,rr,math,6,24,5,3,0,20,
Aryc702#7517,Orthogonal Basis,rr,physics,6,24,9,2,0,36,
Pchat#0118,Isopod,rr,overall,6,138,29,19,3,104,
Pchat#0118,Isopod,rr,biology,6,24,0,0,0,0,
Pchat#0118,Isopod,rr,chemistry,6,24,2,7,0,8,
Pchat#0118,Isopod,rr,energy,6,18,3,3,1,8,
Pchat#0118,Isopod,rr,ess,6,24,0,0,0,0,
Pchat#0118,Isopod,rr,math,6,24,11,4,0,44,
Pchat#0118,Isopod,rr,physics,6,24,13,5,2,44,
Bomjoe#9924,Eagle Eye,rr,overall,6,138,26,10,0,104,
Bomjoe#9924,Eagle Eye,rr,biology,6,24,0,0,0,0,
Bomjoe#9924,Eagle Eye,rr,chemistry,6,24,7,2,0,28,
Bomjoe#9924,Eagle Eye,rr,energy,6,18,3,1,0,12,
Bomjoe#9924,Eagle Eye,rr,ess,6,24,15,6,0,60,
Bomjoe#9924,Eagle Eye,rr,math,6,24,0,0,0,0,
Bomjoe#9924,Eagle Eye,rr,physics,6,24,1,1,0,4,
Pyrococcus Furiosus#8664,JP Stevens 1,rr,overall,5,115,27,15,6,84,
Pyrococcus Furiosus#8664,JP Stevens 1,rr,biology,5,20,15,2,0,60,
Pyrococcus Furiosus#8664,JP Stevens 1,rr,chemistry,5,20,2,4,2,0,
Pyrococcus Furiosus#8664,JP Stevens 1,rr,energy,5,15,4,4,2,8,
Pyrococcus Furiosus#8664,JP Stevens 1,rr,ess,5,20,2,3,1,4,
Pyrococcus Furiosus#8664,JP Stevens 1,rr,math,5,20,1,0,0,4,
Pyrococcus Furiosus#8664,JP Stevens 1,rr,physics,5,20,3,2,1,8,
Eggcelery#1693,Jets Strange,rr,overall,6,138,26,36,1,100,
Eggcelery#1693,Jets Strange,rr,biology,6,24,7,8,0,28,
Eggcelery#1693,Jets Strange,rr,chemistry,6,24,3,8,0,12,
Eggcelery#1693,Jets Strange,rr,energy,6,18,3,5,0,12,
Eggcelery#1693,Jets Strange,rr,ess,6,24,7,7,0,28,
Eggcelery#1693,Jets Strange,rr,math,6,24,3,1,1,8,
Eggcelery#1693,Jets Strange,rr,physics,6,24,3,7,0,12,
Cows#0460,Orthonormal Basis,rr,overall,7,161,30,17,2,112,
Cows#0460,Orthonormal Basis,rr,biology,7,28,14,5,0,56,
Cows#0460,Orthonormal Basis,rr,chemistry,7,28,1,4,1,0,
Cows#0460,Orthonormal Basis,rr,energy,7,21,1,2,0,4,
Cows#0460,Orthonormal Basis,rr,ess,7,28,0,1,0,0,
Cows#0460,Orthonormal Basis,rr,math,7,28,12,5,1,44,
Cows#0460,Orthonormal Basis,rr,physics,7,28,2,0,0,8,
Tact#0902,Lexington 2,rr,overall,5,115,21,14,1,80,
Tact#0902,Lexington 2,rr,biology,5,20,1,1,0,4,
Tact#0902,Lexington 2,rr,chemistry,5,20,1,6,0,4,
Tact#0902,Lexington 2,rr,energy,5,15,4,2,0,16,
Tact#0902,Lexington 2,rr,ess,5,20,7,2,1,24,
Tact#0902,Lexington 2,rr,math,5,20,6,2,0,24,
Tact#0902,Lexington 2,rr,physics,5,20,2,1,0,8,
Nshapiro#4660,Idiom,rr,overall,7,161,30,11,3,108,
Nshapiro#4660,Idiom,rr,biology,7,28,0,0,0,0,
Nshapiro#4660,Idiom,rr,chemistry,7,28,3,3,0,12,
Nshapiro#4660,Idiom,rr,energy,7,21,4,1,2,8,
Nshapiro#4660,Idiom,rr,ess,7,28,3,3,1,8,
Nshapiro#4660,Idiom,rr,math,7,28,8,2,0,32,
Nshapiro#4660,Idiom,rr,physics,7,28,12,2,0,48,
(Stitch)^2#3169,Barometer Juice (Rimin..),rr,overall,6,138,24,37,1,92,
(Stitch)^2#3169,Barometer Juice (Rimin..),rr,biology,6,24,2,7,0,8,
(Stitch)^2#3169,Barometer Juice (Rimin..),rr,chemistry,6,24,3,7,0,12,
(Stitch)^2#3169,Barometer Juice (Rimin..),rr,energy,6,18,4,8,0,16,
(Stitch)^2#3169,Barometer Juice (Rimin..),rr,ess,6,24,6,10,0,24,
(Stitch)^2#3169,Barometer Juice (Rimin..),rr,math,6,24,4,3,1,12,
(Stitch)^2#3169,Barometer Juice (Rimin..),rr,physics,6,24,5,2,0,20,
Davidkim1268 #1524,Scioly,rr,overall,7,161,29,40,3,104,
Davidkim1268 #1524,Scioly,rr,biology,7,28,14,7,1,52,
Davidkim1268 #1524,Scioly,rr,chemistry,7,28,4,11,0,16,
Davidkim1268 #1524,Scioly,rr,energy,7,21,5,4,1,16,
Davidkim1268 #1524,Scioly,rr,ess,7,28,1,3,0,4,
Davidkim1268 #1524,Scioly,rr,math,7,28,2,6,0,8,
Davidkim1268 #1524,Scioly,rr,physics,7,28,3,9,1,8,
Flowerwing#1803,PRISMS,rr,overall,6,138,23,13,1,88,
Flowerwing#1803,PRISMS,rr,biology,6,24,0,0,0,0,
Flowerwing#1803,PRISMS,rr,chemistry,6,24,2,2,0,8,
Flowerwing#1803,PRISMS,rr,energy,6,18,1,2,0,4,
Flowerwing#1803,PRISMS,rr,ess,6,24,1,1,0,4,
Flowerwing#1803,PRISMS,rr,math,6,24,13,3,1,48,
Flowerwing#1803,PRISMS,rr,physics,6,24,6,5,0,24,
Wait What?#7418,Lexington 1,rr,overall,6,138,24,7,3,84,
Wait What?#7418,Lexington 1,rr,biology,6,24,1,0,0,4,
Wait What?#7418,Lexington 1,rr,chemistry,6,24,5,3,0,20,
Wait What?#7418,Lexington 1,rr,energy,6,18,4,1,0,16,
Wait What?#7418,Lexington 1,rr,ess,6,24,4,0,0,16,
Wait What?#7418,Lexington 1,rr,math,6,24,6,1,1,20,
Wait What?#7418,Lexington 1,rr,physics,6,24,4,2,2,8,
Waterninja101#2093,Eagle Eye,rr,overall,6,138,21,16,0,84,
Waterninja101#2093,Eagle Eye,rr,biology,6,24,0,0,0,0,
Waterninja101#2093,Eagle Eye,rr,chemistry,6,24,6,5,0,24,
Waterninja101#2093,Eagle Eye,rr,energy,6,18,6,1,0,24,
Waterninja101#2093,Eagle Eye,rr,ess,6,24,1,1,0,4,
Waterninja101#2093,Eagle Eye,rr,math,6,24,0,0,0,0,
Waterninja101#2093,Eagle Eye,rr,physics,6,24,8,9,0,32,
Nikoko#5601,Eagle Wing,rr,overall,5,115,18,6,1,68,
Nikoko#5601,Eagle Wing,rr,biology,5,20,0,1,0,0,
Nikoko#5601,Eagle Wing,rr,chemistry,5,20,12,2,1,44,
Nikoko#5601,Eagle Wing,rr,energy,5,15,5,1,0,20,
Nikoko#5601,Eagle Wing,rr,ess,5,20,1,1,0,4,
Nikoko#5601,Eagle Wing,rr,math,5,20,0,0,0,0,
Nikoko#5601,Eagle Wing,rr,physics,5,20,0,1,0,0,
Bï¿½Rger#7091,Knights,rr,overall,6,138,21,9,1,80,
Bï¿½Rger#7091,Knights,rr,biology,6,24,12,1,1,44,
Bï¿½Rger#7091,Knights,rr,chemistry,6,24,2,2,0,8,
Bï¿½Rger#7091,Knights,rr,energy,6,18,4,3,0,16,
Bï¿½Rger#7091,Knights,rr,ess,6,24,0,0,0,0,
Bï¿½Rger#7091,Knights,rr,math,6,24,1,1,0,4,
Bï¿½Rger#7091,Knights,rr,physics,6,24,2,2,0,8,
Vedang S.#9621,Eagle Wing,rr,overall,5,115,16,14,0,64,
Vedang S.#9621,Eagle Wing,rr,biology,5,20,6,5,0,24,
Vedang S.#9621,Eagle Wing,rr,chemistry,5,20,2,1,0,8,
Vedang S.#9621,Eagle Wing,rr,energy,5,15,0,2,0,0,
Vedang S.#9621,Eagle Wing,rr,ess,5,20,8,5,0,32,
Vedang S.#9621,Eagle Wing,rr,math,5,20,0,0,0,0,
Vedang S.#9621,Eagle Wing,rr,physics,5,20,0,1,0,0,
Wendall#9234,Little Dippers,rr,overall,5,115,18,12,2,64,
Wendall#9234,Little Dippers,rr,biology,5,20,11,6,1,40,
Wendall#9234,Little Dippers,rr,chemistry,5,20,2,1,1,4,
Wendall#9234,Little Dippers,rr,energy,5,15,2,3,0,8,
Wendall#9234,Little Dippers,rr,ess,5,20,1,2,0,4,
Wendall#9234,Little Dippers,rr,math,5,20,0,0,0,0,
Wendall#9234,Little Dippers,rr,physics,5,20,2,0,0,8,
Tiggermonkey#7804,Westy Besties,rr,overall,5,115,17,10,1,64,
Tiggermonkey#7804,Westy Besties,rr,biology,5,20,0,0,0,0,
Tiggermonkey#7804,Westy Besties,rr,chemistry,5,20,2,0,0,8,
Tiggermonkey#7804,Westy Besties,rr,energy,5,15,0,0,0,0,
Tiggermonkey#7804,Westy Besties,rr,ess,5,20,0,0,1,-4,
Tiggermonkey#7804,Westy Besties,rr,math,5,20,12,3,0,48,
Tiggermonkey#7804,Westy Besties,rr,physics,5,20,3,7,0,12,
Ct17#7788,Panthers,rr,overall,6,138,19,10,0,76,
Ct17#7788,Panthers,rr,biology,6,24,0,2,0,0,
Ct17#7788,Panthers,rr,chemistry,6,24,2,1,0,8,
Ct17#7788,Panthers,rr,energy,6,18,0,1,0,0,
Ct17#7788,Panthers,rr,ess,6,24,0,0,0,0,
Ct17#7788,Panthers,rr,math,6,24,14,5,0,56,
Ct17#7788,Panthers,rr,physics,6,24,3,1,0,12,
A Failure#2139,Jets Strange,rr,overall,6,138,19,13,0,76,
A Failure#2139,Jets Strange,rr,biology,6,24,2,2,0,8,
A Failure#2139,Jets Strange,rr,chemistry,6,24,1,3,0,4,
A Failure#2139,Jets Strange,rr,energy,6,18,3,1,0,12,
A Failure#2139,Jets Strange,rr,ess,6,24,2,2,0,8,
A Failure#2139,Jets Strange,rr,math,6,24,9,4,0,36,
A Failure#2139,Jets Strange,rr,physics,6,24,2,1,0,8,
Antman34560#7238,Big Dippers,rr,overall,2,46,6,5,0,24,
Antman34560#7238,Big Dippers,rr,biology,2,8,0,0,0,0,
Antman34560#7238,Big Dippers,rr,chemistry,2,8,2,1,0,8,
Antman34560#7238,Big Dippers,rr,energy,2,6,1,0,0,4,
Antman34560#7238,Big Dippers,rr,ess,2,8,1,0,0,4,
Antman34560#7238,Big Dippers,rr,math,2,8,2,3,0,8,
Antman34560#7238,Big Dippers,rr,physics,2,8,0,1,0,0,
Cyanidecascade#6932,Kdjhs,rr,overall,5,115,15,15,0,60,
Cyanidecascade#6932,Kdjhs,rr,biology,5,20,2,1,0,8,
Cyanidecascade#6932,Kdjhs,rr,chemistry,5,20,5,6,0,20,
Cyanidecascade#6932,Kdjhs,rr,energy,5,15,4,1,0,16,
Cyanidecascade#6932,Kdjhs,rr,ess,5,20,3,1,0,12,
Cyanidecascade#6932,Kdjhs,rr,math,5,20,0,1,0,0,
Cyanidecascade#6932,Kdjhs,rr,physics,5,20,1,5,0,4,
Notryo#6175,Jets Charm,rr,overall,2,46,6,4,0,24,
Notryo#6175,Jets Charm,rr,biology,2,8,1,0,0,4,
Notryo#6175,Jets Charm,rr,chemistry,2,8,1,0,0,4,
Notryo#6175,Jets Charm,rr,energy,2,6,1,1,0,4,
Notryo#6175,Jets Charm,rr,ess,2,8,1,3,0,4,
Notryo#6175,Jets Charm,rr,math,2,8,0,0,0,0,
Notryo#6175,Jets Charm,rr,physics,2,8,2,0,0,8,
A Aquilae#6100,Barometer Juice (Rimin..),rr,overall,6,138,18,2,0,72,
A Aquilae#6100,Barometer Juice (Rimin..),rr,biology,6,24,0,0,0,0,
A Aquilae#6100,Barometer Juice (Rimin..),rr,chemistry,6,24,3,2,0,12,
A Aquilae#6100,Barometer Juice (Rimin..),rr,energy,6,18,2,0,0,8,
A Aquilae#6100,Barometer Juice (Rimin..),rr,ess,6,24,3,0,0,12,
A Aquilae#6100,Barometer Juice (Rimin..),rr,math,6,24,1,0,0,4,
A Aquilae#6100,Barometer Juice (Rimin..),rr,physics,6,24,9,0,0,36,
Tanmay G#5817,Lexington 2,rr,overall,4,92,12,6,0,48,
Tanmay G#5817,Lexington 2,rr,biology,4,16,0,1,0,0,
Tanmay G#5817,Lexington 2,rr,chemistry,4,16,0,2,0,0,
Tanmay G#5817,Lexington 2,rr,energy,4,12,2,1,0,8,
Tanmay G#5817,Lexington 2,rr,ess,4,16,0,0,0,0,
Tanmay G#5817,Lexington 2,rr,math,4,16,3,1,0,12,
Tanmay G#5817,Lexington 2,rr,physics,4,16,7,1,0,28,
Fluffpacu#7257,PRISMS,rr,overall,1,23,5,1,2,12,
Fluffpacu#7257,PRISMS,rr,biology,1,4,2,0,0,8,
Fluffpacu#7257,PRISMS,rr,chemistry,1,4,0,1,0,0,
Fluffpacu#7257,PRISMS,rr,energy,1,3,0,0,1,-4,
Fluffpacu#7257,PRISMS,rr,ess,1,4,3,0,1,8,
Fluffpacu#7257,PRISMS,rr,math,1,4,0,0,0,0,
Fluffpacu#7257,PRISMS,rr,physics,1,4,0,0,0,0,
Haybales#0656,Choate,rr,overall,5,115,15,6,0,60,
Haybales#0656,Choate,rr,biology,5,20,11,3,0,44,
Haybales#0656,Choate,rr,chemistry,5,20,2,1,0,8,
Haybales#0656,Choate,rr,energy,5,15,2,2,0,8,
Haybales#0656,Choate,rr,ess,5,20,0,0,0,0,
Haybales#0656,Choate,rr,math,5,20,0,0,0,0,
Haybales#0656,Choate,rr,physics,5,20,0,0,0,0,
I Am George#2918,Jets Strange,rr,overall,3,69,9,3,0,36,
I Am George#2918,Jets Strange,rr,biology,3,12,0,0,0,0,
I Am George#2918,Jets Strange,rr,chemistry,3,12,0,0,0,0,
I Am George#2918,Jets Strange,rr,energy,3,9,0,0,0,0,
I Am George#2918,Jets Strange,rr,ess,3,12,0,0,0,0,
I Am George#2918,Jets Strange,rr,math,3,12,9,3,0,36,
I Am George#2918,Jets Strange,rr,physics,3,12,0,0,0,0,
W0Rld D0Minati0N#1441,Asle(Acid Sounds Like Electricity),rr,overall,7,161,22,36,2,80,
W0Rld D0Minati0N#1441,Asle(Acid Sounds Like Electricity),rr,biology,7,28,0,1,0,0,
W0Rld D0Minati0N#1441,Asle(Acid Sounds Like Electricity),rr,chemistry,7,28,3,6,0,12,
W0Rld D0Minati0N#1441,Asle(Acid Sounds Like Electricity),rr,energy,7,21,5,4,0,20,
W0Rld D0Minati0N#1441,Asle(Acid Sounds Like Electricity),rr,ess,7,28,2,7,0,8,
W0Rld D0Minati0N#1441,Asle(Acid Sounds Like Electricity),rr,math,7,28,4,9,1,12,
W0Rld D0Minati0N#1441,Asle(Acid Sounds Like Electricity),rr,physics,7,28,8,9,1,28,
Pineapple#3527,Ahhhhhh,rr,overall,7,161,20,19,0,80,
Pineapple#3527,Ahhhhhh,rr,biology,7,28,0,7,0,0,
Pineapple#3527,Ahhhhhh,rr,chemistry,7,28,0,3,0,0,
Pineapple#3527,Ahhhhhh,rr,energy,7,21,3,4,0,12,
Pineapple#3527,Ahhhhhh,rr,ess,7,28,16,4,0,64,
Pineapple#3527,Ahhhhhh,rr,math,7,28,1,0,0,4,
Pineapple#3527,Ahhhhhh,rr,physics,7,28,0,1,0,0,
Aloevera42#2760,Orthonormal Basis,rr,overall,7,161,22,31,2,80,
Aloevera42#2760,Orthonormal Basis,rr,biology,7,28,0,1,0,0,
Aloevera42#2760,Orthonormal Basis,rr,chemistry,7,28,2,3,0,8,
Aloevera42#2760,Orthonormal Basis,rr,energy,7,21,5,2,1,16,
Aloevera42#2760,Orthonormal Basis,rr,ess,7,28,5,16,0,20,
Aloevera42#2760,Orthonormal Basis,rr,math,7,28,1,0,0,4,
Aloevera42#2760,Orthonormal Basis,rr,physics,7,28,9,9,1,32,
Rh_#1219,Jcb,rr,overall,5,115,14,38,0,56,
Rh_#1219,Jcb,rr,biology,5,20,1,7,0,4,
Rh_#1219,Jcb,rr,chemistry,5,20,2,7,0,8,
Rh_#1219,Jcb,rr,energy,5,15,1,4,0,4,
Rh_#1219,Jcb,rr,ess,5,20,6,2,0,24,
Rh_#1219,Jcb,rr,math,5,20,3,7,0,12,
Rh_#1219,Jcb,rr,physics,5,20,1,11,0,4,
Big Richard#8337,Darwin,rr,overall,5,115,16,4,2,56,
Big Richard#8337,Darwin,rr,biology,5,20,2,2,0,8,
Big Richard#8337,Darwin,rr,chemistry,5,20,4,0,0,16,
Big Richard#8337,Darwin,rr,energy,5,15,0,0,2,-8,
Big Richard#8337,Darwin,rr,ess,5,20,2,0,0,8,
Big Richard#8337,Darwin,rr,math,5,20,5,2,0,20,
Big Richard#8337,Darwin,rr,physics,5,20,3,0,0,12,
Miaomiao#9551,Bernoulli Bud,rr,overall,5,115,14,4,0,56,
Miaomiao#9551,Bernoulli Bud,rr,biology,5,20,0,0,0,0,
Miaomiao#9551,Bernoulli Bud,rr,chemistry,5,20,0,0,0,0,
Miaomiao#9551,Bernoulli Bud,rr,energy,5,15,0,0,0,0,
Miaomiao#9551,Bernoulli Bud,rr,ess,5,20,1,0,0,4,
Miaomiao#9551,Bernoulli Bud,rr,math,5,20,10,2,0,40,
Miaomiao#9551,Bernoulli Bud,rr,physics,5,20,3,2,0,12,
Orange905#0932,Jahaj,rr,overall,4,92,11,10,0,44,
Orange905#0932,Jahaj,rr,biology,4,16,0,2,0,0,
Orange905#0932,Jahaj,rr,chemistry,4,16,0,1,0,0,
Orange905#0932,Jahaj,rr,energy,4,12,0,0,0,0,
Orange905#0932,Jahaj,rr,ess,4,16,1,3,0,4,
Orange905#0932,Jahaj,rr,math,4,16,9,3,0,36,
Orange905#0932,Jahaj,rr,physics,4,16,1,1,0,4,
Connor Zhao#9139,Lex E (Con),rr,overall,4,92,11,3,0,44,
Connor Zhao#9139,Lex E (Con),rr,biology,4,16,0,0,0,0,
Connor Zhao#9139,Lex E (Con),rr,chemistry,4,16,6,0,0,24,
Connor Zhao#9139,Lex E (Con),rr,energy,4,12,2,1,0,8,
Connor Zhao#9139,Lex E (Con),rr,ess,4,16,1,2,0,4,
Connor Zhao#9139,Lex E (Con),rr,math,4,16,0,0,0,0,
Connor Zhao#9139,Lex E (Con),rr,physics,4,16,2,0,0,8,
Flex Tape#4030,Ahhhhhh,rr,overall,7,161,21,18,2,76,
Flex Tape#4030,Ahhhhhh,rr,biology,7,28,1,6,0,4,
Flex Tape#4030,Ahhhhhh,rr,chemistry,7,28,6,9,0,24,
Flex Tape#4030,Ahhhhhh,rr,energy,7,21,5,1,0,20,
Flex Tape#4030,Ahhhhhh,rr,ess,7,28,2,1,0,8,
Flex Tape#4030,Ahhhhhh,rr,math,7,28,3,0,2,4,
Flex Tape#4030,Ahhhhhh,rr,physics,7,28,4,1,0,16,
Lukaisop#5558,Hwite Bread B,rr,overall,6,138,19,21,3,64,
Lukaisop#5558,Hwite Bread B,rr,biology,6,24,5,8,0,20,
Lukaisop#5558,Hwite Bread B,rr,chemistry,6,24,3,0,1,8,
Lukaisop#5558,Hwite Bread B,rr,energy,6,18,1,2,0,4,
Lukaisop#5558,Hwite Bread B,rr,ess,6,24,4,6,0,16,
Lukaisop#5558,Hwite Bread B,rr,math,6,24,6,4,2,16,
Lukaisop#5558,Hwite Bread B,rr,physics,6,24,0,1,0,0,
Sr658#4253,Jets Top,rr,overall,6,138,16,7,0,64,
Sr658#4253,Jets Top,rr,biology,6,24,4,0,0,16,
Sr658#4253,Jets Top,rr,chemistry,6,24,5,2,0,20,
Sr658#4253,Jets Top,rr,energy,6,18,3,0,0,12,
Sr658#4253,Jets Top,rr,ess,6,24,1,1,0,4,
Sr658#4253,Jets Top,rr,math,6,24,1,3,0,4,
Sr658#4253,Jets Top,rr,physics,6,24,2,1,0,8,
Anrakyr#3249,Lynbrook B,rr,overall,6,138,16,25,0,64,
Anrakyr#3249,Lynbrook B,rr,biology,6,24,0,2,0,0,
Anrakyr#3249,Lynbrook B,rr,chemistry,6,24,2,6,0,8,
Anrakyr#3249,Lynbrook B,rr,energy,6,18,3,3,0,12,
Anrakyr#3249,Lynbrook B,rr,ess,6,24,8,9,0,32,
Anrakyr#3249,Lynbrook B,rr,math,6,24,2,1,0,8,
Anrakyr#3249,Lynbrook B,rr,physics,6,24,1,4,0,4,
Dragonjul#7847,Crabohydrates,rr,overall,6,138,16,21,0,64,
Dragonjul#7847,Crabohydrates,rr,biology,6,24,10,9,0,40,
Dragonjul#7847,Crabohydrates,rr,chemistry,6,24,0,2,0,0,
Dragonjul#7847,Crabohydrates,rr,energy,6,18,2,3,0,8,
Dragonjul#7847,Crabohydrates,rr,ess,6,24,4,6,0,16,
Dragonjul#7847,Crabohydrates,rr,math,6,24,0,0,0,0,
Dragonjul#7847,Crabohydrates,rr,physics,6,24,0,1,0,0,
Awesomeleozejia#5635,Jets Charm,rr,overall,3,69,8,1,0,32,
Awesomeleozejia#5635,Jets Charm,rr,biology,3,12,1,0,0,4,
Awesomeleozejia#5635,Jets Charm,rr,chemistry,3,12,0,0,0,0,
Awesomeleozejia#5635,Jets Charm,rr,energy,3,9,1,0,0,4,
Awesomeleozejia#5635,Jets Charm,rr,ess,3,12,0,0,0,0,
Awesomeleozejia#5635,Jets Charm,rr,math,3,12,6,1,0,24,
Awesomeleozejia#5635,Jets Charm,rr,physics,3,12,0,0,0,0,
Cityblock#7498,Names Are Hard,rr,overall,6,138,21,27,5,64,
Cityblock#7498,Names Are Hard,rr,biology,6,24,1,1,0,4,
Cityblock#7498,Names Are Hard,rr,chemistry,6,24,6,8,1,20,
Cityblock#7498,Names Are Hard,rr,energy,6,18,6,3,1,20,
Cityblock#7498,Names Are Hard,rr,ess,6,24,3,7,1,8,
Cityblock#7498,Names Are Hard,rr,math,6,24,4,1,0,16,
Cityblock#7498,Names Are Hard,rr,physics,6,24,1,7,2,-4,
Dannyridel#2256,Sodium Hypobromite,rr,overall,6,138,20,19,4,64,
Dannyridel#2256,Sodium Hypobromite,rr,biology,6,24,0,0,0,0,
Dannyridel#2256,Sodium Hypobromite,rr,chemistry,6,24,3,3,0,12,
Dannyridel#2256,Sodium Hypobromite,rr,energy,6,18,1,1,1,0,
Dannyridel#2256,Sodium Hypobromite,rr,ess,6,24,0,1,0,0,
Dannyridel#2256,Sodium Hypobromite,rr,math,6,24,10,5,1,36,
Dannyridel#2256,Sodium Hypobromite,rr,physics,6,24,6,9,2,16,
Match_Ten#3913,:Flushed:,rr,overall,5,115,14,13,1,52,
Match_Ten#3913,:Flushed:,rr,biology,5,20,0,0,0,0,
Match_Ten#3913,:Flushed:,rr,chemistry,5,20,0,1,0,0,
Match_Ten#3913,:Flushed:,rr,energy,5,15,0,0,0,0,
Match_Ten#3913,:Flushed:,rr,ess,5,20,0,1,0,0,
Match_Ten#3913,:Flushed:,rr,math,5,20,9,4,1,32,
Match_Ten#3913,:Flushed:,rr,physics,5,20,5,7,0,20,
Spencerd.#4926,Ghs,rr,overall,5,115,13,15,0,52,
Spencerd.#4926,Ghs,rr,biology,5,20,0,2,0,0,
Spencerd.#4926,Ghs,rr,chemistry,5,20,0,2,0,0,
Spencerd.#4926,Ghs,rr,energy,5,15,1,3,0,4,
Spencerd.#4926,Ghs,rr,ess,5,20,1,0,0,4,
Spencerd.#4926,Ghs,rr,math,5,20,9,5,0,36,
Spencerd.#4926,Ghs,rr,physics,5,20,2,3,0,8,
Knit-Ish#1485,Darwin,rr,overall,7,161,20,21,2,72,
Knit-Ish#1485,Darwin,rr,biology,7,28,1,1,0,4,
Knit-Ish#1485,Darwin,rr,chemistry,7,28,4,2,0,16,
Knit-Ish#1485,Darwin,rr,energy,7,21,3,2,2,4,
Knit-Ish#1485,Darwin,rr,ess,7,28,3,6,0,12,
Knit-Ish#1485,Darwin,rr,math,7,28,5,5,0,20,
Knit-Ish#1485,Darwin,rr,physics,7,28,4,5,0,16,
Thunderbolt190#1626,Hwite Bread B,rr,overall,6,138,16,4,1,60,
Thunderbolt190#1626,Hwite Bread B,rr,biology,6,24,2,1,0,8,
Thunderbolt190#1626,Hwite Bread B,rr,chemistry,6,24,0,0,0,0,
Thunderbolt190#1626,Hwite Bread B,rr,energy,6,18,0,0,1,-4,
Thunderbolt190#1626,Hwite Bread B,rr,ess,6,24,1,1,0,4,
Thunderbolt190#1626,Hwite Bread B,rr,math,6,24,6,1,0,24,
Thunderbolt190#1626,Hwite Bread B,rr,physics,6,24,7,1,0,28,
Lockheed Martin#2051,Eagle Wing,rr,overall,6,138,16,14,1,60,
Lockheed Martin#2051,Eagle Wing,rr,biology,6,24,0,0,0,0,
Lockheed Martin#2051,Eagle Wing,rr,chemistry,6,24,0,4,0,0,
Lockheed Martin#2051,Eagle Wing,rr,energy,6,18,5,1,0,20,
Lockheed Martin#2051,Eagle Wing,rr,ess,6,24,0,1,0,0,
Lockheed Martin#2051,Eagle Wing,rr,math,6,24,2,2,1,4,
Lockheed Martin#2051,Eagle Wing,rr,physics,6,24,9,6,0,36,
Weber_Lin#5389,Koch Snowflakes,rr,overall,2,46,5,3,0,20,
Weber_Lin#5389,Koch Snowflakes,rr,biology,2,8,1,0,0,4,
Weber_Lin#5389,Koch Snowflakes,rr,chemistry,2,8,0,1,0,0,
Weber_Lin#5389,Koch Snowflakes,rr,energy,2,6,2,0,0,8,
Weber_Lin#5389,Koch Snowflakes,rr,ess,2,8,0,1,0,0,
Weber_Lin#5389,Koch Snowflakes,rr,math,2,8,0,1,0,0,
Weber_Lin#5389,Koch Snowflakes,rr,physics,2,8,2,0,0,8,
Char#5513,Pikmd,rr,overall,4,92,10,5,0,40,
Char#5513,Pikmd,rr,biology,4,16,0,0,0,0,
Char#5513,Pikmd,rr,chemistry,4,16,1,1,0,4,
Char#5513,Pikmd,rr,energy,4,12,1,0,0,4,
Char#5513,Pikmd,rr,ess,4,16,0,1,0,0,
Char#5513,Pikmd,rr,math,4,16,4,2,0,16,
Char#5513,Pikmd,rr,physics,4,16,4,1,0,16,
Danielj#8068,Lexington 2,rr,overall,4,92,10,3,0,40,
Danielj#8068,Lexington 2,rr,biology,4,16,3,0,0,12,
Danielj#8068,Lexington 2,rr,chemistry,4,16,1,2,0,4,
Danielj#8068,Lexington 2,rr,energy,4,12,1,0,0,4,
Danielj#8068,Lexington 2,rr,ess,4,16,3,1,0,12,
Danielj#8068,Lexington 2,rr,math,4,16,0,0,0,0,
Danielj#8068,Lexington 2,rr,physics,4,16,2,0,0,8,
Rishabh#3011,Eagle Eye,rr,overall,6,138,18,8,3,60,
Rishabh#3011,Eagle Eye,rr,biology,6,24,14,4,3,44,
Rishabh#3011,Eagle Eye,rr,chemistry,6,24,0,0,0,0,
Rishabh#3011,Eagle Eye,rr,energy,6,18,1,3,0,4,
Rishabh#3011,Eagle Eye,rr,ess,6,24,0,1,0,0,
Rishabh#3011,Eagle Eye,rr,math,6,24,3,0,0,12,
Rishabh#3011,Eagle Eye,rr,physics,6,24,0,0,0,0,
Smdiscord#7683,River-Hawks-A,rr,overall,5,115,12,13,0,48,
Smdiscord#7683,River-Hawks-A,rr,biology,5,20,1,1,0,4,
Smdiscord#7683,River-Hawks-A,rr,chemistry,5,20,3,5,0,12,
Smdiscord#7683,River-Hawks-A,rr,energy,5,15,2,1,0,8,
Smdiscord#7683,River-Hawks-A,rr,ess,5,20,1,2,0,4,
Smdiscord#7683,River-Hawks-A,rr,math,5,20,3,2,0,12,
Smdiscord#7683,River-Hawks-A,rr,physics,5,20,2,2,0,8,
Ihqck#0177,JP Stevens 3,rr,overall,5,115,12,5,0,48,
Ihqck#0177,JP Stevens 3,rr,biology,5,20,0,2,0,0,
Ihqck#0177,JP Stevens 3,rr,chemistry,5,20,1,2,0,4,
Ihqck#0177,JP Stevens 3,rr,energy,5,15,1,0,0,4,
Ihqck#0177,JP Stevens 3,rr,ess,5,20,0,0,0,0,
Ihqck#0177,JP Stevens 3,rr,math,5,20,5,1,0,20,
Ihqck#0177,JP Stevens 3,rr,physics,5,20,5,0,0,20,
Andromeda#1294,Crabohydrates,rr,overall,5,115,13,11,1,48,
Andromeda#1294,Crabohydrates,rr,biology,5,20,1,0,0,4,
Andromeda#1294,Crabohydrates,rr,chemistry,5,20,0,2,0,0,
Andromeda#1294,Crabohydrates,rr,energy,5,15,0,2,0,0,
Andromeda#1294,Crabohydrates,rr,ess,5,20,1,0,0,4,
Andromeda#1294,Crabohydrates,rr,math,5,20,10,2,1,36,
Andromeda#1294,Crabohydrates,rr,physics,5,20,1,5,0,4,
Blabshi#9480,Crimson-Pixels,rr,overall,5,115,12,28,0,48,
Blabshi#9480,Crimson-Pixels,rr,biology,5,20,0,3,0,0,
Blabshi#9480,Crimson-Pixels,rr,chemistry,5,20,1,5,0,4,
Blabshi#9480,Crimson-Pixels,rr,energy,5,15,1,5,0,4,
Blabshi#9480,Crimson-Pixels,rr,ess,5,20,1,5,0,4,
Blabshi#9480,Crimson-Pixels,rr,math,5,20,3,5,0,12,
Blabshi#9480,Crimson-Pixels,rr,physics,5,20,6,5,0,24,
Sieging Ping#2423,Lexington 3,rr,overall,5,115,17,29,5,48,
Sieging Ping#2423,Lexington 3,rr,biology,5,20,5,5,0,20,
Sieging Ping#2423,Lexington 3,rr,chemistry,5,20,3,6,0,12,
Sieging Ping#2423,Lexington 3,rr,energy,5,15,0,5,1,-4,
Sieging Ping#2423,Lexington 3,rr,ess,5,20,0,6,1,-4,
Sieging Ping#2423,Lexington 3,rr,math,5,20,4,3,3,4,
Sieging Ping#2423,Lexington 3,rr,physics,5,20,5,4,0,20,
Frost#4525,Lynbrook C,rr,overall,6,138,14,9,0,56,
Frost#4525,Lynbrook C,rr,biology,6,24,4,0,0,16,
Frost#4525,Lynbrook C,rr,chemistry,6,24,3,4,0,12,
Frost#4525,Lynbrook C,rr,energy,6,18,0,1,0,0,
Frost#4525,Lynbrook C,rr,ess,6,24,3,1,0,12,
Frost#4525,Lynbrook C,rr,math,6,24,2,0,0,8,
Frost#4525,Lynbrook C,rr,physics,6,24,2,3,0,8,
Paradoxygen#5753,Cinnabar Rolls,rr,overall,6,138,14,22,0,56,
Paradoxygen#5753,Cinnabar Rolls,rr,biology,6,24,4,2,0,16,
Paradoxygen#5753,Cinnabar Rolls,rr,chemistry,6,24,3,3,0,12,
Paradoxygen#5753,Cinnabar Rolls,rr,energy,6,18,1,3,0,4,
Paradoxygen#5753,Cinnabar Rolls,rr,ess,6,24,3,7,0,12,
Paradoxygen#5753,Cinnabar Rolls,rr,math,6,24,0,1,0,0,
Paradoxygen#5753,Cinnabar Rolls,rr,physics,6,24,3,6,0,12,
Aaronstarboy#0805,Ladoooo,rr,overall,6,138,15,19,1,56,
Aaronstarboy#0805,Ladoooo,rr,biology,6,24,0,0,0,0,
Aaronstarboy#0805,Ladoooo,rr,chemistry,6,24,1,5,0,4,
Aaronstarboy#0805,Ladoooo,rr,energy,6,18,0,0,0,0,
Aaronstarboy#0805,Ladoooo,rr,ess,6,24,1,2,0,4,
Aaronstarboy#0805,Ladoooo,rr,math,6,24,11,5,0,44,
Aaronstarboy#0805,Ladoooo,rr,physics,6,24,2,7,1,4,
Sharon#8984,Lynbrook B,rr,overall,6,138,14,7,0,56,
Sharon#8984,Lynbrook B,rr,biology,6,24,10,5,0,40,
Sharon#8984,Lynbrook B,rr,chemistry,6,24,2,0,0,8,
Sharon#8984,Lynbrook B,rr,energy,6,18,1,1,0,4,
Sharon#8984,Lynbrook B,rr,ess,6,24,0,0,0,0,
Sharon#8984,Lynbrook B,rr,math,6,24,1,0,0,4,
Sharon#8984,Lynbrook B,rr,physics,6,24,0,1,0,0,
S0Arbeacon#9262,The Green And White,rr,overall,3,69,8,25,1,28,
S0Arbeacon#9262,The Green And White,rr,biology,3,12,1,3,0,4,
S0Arbeacon#9262,The Green And White,rr,chemistry,3,12,2,3,0,8,
S0Arbeacon#9262,The Green And White,rr,energy,3,9,2,5,0,8,
S0Arbeacon#9262,The Green And White,rr,ess,3,12,1,4,1,0,
S0Arbeacon#9262,The Green And White,rr,math,3,12,0,5,0,0,
S0Arbeacon#9262,The Green And White,rr,physics,3,12,2,5,0,8,
Alienated#7505,Pikmd,rr,overall,7,161,17,18,1,64,
Alienated#7505,Pikmd,rr,biology,7,28,0,0,0,0,
Alienated#7505,Pikmd,rr,chemistry,7,28,1,9,0,4,
Alienated#7505,Pikmd,rr,energy,7,21,8,3,1,28,
Alienated#7505,Pikmd,rr,ess,7,28,5,2,0,20,
Alienated#7505,Pikmd,rr,math,7,28,0,1,0,0,
Alienated#7505,Pikmd,rr,physics,7,28,3,3,0,12,
Ric3#5740,:Flushed:,rr,overall,4,92,9,4,0,36,
Ric3#5740,:Flushed:,rr,biology,4,16,0,0,0,0,
Ric3#5740,:Flushed:,rr,chemistry,4,16,1,0,0,4,
Ric3#5740,:Flushed:,rr,energy,4,12,0,0,0,0,
Ric3#5740,:Flushed:,rr,ess,4,16,3,1,0,12,
Ric3#5740,:Flushed:,rr,math,4,16,4,1,0,16,
Ric3#5740,:Flushed:,rr,physics,4,16,1,2,0,4,
Spencer_Writes#0860,Scarlet-Pixels,rr,overall,4,92,9,8,0,36,
Spencer_Writes#0860,Scarlet-Pixels,rr,biology,4,16,3,3,0,12,
Spencer_Writes#0860,Scarlet-Pixels,rr,chemistry,4,16,2,2,0,8,
Spencer_Writes#0860,Scarlet-Pixels,rr,energy,4,12,1,1,0,4,
Spencer_Writes#0860,Scarlet-Pixels,rr,ess,4,16,1,1,0,4,
Spencer_Writes#0860,Scarlet-Pixels,rr,math,4,16,2,1,0,8,
Spencer_Writes#0860,Scarlet-Pixels,rr,physics,4,16,0,0,0,0,
Monke#1001,Eeeeyaaaa,rr,overall,4,92,9,21,0,36,
Monke#1001,Eeeeyaaaa,rr,biology,4,16,1,5,0,4,
Monke#1001,Eeeeyaaaa,rr,chemistry,4,16,0,1,0,0,
Monke#1001,Eeeeyaaaa,rr,energy,4,12,1,3,0,4,
Monke#1001,Eeeeyaaaa,rr,ess,4,16,0,2,0,0,
Monke#1001,Eeeeyaaaa,rr,math,4,16,6,6,0,24,
Monke#1001,Eeeeyaaaa,rr,physics,4,16,1,4,0,4,
Awesomeaashray #8362,Edison Root,rr,overall,4,92,9,6,0,36,
Awesomeaashray #8362,Edison Root,rr,biology,4,16,1,0,0,4,
Awesomeaashray #8362,Edison Root,rr,chemistry,4,16,0,1,0,0,
Awesomeaashray #8362,Edison Root,rr,energy,4,12,1,2,0,4,
Awesomeaashray #8362,Edison Root,rr,ess,4,16,5,3,0,20,
Awesomeaashray #8362,Edison Root,rr,math,4,16,2,0,0,8,
Awesomeaashray #8362,Edison Root,rr,physics,4,16,0,0,0,0,
Boba Tea#8668,Westy Besties,rr,overall,5,115,13,8,2,44,
Boba Tea#8668,Westy Besties,rr,biology,5,20,0,1,0,0,
Boba Tea#8668,Westy Besties,rr,chemistry,5,20,6,4,2,16,
Boba Tea#8668,Westy Besties,rr,energy,5,15,6,1,0,24,
Boba Tea#8668,Westy Besties,rr,ess,5,20,1,1,0,4,
Boba Tea#8668,Westy Besties,rr,math,5,20,0,0,0,0,
Boba Tea#8668,Westy Besties,rr,physics,5,20,0,1,0,0,
Oshafamily#4984,Edison Root,rr,overall,5,115,13,12,2,44,
Oshafamily#4984,Edison Root,rr,biology,5,20,3,2,0,12,
Oshafamily#4984,Edison Root,rr,chemistry,5,20,3,4,1,8,
Oshafamily#4984,Edison Root,rr,energy,5,15,1,1,1,0,
Oshafamily#4984,Edison Root,rr,ess,5,20,2,2,0,8,
Oshafamily#4984,Edison Root,rr,math,5,20,1,0,0,4,
Oshafamily#4984,Edison Root,rr,physics,5,20,3,3,0,12,
Xing#7270,Exploding Kittens,rr,overall,5,115,17,18,6,44,
Xing#7270,Exploding Kittens,rr,biology,5,20,0,2,0,0,
Xing#7270,Exploding Kittens,rr,chemistry,5,20,1,4,0,4,
Xing#7270,Exploding Kittens,rr,energy,5,15,5,2,0,20,
Xing#7270,Exploding Kittens,rr,ess,5,20,4,5,3,4,
Xing#7270,Exploding Kittens,rr,math,5,20,0,1,1,-4,
Xing#7270,Exploding Kittens,rr,physics,5,20,7,4,2,20,
Bongowindsor#8661,Standard Basis,rr,overall,6,138,14,32,1,52,
Bongowindsor#8661,Standard Basis,rr,biology,6,24,0,3,0,0,
Bongowindsor#8661,Standard Basis,rr,chemistry,6,24,4,7,0,16,
Bongowindsor#8661,Standard Basis,rr,energy,6,18,0,8,0,0,
Bongowindsor#8661,Standard Basis,rr,ess,6,24,3,4,1,8,
Bongowindsor#8661,Standard Basis,rr,math,6,24,3,3,0,12,
Bongowindsor#8661,Standard Basis,rr,physics,6,24,4,7,0,16,
Grassisgood#9863,Sodium Hypobromite,rr,overall,6,138,13,8,0,52,
Grassisgood#9863,Sodium Hypobromite,rr,biology,6,24,11,4,0,44,
Grassisgood#9863,Sodium Hypobromite,rr,chemistry,6,24,0,2,0,0,
Grassisgood#9863,Sodium Hypobromite,rr,energy,6,18,1,2,0,4,
Grassisgood#9863,Sodium Hypobromite,rr,ess,6,24,0,0,0,0,
Grassisgood#9863,Sodium Hypobromite,rr,math,6,24,1,0,0,4,
Grassisgood#9863,Sodium Hypobromite,rr,physics,6,24,0,0,0,0,
France Fasciste#2989,Eagle Talon,rr,overall,6,138,15,30,2,52,
France Fasciste#2989,Eagle Talon,rr,biology,6,24,0,0,0,0,
France Fasciste#2989,Eagle Talon,rr,chemistry,6,24,6,2,0,24,
France Fasciste#2989,Eagle Talon,rr,energy,6,18,4,7,0,16,
France Fasciste#2989,Eagle Talon,rr,ess,6,24,3,8,1,8,
France Fasciste#2989,Eagle Talon,rr,math,6,24,0,1,1,-4,
France Fasciste#2989,Eagle Talon,rr,physics,6,24,2,12,0,8,
Selena#4353,Isopod,rr,overall,6,138,14,4,1,52,
Selena#4353,Isopod,rr,biology,6,24,12,3,1,44,
Selena#4353,Isopod,rr,chemistry,6,24,0,0,0,0,
Selena#4353,Isopod,rr,energy,6,18,2,1,0,8,
Selena#4353,Isopod,rr,ess,6,24,0,0,0,0,
Selena#4353,Isopod,rr,math,6,24,0,0,0,0,
Selena#4353,Isopod,rr,physics,6,24,0,0,0,0,
Nfda#8511,Isopod,rr,overall,6,138,13,6,0,52,
Nfda#8511,Isopod,rr,biology,6,24,5,1,0,20,
Nfda#8511,Isopod,rr,chemistry,6,24,6,5,0,24,
Nfda#8511,Isopod,rr,energy,6,18,2,0,0,8,
Nfda#8511,Isopod,rr,ess,6,24,0,0,0,0,
Nfda#8511,Isopod,rr,math,6,24,0,0,0,0,
Nfda#8511,Isopod,rr,physics,6,24,0,0,0,0,
Blorppps#0238,Jets Top,rr,overall,7,161,15,9,0,60,
Blorppps#0238,Jets Top,rr,biology,7,28,1,0,0,4,
Blorppps#0238,Jets Top,rr,chemistry,7,28,2,1,0,8,
Blorppps#0238,Jets Top,rr,energy,7,21,4,0,0,16,
Blorppps#0238,Jets Top,rr,ess,7,28,8,6,0,32,
Blorppps#0238,Jets Top,rr,math,7,28,0,0,0,0,
Blorppps#0238,Jets Top,rr,physics,7,28,0,2,0,0,
Tokugawa Elyasu#6779,Hwite Bread B,rr,overall,5,104,11,6,1,40,
Tokugawa Elyasu#6779,Hwite Bread B,rr,biology,5,18,0,1,0,0,
Tokugawa Elyasu#6779,Hwite Bread B,rr,chemistry,5,18,1,2,0,4,
Tokugawa Elyasu#6779,Hwite Bread B,rr,energy,5,14,3,0,0,12,
Tokugawa Elyasu#6779,Hwite Bread B,rr,ess,5,18,2,3,0,8,
Tokugawa Elyasu#6779,Hwite Bread B,rr,math,5,18,0,0,0,0,
Tokugawa Elyasu#6779,Hwite Bread B,rr,physics,5,18,5,0,1,16,
Equinault#2419,D.A.R.N,rr,overall,7,161,15,37,1,56,
Equinault#2419,D.A.R.N,rr,biology,7,28,2,3,0,8,
Equinault#2419,D.A.R.N,rr,chemistry,7,28,3,10,0,12,
Equinault#2419,D.A.R.N,rr,energy,7,21,0,5,0,0,
Equinault#2419,D.A.R.N,rr,ess,7,28,2,9,1,4,
Equinault#2419,D.A.R.N,rr,math,7,28,4,5,0,16,
Equinault#2419,D.A.R.N,rr,physics,7,28,4,5,0,16,
Name = Matthew#9487,River-Hawks-A,rr,overall,4,92,8,11,0,32,
Name = Matthew#9487,River-Hawks-A,rr,biology,4,16,1,3,0,4,
Name = Matthew#9487,River-Hawks-A,rr,chemistry,4,16,1,0,0,4,
Name = Matthew#9487,River-Hawks-A,rr,energy,4,12,1,4,0,4,
Name = Matthew#9487,River-Hawks-A,rr,ess,4,16,2,3,0,8,
Name = Matthew#9487,River-Hawks-A,rr,math,4,16,0,0,0,0,
Name = Matthew#9487,River-Hawks-A,rr,physics,4,16,3,1,0,12,
Just#5425,Big Dippers,rr,overall,5,115,13,3,3,40,
Just#5425,Big Dippers,rr,biology,5,20,11,2,3,32,
Just#5425,Big Dippers,rr,chemistry,5,20,0,0,0,0,
Just#5425,Big Dippers,rr,energy,5,15,2,1,0,8,
Just#5425,Big Dippers,rr,ess,5,20,0,0,0,0,
Just#5425,Big Dippers,rr,math,5,20,0,0,0,0,
Just#5425,Big Dippers,rr,physics,5,20,0,0,0,0,
Lunch#7616,Ladoooo,rr,overall,1,23,2,3,0,8,
Lunch#7616,Ladoooo,rr,biology,1,4,0,0,0,0,
Lunch#7616,Ladoooo,rr,chemistry,1,4,0,0,0,0,
Lunch#7616,Ladoooo,rr,energy,1,3,0,2,0,0,
Lunch#7616,Ladoooo,rr,ess,1,4,0,1,0,0,
Lunch#7616,Ladoooo,rr,math,1,4,1,0,0,4,
Lunch#7616,Ladoooo,rr,physics,1,4,1,0,0,4,
Ax2K#6297,JP Stevens 1,rr,overall,6,127,13,3,1,48,
Ax2K#6297,JP Stevens 1,rr,biology,6,22,0,0,0,0,
Ax2K#6297,JP Stevens 1,rr,chemistry,6,22,5,3,0,20,
Ax2K#6297,JP Stevens 1,rr,energy,6,17,5,0,0,20,
Ax2K#6297,JP Stevens 1,rr,ess,6,22,0,0,0,0,
Ax2K#6297,JP Stevens 1,rr,math,6,22,2,0,0,8,
Ax2K#6297,JP Stevens 1,rr,physics,6,22,1,0,1,0,
Nerdnapper#1342,Standard Basis,rr,overall,1,23,2,3,0,8,
Nerdnapper#1342,Standard Basis,rr,biology,1,4,0,1,0,0,
Nerdnapper#1342,Standard Basis,rr,chemistry,1,4,0,0,0,0,
Nerdnapper#1342,Standard Basis,rr,energy,1,3,2,0,0,8,
Nerdnapper#1342,Standard Basis,rr,ess,1,4,0,0,0,0,
Nerdnapper#1342,Standard Basis,rr,math,1,4,0,0,0,0,
Nerdnapper#1342,Standard Basis,rr,physics,1,4,0,2,0,0,
Gamakill#8833,Jca,rr,overall,1,23,2,2,0,8,
Gamakill#8833,Jca,rr,biology,1,4,0,0,0,0,
Gamakill#8833,Jca,rr,chemistry,1,4,0,0,0,0,
Gamakill#8833,Jca,rr,energy,1,3,0,0,0,0,
Gamakill#8833,Jca,rr,ess,1,4,0,1,0,0,
Gamakill#8833,Jca,rr,math,1,4,2,0,0,8,
Gamakill#8833,Jca,rr,physics,1,4,0,1,0,0,
Erin0227#7166,Lexington 2,rr,overall,5,115,10,7,0,40,
Erin0227#7166,Lexington 2,rr,biology,5,20,7,3,0,28,
Erin0227#7166,Lexington 2,rr,chemistry,5,20,1,2,0,4,
Erin0227#7166,Lexington 2,rr,energy,5,15,1,1,0,4,
Erin0227#7166,Lexington 2,rr,ess,5,20,1,1,0,4,
Erin0227#7166,Lexington 2,rr,math,5,20,0,0,0,0,
Erin0227#7166,Lexington 2,rr,physics,5,20,0,0,0,0,
Endgame#5527,Jcc,rr,overall,7,161,15,34,1,56,
Endgame#5527,Jcc,rr,biology,7,28,3,7,0,12,
Endgame#5527,Jcc,rr,chemistry,7,28,1,4,0,4,
Endgame#5527,Jcc,rr,energy,7,21,3,2,0,12,
Endgame#5527,Jcc,rr,ess,7,28,2,8,0,8,
Endgame#5527,Jcc,rr,math,7,28,5,8,0,20,
Endgame#5527,Jcc,rr,physics,7,28,1,5,1,0,
Very_Creative_Name#1358,Orthogonal Basis,rr,overall,5,115,10,12,0,40,
Very_Creative_Name#1358,Orthogonal Basis,rr,biology,5,20,5,5,0,20,
Very_Creative_Name#1358,Orthogonal Basis,rr,chemistry,5,20,1,1,0,4,
Very_Creative_Name#1358,Orthogonal Basis,rr,energy,5,15,1,1,0,4,
Very_Creative_Name#1358,Orthogonal Basis,rr,ess,5,20,0,4,0,0,
Very_Creative_Name#1358,Orthogonal Basis,rr,math,5,20,2,1,0,8,
Very_Creative_Name#1358,Orthogonal Basis,rr,physics,5,20,1,0,0,4,
Noseofcthulhu#8180,Sodium Hypobromite,rr,overall,6,138,13,11,1,48,
Noseofcthulhu#8180,Sodium Hypobromite,rr,biology,6,24,0,0,0,0,
Noseofcthulhu#8180,Sodium Hypobromite,rr,chemistry,6,24,4,4,0,16,
Noseofcthulhu#8180,Sodium Hypobromite,rr,energy,6,18,2,2,1,4,
Noseofcthulhu#8180,Sodium Hypobromite,rr,ess,6,24,7,5,0,28,
Noseofcthulhu#8180,Sodium Hypobromite,rr,math,6,24,0,0,0,0,
Noseofcthulhu#8180,Sodium Hypobromite,rr,physics,6,24,0,0,0,0,
Shreyase39#6292,Lexington 1,rr,overall,4,92,8,3,0,32,
Shreyase39#6292,Lexington 1,rr,biology,4,16,0,0,0,0,
Shreyase39#6292,Lexington 1,rr,chemistry,4,16,0,0,0,0,
Shreyase39#6292,Lexington 1,rr,energy,4,12,0,0,0,0,
Shreyase39#6292,Lexington 1,rr,ess,4,16,7,2,0,28,
Shreyase39#6292,Lexington 1,rr,math,4,16,1,1,0,4,
Shreyase39#6292,Lexington 1,rr,physics,4,16,0,0,0,0,
Daostrich#6993,JP Stevens 2,rr,overall,5,115,10,11,0,40,
Daostrich#6993,JP Stevens 2,rr,biology,5,20,1,1,0,4,
Daostrich#6993,JP Stevens 2,rr,chemistry,5,20,1,2,0,4,
Daostrich#6993,JP Stevens 2,rr,energy,5,15,2,1,0,8,
Daostrich#6993,JP Stevens 2,rr,ess,5,20,3,2,0,12,
Daostrich#6993,JP Stevens 2,rr,math,5,20,1,1,0,4,
Daostrich#6993,JP Stevens 2,rr,physics,5,20,2,4,0,8,
Intake#5690,Harker Hawks,rr,overall,3,69,7,6,1,24,
Intake#5690,Harker Hawks,rr,biology,3,12,0,1,0,0,
Intake#5690,Harker Hawks,rr,chemistry,3,12,0,1,0,0,
Intake#5690,Harker Hawks,rr,energy,3,9,1,2,0,4,
Intake#5690,Harker Hawks,rr,ess,3,12,0,1,0,0,
Intake#5690,Harker Hawks,rr,math,3,12,3,1,1,8,
Intake#5690,Harker Hawks,rr,physics,3,12,3,0,0,12,
Xyz#8317,Hwite Bread B,rr,overall,6,138,12,7,1,44,
Xyz#8317,Hwite Bread B,rr,biology,6,24,0,0,0,0,
Xyz#8317,Hwite Bread B,rr,chemistry,6,24,6,5,0,24,
Xyz#8317,Hwite Bread B,rr,energy,6,18,4,0,1,12,
Xyz#8317,Hwite Bread B,rr,ess,6,24,1,1,0,4,
Xyz#8317,Hwite Bread B,rr,math,6,24,0,0,0,0,
Xyz#8317,Hwite Bread B,rr,physics,6,24,1,1,0,4,
Turtle#4869,Reddy 1,rr,overall,6,138,14,21,3,44,
Turtle#4869,Reddy 1,rr,biology,6,24,0,0,0,0,
Turtle#4869,Reddy 1,rr,chemistry,6,24,0,3,0,0,
Turtle#4869,Reddy 1,rr,energy,6,18,0,3,1,-4,
Turtle#4869,Reddy 1,rr,ess,6,24,3,7,0,12,
Turtle#4869,Reddy 1,rr,math,6,24,6,4,0,24,
Turtle#4869,Reddy 1,rr,physics,6,24,5,4,2,12,
Gamma#4302,Los Niños,rr,overall,6,138,11,17,0,44,
Gamma#4302,Los Niños,rr,biology,6,24,1,1,0,4,
Gamma#4302,Los Niños,rr,chemistry,6,24,4,7,0,16,
Gamma#4302,Los Niños,rr,energy,6,18,0,2,0,0,
Gamma#4302,Los Niños,rr,ess,6,24,1,1,0,4,
Gamma#4302,Los Niños,rr,math,6,24,3,2,0,12,
Gamma#4302,Los Niños,rr,physics,6,24,2,4,0,8,
Sebi#7528,Edison Root,rr,overall,6,138,11,7,0,44,
Sebi#7528,Edison Root,rr,biology,6,24,0,0,0,0,
Sebi#7528,Edison Root,rr,chemistry,6,24,8,5,0,32,
Sebi#7528,Edison Root,rr,energy,6,18,1,0,0,4,
Sebi#7528,Edison Root,rr,ess,6,24,1,1,0,4,
Sebi#7528,Edison Root,rr,math,6,24,1,1,0,4,
Sebi#7528,Edison Root,rr,physics,6,24,0,0,0,0,
Skinni Boi Sucrose#1955,Eagle Wing,rr,overall,5,105,9,2,0,36,
Skinni Boi Sucrose#1955,Eagle Wing,rr,biology,5,18,0,0,0,0,
Skinni Boi Sucrose#1955,Eagle Wing,rr,chemistry,5,18,0,0,0,0,
Skinni Boi Sucrose#1955,Eagle Wing,rr,energy,5,14,1,0,0,4,
Skinni Boi Sucrose#1955,Eagle Wing,rr,ess,5,18,2,0,0,8,
Skinni Boi Sucrose#1955,Eagle Wing,rr,math,5,18,6,2,0,24,
Skinni Boi Sucrose#1955,Eagle Wing,rr,physics,5,18,0,0,0,0,
Sidabeast#3072,Little Dippers,rr,overall,5,115,9,13,0,36,
Sidabeast#3072,Little Dippers,rr,biology,5,20,0,0,0,0,
Sidabeast#3072,Little Dippers,rr,chemistry,5,20,0,6,0,0,
Sidabeast#3072,Little Dippers,rr,energy,5,15,1,1,0,4,
Sidabeast#3072,Little Dippers,rr,ess,5,20,1,0,0,4,
Sidabeast#3072,Little Dippers,rr,math,5,20,7,4,0,28,
Sidabeast#3072,Little Dippers,rr,physics,5,20,0,2,0,0,
Keertaneou$#6710,Kdjhs,rr,overall,5,115,10,11,1,36,
Keertaneou$#6710,Kdjhs,rr,biology,5,20,0,2,0,0,
Keertaneou$#6710,Kdjhs,rr,chemistry,5,20,0,0,0,0,
Keertaneou$#6710,Kdjhs,rr,energy,5,15,0,1,0,0,
Keertaneou$#6710,Kdjhs,rr,ess,5,20,0,2,0,0,
Keertaneou$#6710,Kdjhs,rr,math,5,20,7,4,1,24,
Keertaneou$#6710,Kdjhs,rr,physics,5,20,3,2,0,12,
Fireninja#9856,JP Stevens 3,rr,overall,4,92,7,1,0,28,
Fireninja#9856,JP Stevens 3,rr,biology,4,16,1,0,0,4,
Fireninja#9856,JP Stevens 3,rr,chemistry,4,16,1,0,0,4,
Fireninja#9856,JP Stevens 3,rr,energy,4,12,0,0,0,0,
Fireninja#9856,JP Stevens 3,rr,ess,4,16,3,0,0,12,
Fireninja#9856,JP Stevens 3,rr,math,4,16,2,0,0,8,
Fireninja#9856,JP Stevens 3,rr,physics,4,16,0,1,0,0,
Josh The Pineapple Man#8933,Orthogonal Basis,rr,overall,4,92,7,12,0,28,
Josh The Pineapple Man#8933,Orthogonal Basis,rr,biology,4,16,0,0,0,0,
Josh The Pineapple Man#8933,Orthogonal Basis,rr,chemistry,4,16,1,4,0,4,
Josh The Pineapple Man#8933,Orthogonal Basis,rr,energy,4,12,0,0,0,0,
Josh The Pineapple Man#8933,Orthogonal Basis,rr,ess,4,16,3,6,0,12,
Josh The Pineapple Man#8933,Orthogonal Basis,rr,math,4,16,2,2,0,8,
Josh The Pineapple Man#8933,Orthogonal Basis,rr,physics,4,16,1,0,0,4,
Pescen#1517,Jams Knights,rr,overall,4,92,7,7,0,28,
Pescen#1517,Jams Knights,rr,biology,4,16,0,1,0,0,
Pescen#1517,Jams Knights,rr,chemistry,4,16,3,1,0,12,
Pescen#1517,Jams Knights,rr,energy,4,12,0,1,0,0,
Pescen#1517,Jams Knights,rr,ess,4,16,2,0,0,8,
Pescen#1517,Jams Knights,rr,math,4,16,0,3,0,0,
Pescen#1517,Jams Knights,rr,physics,4,16,2,1,0,8,
Henryb#9686,Idiom,rr,overall,7,161,14,37,2,48,
Henryb#9686,Idiom,rr,biology,7,28,3,12,0,12,
Henryb#9686,Idiom,rr,chemistry,7,28,1,7,1,0,
Henryb#9686,Idiom,rr,energy,7,21,2,7,0,8,
Henryb#9686,Idiom,rr,ess,7,28,3,5,0,12,
Henryb#9686,Idiom,rr,math,7,28,4,4,1,12,
Henryb#9686,Idiom,rr,physics,7,28,1,2,0,4,
Mysticeti#4179,Sans-Undertale,rr,overall,7,144,12,15,0,48,
Mysticeti#4179,Sans-Undertale,rr,biology,7,25,4,6,0,16,
Mysticeti#4179,Sans-Undertale,rr,chemistry,7,25,3,3,0,12,
Mysticeti#4179,Sans-Undertale,rr,energy,7,19,1,2,0,4,
Mysticeti#4179,Sans-Undertale,rr,ess,7,25,3,3,0,12,
Mysticeti#4179,Sans-Undertale,rr,math,7,25,0,0,0,0,
Mysticeti#4179,Sans-Undertale,rr,physics,7,25,1,1,0,4,
Daniel K#8036,Orthonormal Basis,rr,overall,7,161,12,13,0,48,
Daniel K#8036,Orthonormal Basis,rr,biology,7,28,0,1,0,0,
Daniel K#8036,Orthonormal Basis,rr,chemistry,7,28,8,7,0,32,
Daniel K#8036,Orthonormal Basis,rr,energy,7,21,4,3,0,16,
Daniel K#8036,Orthonormal Basis,rr,ess,7,28,0,0,0,0,
Daniel K#8036,Orthonormal Basis,rr,math,7,28,0,0,0,0,
Daniel K#8036,Orthonormal Basis,rr,physics,7,28,0,2,0,0,
Icanseeyou#6977,Kdjhs,rr,overall,6,138,10,19,0,40,
Icanseeyou#6977,Kdjhs,rr,biology,6,24,2,3,0,8,
Icanseeyou#6977,Kdjhs,rr,chemistry,6,24,1,3,0,4,
Icanseeyou#6977,Kdjhs,rr,energy,6,18,2,4,0,8,
Icanseeyou#6977,Kdjhs,rr,ess,6,24,3,4,0,12,
Icanseeyou#6977,Kdjhs,rr,math,6,24,1,2,0,4,
Icanseeyou#6977,Kdjhs,rr,physics,6,24,1,3,0,4,
Brandon.Chang#3043,Exploding Kittens,rr,overall,6,138,11,11,1,40,
Brandon.Chang#3043,Exploding Kittens,rr,biology,6,24,1,1,0,4,
Brandon.Chang#3043,Exploding Kittens,rr,chemistry,6,24,6,6,0,24,
Brandon.Chang#3043,Exploding Kittens,rr,energy,6,18,3,0,1,8,
Brandon.Chang#3043,Exploding Kittens,rr,ess,6,24,1,2,0,4,
Brandon.Chang#3043,Exploding Kittens,rr,math,6,24,0,0,0,0,
Brandon.Chang#3043,Exploding Kittens,rr,physics,6,24,0,2,0,0,
9994L#4695,River-Hawks-B,rr,overall,5,115,8,10,0,32,
9994L#4695,River-Hawks-B,rr,biology,5,20,2,2,0,8,
9994L#4695,River-Hawks-B,rr,chemistry,5,20,1,2,0,4,
9994L#4695,River-Hawks-B,rr,energy,5,15,0,3,0,0,
9994L#4695,River-Hawks-B,rr,ess,5,20,4,0,0,16,
9994L#4695,River-Hawks-B,rr,math,5,20,0,1,0,0,
9994L#4695,River-Hawks-B,rr,physics,5,20,1,2,0,4,
Professor_Balls#1517,Bernoulli Bud,rr,overall,5,115,8,22,0,32,
Professor_Balls#1517,Bernoulli Bud,rr,biology,5,20,0,3,0,0,
Professor_Balls#1517,Bernoulli Bud,rr,chemistry,5,20,1,3,0,4,
Professor_Balls#1517,Bernoulli Bud,rr,energy,5,15,1,3,0,4,
Professor_Balls#1517,Bernoulli Bud,rr,ess,5,20,1,7,0,4,
Professor_Balls#1517,Bernoulli Bud,rr,math,5,20,4,3,0,16,
Professor_Balls#1517,Bernoulli Bud,rr,physics,5,20,1,3,0,4,
Quicksquid#9512,:Flushed:,rr,overall,6,138,10,11,1,36,
Quicksquid#9512,:Flushed:,rr,biology,6,24,1,1,1,0,
Quicksquid#9512,:Flushed:,rr,chemistry,6,24,5,2,0,20,
Quicksquid#9512,:Flushed:,rr,energy,6,18,2,1,0,8,
Quicksquid#9512,:Flushed:,rr,ess,6,24,1,6,0,4,
Quicksquid#9512,:Flushed:,rr,math,6,24,1,0,0,4,
Quicksquid#9512,:Flushed:,rr,physics,6,24,0,1,0,0,
Goatprogrammer#5237,JP Stevens 3,rr,overall,4,92,6,8,0,24,
Goatprogrammer#5237,JP Stevens 3,rr,biology,4,16,0,2,0,0,
Goatprogrammer#5237,JP Stevens 3,rr,chemistry,4,16,0,3,0,0,
Goatprogrammer#5237,JP Stevens 3,rr,energy,4,12,1,2,0,4,
Goatprogrammer#5237,JP Stevens 3,rr,ess,4,16,3,0,0,12,
Goatprogrammer#5237,JP Stevens 3,rr,math,4,16,0,1,0,0,
Goatprogrammer#5237,JP Stevens 3,rr,physics,4,16,2,0,0,8,
Krishnaan Of Yorkshire#1164,JP Stevens 4,rr,overall,6,138,10,40,1,36,
Krishnaan Of Yorkshire#1164,JP Stevens 4,rr,biology,6,24,3,9,0,12,
Krishnaan Of Yorkshire#1164,JP Stevens 4,rr,chemistry,6,24,2,10,0,8,
Krishnaan Of Yorkshire#1164,JP Stevens 4,rr,energy,6,18,4,8,0,16,
Krishnaan Of Yorkshire#1164,JP Stevens 4,rr,ess,6,24,0,5,1,-4,
Krishnaan Of Yorkshire#1164,JP Stevens 4,rr,math,6,24,0,1,0,0,
Krishnaan Of Yorkshire#1164,JP Stevens 4,rr,physics,6,24,1,7,0,4,
Anksharskarp#5814,Lexington 3,rr,overall,4,92,6,9,0,24,
Anksharskarp#5814,Lexington 3,rr,biology,4,16,2,0,0,8,
Anksharskarp#5814,Lexington 3,rr,chemistry,4,16,1,5,0,4,
Anksharskarp#5814,Lexington 3,rr,energy,4,12,1,0,0,4,
Anksharskarp#5814,Lexington 3,rr,ess,4,16,2,0,0,8,
Anksharskarp#5814,Lexington 3,rr,math,4,16,0,1,0,0,
Anksharskarp#5814,Lexington 3,rr,physics,4,16,0,3,0,0,
Jqcx#6771,Eagle Talon,rr,overall,6,138,11,17,2,36,
Jqcx#6771,Eagle Talon,rr,biology,6,24,6,6,2,16,
Jqcx#6771,Eagle Talon,rr,chemistry,6,24,3,5,0,12,
Jqcx#6771,Eagle Talon,rr,energy,6,18,1,1,0,4,
Jqcx#6771,Eagle Talon,rr,ess,6,24,0,1,0,0,
Jqcx#6771,Eagle Talon,rr,math,6,24,1,4,0,4,
Jqcx#6771,Eagle Talon,rr,physics,6,24,0,0,0,0,
Havoc#4212,Lovelace Leaf,rr,overall,6,138,9,15,0,36,
Havoc#4212,Lovelace Leaf,rr,biology,6,24,0,2,0,0,
Havoc#4212,Lovelace Leaf,rr,chemistry,6,24,4,3,0,16,
Havoc#4212,Lovelace Leaf,rr,energy,6,18,2,2,0,8,
Havoc#4212,Lovelace Leaf,rr,ess,6,24,1,4,0,4,
Havoc#4212,Lovelace Leaf,rr,math,6,24,0,1,0,0,
Havoc#4212,Lovelace Leaf,rr,physics,6,24,2,3,0,8,
William590Y#1396,Jets Strange,rr,overall,4,92,7,5,1,24,
William590Y#1396,Jets Strange,rr,biology,4,16,0,0,0,0,
William590Y#1396,Jets Strange,rr,chemistry,4,16,1,0,0,4,
William590Y#1396,Jets Strange,rr,energy,4,12,2,1,0,8,
William590Y#1396,Jets Strange,rr,ess,4,16,0,1,0,0,
William590Y#1396,Jets Strange,rr,math,4,16,0,0,0,0,
William590Y#1396,Jets Strange,rr,physics,4,16,4,3,1,12,
Brianzjk#4698,Eagle Eye,rr,overall,6,138,12,6,3,36,
Brianzjk#4698,Eagle Eye,rr,biology,6,24,0,0,0,0,
Brianzjk#4698,Eagle Eye,rr,chemistry,6,24,0,0,0,0,
Brianzjk#4698,Eagle Eye,rr,energy,6,18,0,0,1,-4,
Brianzjk#4698,Eagle Eye,rr,ess,6,24,0,0,0,0,
Brianzjk#4698,Eagle Eye,rr,math,6,24,11,6,1,40,
Brianzjk#4698,Eagle Eye,rr,physics,6,24,1,0,1,0,
The Sun#3821,Yeetus Thy Fetus,rr,overall,5,115,7,16,0,28,
The Sun#3821,Yeetus Thy Fetus,rr,biology,5,20,1,3,0,4,
The Sun#3821,Yeetus Thy Fetus,rr,chemistry,5,20,1,4,0,4,
The Sun#3821,Yeetus Thy Fetus,rr,energy,5,15,1,2,0,4,
The Sun#3821,Yeetus Thy Fetus,rr,ess,5,20,1,6,0,4,
The Sun#3821,Yeetus Thy Fetus,rr,math,5,20,1,0,0,4,
The Sun#3821,Yeetus Thy Fetus,rr,physics,5,20,2,1,0,8,
Marstel#1624,Eeeeyaaaa,rr,overall,5,115,7,22,0,28,
Marstel#1624,Eeeeyaaaa,rr,biology,5,20,1,2,0,4,
Marstel#1624,Eeeeyaaaa,rr,chemistry,5,20,2,6,0,8,
Marstel#1624,Eeeeyaaaa,rr,energy,5,15,1,4,0,4,
Marstel#1624,Eeeeyaaaa,rr,ess,5,20,2,7,0,8,
Marstel#1624,Eeeeyaaaa,rr,math,5,20,0,0,0,0,
Marstel#1624,Eeeeyaaaa,rr,physics,5,20,1,3,0,4,
Plqts#3858,JP Stevens 1,rr,overall,5,115,7,4,0,28,
Plqts#3858,JP Stevens 1,rr,biology,5,20,0,0,0,0,
Plqts#3858,JP Stevens 1,rr,chemistry,5,20,0,0,0,0,
Plqts#3858,JP Stevens 1,rr,energy,5,15,0,1,0,0,
Plqts#3858,JP Stevens 1,rr,ess,5,20,5,3,0,20,
Plqts#3858,JP Stevens 1,rr,math,5,20,1,0,0,4,
Plqts#3858,JP Stevens 1,rr,physics,5,20,1,0,0,4,
Cs511329#5307,Jahaj,rr,overall,6,138,8,11,0,32,
Cs511329#5307,Jahaj,rr,biology,6,24,5,2,0,20,
Cs511329#5307,Jahaj,rr,chemistry,6,24,0,2,0,0,
Cs511329#5307,Jahaj,rr,energy,6,18,1,1,0,4,
Cs511329#5307,Jahaj,rr,ess,6,24,1,5,0,4,
Cs511329#5307,Jahaj,rr,math,6,24,0,1,0,0,
Cs511329#5307,Jahaj,rr,physics,6,24,1,0,0,4,
Thetreeoflife#4520,Jets Top,rr,overall,3,69,5,8,1,16,
Thetreeoflife#4520,Jets Top,rr,biology,3,12,0,1,0,0,
Thetreeoflife#4520,Jets Top,rr,chemistry,3,12,1,4,1,0,
Thetreeoflife#4520,Jets Top,rr,energy,3,9,0,1,0,0,
Thetreeoflife#4520,Jets Top,rr,ess,3,12,1,1,0,4,
Thetreeoflife#4520,Jets Top,rr,math,3,12,2,1,0,8,
Thetreeoflife#4520,Jets Top,rr,physics,3,12,1,0,0,4,
Kdawg#1590,River-Hawks-A,rr,overall,3,69,4,5,0,16,
Kdawg#1590,River-Hawks-A,rr,biology,3,12,2,1,0,8,
Kdawg#1590,River-Hawks-A,rr,chemistry,3,12,0,1,0,0,
Kdawg#1590,River-Hawks-A,rr,energy,3,9,0,0,0,0,
Kdawg#1590,River-Hawks-A,rr,ess,3,12,1,2,0,4,
Kdawg#1590,River-Hawks-A,rr,math,3,12,1,0,0,4,
Kdawg#1590,River-Hawks-A,rr,physics,3,12,0,1,0,0,
Logan L.#8589,Cinnabar Rolls,rr,overall,3,69,4,18,0,16,
Logan L.#8589,Cinnabar Rolls,rr,biology,3,12,0,2,0,0,
Logan L.#8589,Cinnabar Rolls,rr,chemistry,3,12,0,5,0,0,
Logan L.#8589,Cinnabar Rolls,rr,energy,3,9,2,2,0,8,
Logan L.#8589,Cinnabar Rolls,rr,ess,3,12,2,4,0,8,
Logan L.#8589,Cinnabar Rolls,rr,math,3,12,0,2,0,0,
Logan L.#8589,Cinnabar Rolls,rr,physics,3,12,0,3,0,0,
Abheekd#3602,Ladoooo,rr,overall,6,138,9,26,1,32,
Abheekd#3602,Ladoooo,rr,biology,6,24,1,1,0,4,
Abheekd#3602,Ladoooo,rr,chemistry,6,24,0,8,0,0,
Abheekd#3602,Ladoooo,rr,energy,6,18,2,3,1,4,
Abheekd#3602,Ladoooo,rr,ess,6,24,4,8,0,16,
Abheekd#3602,Ladoooo,rr,math,6,24,0,1,0,0,
Abheekd#3602,Ladoooo,rr,physics,6,24,2,5,0,8,
Frung1#4462,JP Stevens 4,rr,overall,6,138,8,8,0,32,
Frung1#4462,JP Stevens 4,rr,biology,6,24,0,0,0,0,
Frung1#4462,JP Stevens 4,rr,chemistry,6,24,2,2,0,8,
Frung1#4462,JP Stevens 4,rr,energy,6,18,1,0,0,4,
Frung1#4462,JP Stevens 4,rr,ess,6,24,3,1,0,12,
Frung1#4462,JP Stevens 4,rr,math,6,24,1,2,0,4,
Frung1#4462,JP Stevens 4,rr,physics,6,24,1,3,0,4,
Profesor#5219,Los Niños,rr,overall,3,69,4,14,0,16,
Profesor#5219,Los Niños,rr,biology,3,12,0,1,0,0,
Profesor#5219,Los Niños,rr,chemistry,3,12,1,1,0,4,
Profesor#5219,Los Niños,rr,energy,3,9,0,2,0,0,
Profesor#5219,Los Niños,rr,ess,3,12,1,3,0,4,
Profesor#5219,Los Niños,rr,math,3,12,1,2,0,4,
Profesor#5219,Los Niños,rr,physics,3,12,1,5,0,4,
Clammy#2247,Pikmd,rr,overall,6,138,8,11,0,32,
Clammy#2247,Pikmd,rr,biology,6,24,5,3,0,20,
Clammy#2247,Pikmd,rr,chemistry,6,24,1,0,0,4,
Clammy#2247,Pikmd,rr,energy,6,18,1,1,0,4,
Clammy#2247,Pikmd,rr,ess,6,24,1,5,0,4,
Clammy#2247,Pikmd,rr,math,6,24,0,1,0,0,
Clammy#2247,Pikmd,rr,physics,6,24,0,1,0,0,
Ephram#9602,Lexington 1,rr,overall,6,138,8,7,0,32,
Ephram#9602,Lexington 1,rr,biology,6,24,0,0,0,0,
Ephram#9602,Lexington 1,rr,chemistry,6,24,0,1,0,0,
Ephram#9602,Lexington 1,rr,energy,6,18,0,0,0,0,
Ephram#9602,Lexington 1,rr,ess,6,24,0,1,0,0,
Ephram#9602,Lexington 1,rr,math,6,24,7,2,0,28,
Ephram#9602,Lexington 1,rr,physics,6,24,1,3,0,4,
Tejas#0921,Edison Root,rr,overall,6,138,8,9,0,32,
Tejas#0921,Edison Root,rr,biology,6,24,5,6,0,20,
Tejas#0921,Edison Root,rr,chemistry,6,24,0,0,0,0,
Tejas#0921,Edison Root,rr,energy,6,18,1,2,0,4,
Tejas#0921,Edison Root,rr,ess,6,24,1,1,0,4,
Tejas#0921,Edison Root,rr,math,6,24,0,0,0,0,
Tejas#0921,Edison Root,rr,physics,6,24,1,0,0,4,
Irisy#7245,Non-Simps + Vishwa,rr,overall,7,161,9,14,0,36,
Irisy#7245,Non-Simps + Vishwa,rr,biology,7,28,0,0,0,0,
Irisy#7245,Non-Simps + Vishwa,rr,chemistry,7,28,0,6,0,0,
Irisy#7245,Non-Simps + Vishwa,rr,energy,7,21,0,1,0,0,
Irisy#7245,Non-Simps + Vishwa,rr,ess,7,28,0,0,0,0,
Irisy#7245,Non-Simps + Vishwa,rr,math,7,28,9,4,0,36,
Irisy#7245,Non-Simps + Vishwa,rr,physics,7,28,0,3,0,0,
Anonymous#0110,D.A.R.N,rr,overall,4,92,5,9,0,20,
Anonymous#0110,D.A.R.N,rr,biology,4,16,0,2,0,0,
Anonymous#0110,D.A.R.N,rr,chemistry,4,16,0,1,0,0,
Anonymous#0110,D.A.R.N,rr,energy,4,12,0,0,0,0,
Anonymous#0110,D.A.R.N,rr,ess,4,16,0,3,0,0,
Anonymous#0110,D.A.R.N,rr,math,4,16,5,3,0,20,
Anonymous#0110,D.A.R.N,rr,physics,4,16,0,0,0,0,
Emilicious#7470,Non-Simps + Vishwa,rr,overall,4,82,5,11,0,20,
Emilicious#7470,Non-Simps + Vishwa,rr,biology,4,14,2,5,0,8,
Emilicious#7470,Non-Simps + Vishwa,rr,chemistry,4,14,1,1,0,4,
Emilicious#7470,Non-Simps + Vishwa,rr,energy,4,11,0,1,0,0,
Emilicious#7470,Non-Simps + Vishwa,rr,ess,4,14,1,3,0,4,
Emilicious#7470,Non-Simps + Vishwa,rr,math,4,14,1,0,0,4,
Emilicious#7470,Non-Simps + Vishwa,rr,physics,4,14,0,1,0,0,
Wjam#0217,Lexington 1,rr,overall,4,92,5,0,0,20,
Wjam#0217,Lexington 1,rr,biology,4,16,0,0,0,0,
Wjam#0217,Lexington 1,rr,chemistry,4,16,2,0,0,8,
Wjam#0217,Lexington 1,rr,energy,4,12,1,0,0,4,
Wjam#0217,Lexington 1,rr,ess,4,16,1,0,0,4,
Wjam#0217,Lexington 1,rr,math,4,16,0,0,0,0,
Wjam#0217,Lexington 1,rr,physics,4,16,1,0,0,4,
Caffeine#3377,JP Stevens 2,rr,overall,4,92,5,6,0,20,
Caffeine#3377,JP Stevens 2,rr,biology,4,16,0,0,0,0,
Caffeine#3377,JP Stevens 2,rr,chemistry,4,16,1,3,0,4,
Caffeine#3377,JP Stevens 2,rr,energy,4,12,1,1,0,4,
Caffeine#3377,JP Stevens 2,rr,ess,4,16,1,2,0,4,
Caffeine#3377,JP Stevens 2,rr,math,4,16,2,0,0,8,
Caffeine#3377,JP Stevens 2,rr,physics,4,16,0,0,0,0,
Yikes#7813,Jets Top,rr,overall,5,115,8,2,2,24,
Yikes#7813,Jets Top,rr,biology,5,20,1,0,0,4,
Yikes#7813,Jets Top,rr,chemistry,5,20,0,0,0,0,
Yikes#7813,Jets Top,rr,energy,5,15,1,1,0,4,
Yikes#7813,Jets Top,rr,ess,5,20,1,0,0,4,
Yikes#7813,Jets Top,rr,math,5,20,3,0,0,12,
Yikes#7813,Jets Top,rr,physics,5,20,2,1,2,0,
Monsternikes#6442,Little Dippers,rr,overall,5,115,6,9,0,24,
Monsternikes#6442,Little Dippers,rr,biology,5,20,0,0,0,0,
Monsternikes#6442,Little Dippers,rr,chemistry,5,20,1,0,0,4,
Monsternikes#6442,Little Dippers,rr,energy,5,15,1,2,0,4,
Monsternikes#6442,Little Dippers,rr,ess,5,20,4,6,0,16,
Monsternikes#6442,Little Dippers,rr,math,5,20,0,0,0,0,
Monsternikes#6442,Little Dippers,rr,physics,5,20,0,1,0,0,
1Mystery#9752,Jams Knights,rr,overall,5,115,6,21,0,24,
1Mystery#9752,Jams Knights,rr,biology,5,20,0,8,0,0,
1Mystery#9752,Jams Knights,rr,chemistry,5,20,0,6,0,0,
1Mystery#9752,Jams Knights,rr,energy,5,15,2,2,0,8,
1Mystery#9752,Jams Knights,rr,ess,5,20,0,1,0,0,
1Mystery#9752,Jams Knights,rr,math,5,20,1,1,0,4,
1Mystery#9752,Jams Knights,rr,physics,5,20,3,3,0,12,
Ndove301#1543,Eagle Talon,rr,overall,5,115,6,2,0,24,
Ndove301#1543,Eagle Talon,rr,biology,5,20,0,0,0,0,
Ndove301#1543,Eagle Talon,rr,chemistry,5,20,0,0,0,0,
Ndove301#1543,Eagle Talon,rr,energy,5,15,0,0,0,0,
Ndove301#1543,Eagle Talon,rr,ess,5,20,4,2,0,16,
Ndove301#1543,Eagle Talon,rr,math,5,20,2,0,0,8,
Ndove301#1543,Eagle Talon,rr,physics,5,20,0,0,0,0,
Ananya B#6613,Reddy 1,rr,overall,6,138,8,8,1,28,
Ananya B#6613,Reddy 1,rr,biology,6,24,0,1,0,0,
Ananya B#6613,Reddy 1,rr,chemistry,6,24,0,1,0,0,
Ananya B#6613,Reddy 1,rr,energy,6,18,0,0,0,0,
Ananya B#6613,Reddy 1,rr,ess,6,24,2,0,0,8,
Ananya B#6613,Reddy 1,rr,math,6,24,5,3,1,16,
Ananya B#6613,Reddy 1,rr,physics,6,24,1,3,0,4,
Onyx#2205,Knights,rr,overall,6,138,7,13,0,28,
Onyx#2205,Knights,rr,biology,6,24,0,0,0,0,
Onyx#2205,Knights,rr,chemistry,6,24,0,2,0,0,
Onyx#2205,Knights,rr,energy,6,18,0,0,0,0,
Onyx#2205,Knights,rr,ess,6,24,2,1,0,8,
Onyx#2205,Knights,rr,math,6,24,4,6,0,16,
Onyx#2205,Knights,rr,physics,6,24,1,4,0,4,
Dualspirit#7063,Names Are Hard,rr,overall,6,138,7,4,0,28,
Dualspirit#7063,Names Are Hard,rr,biology,6,24,0,0,0,0,
Dualspirit#7063,Names Are Hard,rr,chemistry,6,24,0,0,0,0,
Dualspirit#7063,Names Are Hard,rr,energy,6,18,0,0,0,0,
Dualspirit#7063,Names Are Hard,rr,ess,6,24,0,2,0,0,
Dualspirit#7063,Names Are Hard,rr,math,6,24,7,2,0,28,
Dualspirit#7063,Names Are Hard,rr,physics,6,24,0,0,0,0,
Ughitsjosh#6468,PRISMS,rr,overall,6,138,7,10,0,28,
Ughitsjosh#6468,PRISMS,rr,biology,6,24,1,1,0,4,
Ughitsjosh#6468,PRISMS,rr,chemistry,6,24,0,2,0,0,
Ughitsjosh#6468,PRISMS,rr,energy,6,18,2,2,0,8,
Ughitsjosh#6468,PRISMS,rr,ess,6,24,4,3,0,16,
Ughitsjosh#6468,PRISMS,rr,math,6,24,0,0,0,0,
Ughitsjosh#6468,PRISMS,rr,physics,6,24,0,2,0,0,
Guber#9310,Isopod,rr,overall,6,138,9,11,2,28,
Guber#9310,Isopod,rr,biology,6,24,0,0,0,0,
Guber#9310,Isopod,rr,chemistry,6,24,0,0,0,0,
Guber#9310,Isopod,rr,energy,6,18,3,0,0,12,
Guber#9310,Isopod,rr,ess,6,24,6,11,2,16,
Guber#9310,Isopod,rr,math,6,24,0,0,0,0,
Guber#9310,Isopod,rr,physics,6,24,0,0,0,0,
Arnav#7920,Ghs,rr,overall,7,161,8,16,0,32,
Arnav#7920,Ghs,rr,biology,7,28,1,3,0,4,
Arnav#7920,Ghs,rr,chemistry,7,28,4,6,0,16,
Arnav#7920,Ghs,rr,energy,7,21,0,3,0,0,
Arnav#7920,Ghs,rr,ess,7,28,0,2,0,0,
Arnav#7920,Ghs,rr,math,7,28,0,2,0,0,
Arnav#7920,Ghs,rr,physics,7,28,3,0,0,12,
Yaj.#5051,Ahhhhhh,rr,overall,7,161,9,11,1,32,
Yaj.#5051,Ahhhhhh,rr,biology,7,28,0,0,0,0,
Yaj.#5051,Ahhhhhh,rr,chemistry,7,28,1,2,0,4,
Yaj.#5051,Ahhhhhh,rr,energy,7,21,1,4,0,4,
Yaj.#5051,Ahhhhhh,rr,ess,7,28,2,1,0,8,
Yaj.#5051,Ahhhhhh,rr,math,7,28,0,0,0,0,
Yaj.#5051,Ahhhhhh,rr,physics,7,28,5,4,1,16,
Thisis[Redacted]#7278,Scioly,rr,overall,7,161,8,12,0,32,
Thisis[Redacted]#7278,Scioly,rr,biology,7,28,0,0,0,0,
Thisis[Redacted]#7278,Scioly,rr,chemistry,7,28,0,0,0,0,
Thisis[Redacted]#7278,Scioly,rr,energy,7,21,1,1,0,4,
Thisis[Redacted]#7278,Scioly,rr,ess,7,28,2,5,0,8,
Thisis[Redacted]#7278,Scioly,rr,math,7,28,2,4,0,8,
Thisis[Redacted]#7278,Scioly,rr,physics,7,28,3,2,0,12,
Khoi Le#2458,:Flushed:,rr,overall,4,92,5,3,1,16,
Khoi Le#2458,:Flushed:,rr,biology,4,16,2,1,0,8,
Khoi Le#2458,:Flushed:,rr,chemistry,4,16,1,1,1,0,
Khoi Le#2458,:Flushed:,rr,energy,4,12,1,0,0,4,
Khoi Le#2458,:Flushed:,rr,ess,4,16,0,1,0,0,
Khoi Le#2458,:Flushed:,rr,math,4,16,0,0,0,0,
Khoi Le#2458,:Flushed:,rr,physics,4,16,1,0,0,4,
Emu#0818,Ammoniyum,rr,overall,7,161,7,13,0,28,
Emu#0818,Ammoniyum,rr,biology,7,28,3,3,0,12,
Emu#0818,Ammoniyum,rr,chemistry,7,28,1,2,0,4,
Emu#0818,Ammoniyum,rr,energy,7,21,0,5,0,0,
Emu#0818,Ammoniyum,rr,ess,7,28,3,1,0,12,
Emu#0818,Ammoniyum,rr,math,7,28,0,0,0,0,
Emu#0818,Ammoniyum,rr,physics,7,28,0,2,0,0,
Raspudding#3553,Jahaj,rr,overall,3,69,3,9,0,12,
Raspudding#3553,Jahaj,rr,biology,3,12,0,2,0,0,
Raspudding#3553,Jahaj,rr,chemistry,3,12,0,0,0,0,
Raspudding#3553,Jahaj,rr,energy,3,9,1,3,0,4,
Raspudding#3553,Jahaj,rr,ess,3,12,1,1,0,4,
Raspudding#3553,Jahaj,rr,math,3,12,0,0,0,0,
Raspudding#3553,Jahaj,rr,physics,3,12,1,3,0,4,
Knightfall19#7937,Panthers,rr,overall,6,138,6,9,0,24,
Knightfall19#7937,Panthers,rr,biology,6,24,2,3,0,8,
Knightfall19#7937,Panthers,rr,chemistry,6,24,1,4,0,4,
Knightfall19#7937,Panthers,rr,energy,6,18,1,0,0,4,
Knightfall19#7937,Panthers,rr,ess,6,24,0,2,0,0,
Knightfall19#7937,Panthers,rr,math,6,24,0,0,0,0,
Knightfall19#7937,Panthers,rr,physics,6,24,2,0,0,8,
Theant59#8690,Ladoooo,rr,overall,6,138,7,8,1,24,
Theant59#8690,Ladoooo,rr,biology,6,24,6,7,0,24,
Theant59#8690,Ladoooo,rr,chemistry,6,24,0,0,0,0,
Theant59#8690,Ladoooo,rr,energy,6,18,1,1,0,4,
Theant59#8690,Ladoooo,rr,ess,6,24,0,0,0,0,
Theant59#8690,Ladoooo,rr,math,6,24,0,0,1,-4,
Theant59#8690,Ladoooo,rr,physics,6,24,0,0,0,0,
Tcmcbi#0793,Crabohydrates,rr,overall,1,23,1,0,0,4,
Tcmcbi#0793,Crabohydrates,rr,biology,1,4,0,0,0,0,
Tcmcbi#0793,Crabohydrates,rr,chemistry,1,4,0,0,0,0,
Tcmcbi#0793,Crabohydrates,rr,energy,1,3,0,0,0,0,
Tcmcbi#0793,Crabohydrates,rr,ess,1,4,1,0,0,4,
Tcmcbi#0793,Crabohydrates,rr,math,1,4,0,0,0,0,
Tcmcbi#0793,Crabohydrates,rr,physics,1,4,0,0,0,0,
Hehe1#3256,Foot,rr,overall,2,46,2,2,0,8,
Hehe1#3256,Foot,rr,biology,2,8,0,1,0,0,
Hehe1#3256,Foot,rr,chemistry,2,8,2,1,0,8,
Hehe1#3256,Foot,rr,energy,2,6,0,0,0,0,
Hehe1#3256,Foot,rr,ess,2,8,0,0,0,0,
Hehe1#3256,Foot,rr,math,2,8,0,0,0,0,
Hehe1#3256,Foot,rr,physics,2,8,0,0,0,0,
Beibei#8753,Lexington 3,rr,overall,6,138,6,7,0,24,
Beibei#8753,Lexington 3,rr,biology,6,24,3,1,0,12,
Beibei#8753,Lexington 3,rr,chemistry,6,24,1,0,0,4,
Beibei#8753,Lexington 3,rr,energy,6,18,1,0,0,4,
Beibei#8753,Lexington 3,rr,ess,6,24,1,1,0,4,
Beibei#8753,Lexington 3,rr,math,6,24,0,0,0,0,
Beibei#8753,Lexington 3,rr,physics,6,24,0,5,0,0,
Violainejello#3115,Lexington 2,rr,overall,1,23,1,1,0,4,
Violainejello#3115,Lexington 2,rr,biology,1,4,0,0,0,0,
Violainejello#3115,Lexington 2,rr,chemistry,1,4,0,1,0,0,
Violainejello#3115,Lexington 2,rr,energy,1,3,0,0,0,0,
Violainejello#3115,Lexington 2,rr,ess,1,4,0,0,0,0,
Violainejello#3115,Lexington 2,rr,math,1,4,1,0,0,4,
Violainejello#3115,Lexington 2,rr,physics,1,4,0,0,0,0,
Peter_Wang#8699,PRISMS,rr,overall,4,92,4,4,0,16,
Peter_Wang#8699,PRISMS,rr,biology,4,16,0,0,0,0,
Peter_Wang#8699,PRISMS,rr,chemistry,4,16,3,4,0,12,
Peter_Wang#8699,PRISMS,rr,energy,4,12,0,0,0,0,
Peter_Wang#8699,PRISMS,rr,ess,4,16,1,0,0,4,
Peter_Wang#8699,PRISMS,rr,math,4,16,0,0,0,0,
Peter_Wang#8699,PRISMS,rr,physics,4,16,0,0,0,0,
Techsupport#0916,Lovelace Leaf,rr,overall,5,115,6,5,1,20,
Techsupport#0916,Lovelace Leaf,rr,biology,5,20,0,0,0,0,
Techsupport#0916,Lovelace Leaf,rr,chemistry,5,20,1,1,0,4,
Techsupport#0916,Lovelace Leaf,rr,energy,5,15,2,2,0,8,
Techsupport#0916,Lovelace Leaf,rr,ess,5,20,2,1,1,4,
Techsupport#0916,Lovelace Leaf,rr,math,5,20,0,0,0,0,
Techsupport#0916,Lovelace Leaf,rr,physics,5,20,1,1,0,4,
Daniel ?#6836,Lex E (Con),rr,overall,5,115,5,5,0,20,
Daniel ?#6836,Lex E (Con),rr,biology,5,20,0,0,0,0,
Daniel ?#6836,Lex E (Con),rr,chemistry,5,20,4,4,0,16,
Daniel ?#6836,Lex E (Con),rr,energy,5,15,0,0,0,0,
Daniel ?#6836,Lex E (Con),rr,ess,5,20,1,0,0,4,
Daniel ?#6836,Lex E (Con),rr,math,5,20,0,0,0,0,
Daniel ?#6836,Lex E (Con),rr,physics,5,20,0,1,0,0,
Qho#1222,Hwite Bread A,rr,overall,4,92,6,6,2,16,
Qho#1222,Hwite Bread A,rr,biology,4,16,0,0,0,0,
Qho#1222,Hwite Bread A,rr,chemistry,4,16,0,0,0,0,
Qho#1222,Hwite Bread A,rr,energy,4,12,1,0,0,4,
Qho#1222,Hwite Bread A,rr,ess,4,16,1,6,1,0,
Qho#1222,Hwite Bread A,rr,math,4,16,0,0,0,0,
Qho#1222,Hwite Bread A,rr,physics,4,16,4,0,1,12,
Aahana#8688,Foot,rr,overall,1,23,1,2,0,4,
Aahana#8688,Foot,rr,biology,1,4,0,2,0,0,
Aahana#8688,Foot,rr,chemistry,1,4,1,0,0,4,
Aahana#8688,Foot,rr,energy,1,3,0,0,0,0,
Aahana#8688,Foot,rr,ess,1,4,0,0,0,0,
Aahana#8688,Foot,rr,math,1,4,0,0,0,0,
Aahana#8688,Foot,rr,physics,1,4,0,0,0,0,
Shubhina_Inu#2189,Los Niños,rr,overall,1,23,1,2,0,4,
Shubhina_Inu#2189,Los Niños,rr,biology,1,4,1,1,0,4,
Shubhina_Inu#2189,Los Niños,rr,chemistry,1,4,0,1,0,0,
Shubhina_Inu#2189,Los Niños,rr,energy,1,3,0,0,0,0,
Shubhina_Inu#2189,Los Niños,rr,ess,1,4,0,0,0,0,
Shubhina_Inu#2189,Los Niños,rr,math,1,4,0,0,0,0,
Shubhina_Inu#2189,Los Niños,rr,physics,1,4,0,0,0,0,
Starstreak#7102,Asle(Acid Sounds Like Electricity),rr,overall,7,161,6,4,0,24,
Starstreak#7102,Asle(Acid Sounds Like Electricity),rr,biology,7,28,2,1,0,8,
Starstreak#7102,Asle(Acid Sounds Like Electricity),rr,chemistry,7,28,1,0,0,4,
Starstreak#7102,Asle(Acid Sounds Like Electricity),rr,energy,7,21,1,1,0,4,
Starstreak#7102,Asle(Acid Sounds Like Electricity),rr,ess,7,28,1,0,0,4,
Starstreak#7102,Asle(Acid Sounds Like Electricity),rr,math,7,28,0,1,0,0,
Starstreak#7102,Asle(Acid Sounds Like Electricity),rr,physics,7,28,1,1,0,4,
Helloperson#7543,Ahhhhhh,rr,overall,7,161,6,2,0,24,
Helloperson#7543,Ahhhhhh,rr,biology,7,28,0,0,0,0,
Helloperson#7543,Ahhhhhh,rr,chemistry,7,28,0,0,0,0,
Helloperson#7543,Ahhhhhh,rr,energy,7,21,1,0,0,4,
Helloperson#7543,Ahhhhhh,rr,ess,7,28,0,1,0,0,
Helloperson#7543,Ahhhhhh,rr,math,7,28,5,0,0,20,
Helloperson#7543,Ahhhhhh,rr,physics,7,28,0,1,0,0,
Zhao#7197,Darwin,rr,overall,7,161,7,24,1,24,
Zhao#7197,Darwin,rr,biology,7,28,6,9,1,20,
Zhao#7197,Darwin,rr,chemistry,7,28,0,3,0,0,
Zhao#7197,Darwin,rr,energy,7,21,0,3,0,0,
Zhao#7197,Darwin,rr,ess,7,28,0,5,0,0,
Zhao#7197,Darwin,rr,math,7,28,0,1,0,0,
Zhao#7197,Darwin,rr,physics,7,28,1,3,0,4,
Cyborg#7184,Hwite Bread C,rr,overall,6,138,5,26,0,20,
Cyborg#7184,Hwite Bread C,rr,biology,6,24,0,2,0,0,
Cyborg#7184,Hwite Bread C,rr,chemistry,6,24,1,9,0,4,
Cyborg#7184,Hwite Bread C,rr,energy,6,18,0,1,0,0,
Cyborg#7184,Hwite Bread C,rr,ess,6,24,2,4,0,8,
Cyborg#7184,Hwite Bread C,rr,math,6,24,0,4,0,0,
Cyborg#7184,Hwite Bread C,rr,physics,6,24,2,6,0,8,
Apollonichelios2007#1007,Panthers,rr,overall,6,138,7,10,2,20,
Apollonichelios2007#1007,Panthers,rr,biology,6,24,2,4,1,4,
Apollonichelios2007#1007,Panthers,rr,chemistry,6,24,2,2,0,8,
Apollonichelios2007#1007,Panthers,rr,energy,6,18,2,3,1,4,
Apollonichelios2007#1007,Panthers,rr,ess,6,24,0,1,0,0,
Apollonichelios2007#1007,Panthers,rr,math,6,24,0,0,0,0,
Apollonichelios2007#1007,Panthers,rr,physics,6,24,1,0,0,4,
Agreatdestroyer#4735,Panthers,rr,overall,6,138,5,16,0,20,
Agreatdestroyer#4735,Panthers,rr,biology,6,24,0,2,0,0,
Agreatdestroyer#4735,Panthers,rr,chemistry,6,24,1,1,0,4,
Agreatdestroyer#4735,Panthers,rr,energy,6,18,1,3,0,4,
Agreatdestroyer#4735,Panthers,rr,ess,6,24,2,5,0,8,
Agreatdestroyer#4735,Panthers,rr,math,6,24,0,0,0,0,
Agreatdestroyer#4735,Panthers,rr,physics,6,24,1,5,0,4,
Prerna#1645,Bernoulli Bud,rr,overall,6,138,5,27,0,20,
Prerna#1645,Bernoulli Bud,rr,biology,6,24,1,3,0,4,
Prerna#1645,Bernoulli Bud,rr,chemistry,6,24,1,12,0,4,
Prerna#1645,Bernoulli Bud,rr,energy,6,18,2,1,0,8,
Prerna#1645,Bernoulli Bud,rr,ess,6,24,0,3,0,0,
Prerna#1645,Bernoulli Bud,rr,math,6,24,0,0,0,0,
Prerna#1645,Bernoulli Bud,rr,physics,6,24,1,8,0,4,
Shuhui#8719,Bernoulli Bud,rr,overall,6,138,5,9,0,20,
Shuhui#8719,Bernoulli Bud,rr,biology,6,24,2,5,0,8,
Shuhui#8719,Bernoulli Bud,rr,chemistry,6,24,2,2,0,8,
Shuhui#8719,Bernoulli Bud,rr,energy,6,18,1,2,0,4,
Shuhui#8719,Bernoulli Bud,rr,ess,6,24,0,0,0,0,
Shuhui#8719,Bernoulli Bud,rr,math,6,24,0,0,0,0,
Shuhui#8719,Bernoulli Bud,rr,physics,6,24,0,0,0,0,
Oshimimers#4758,Barometer Juice (Rimin..),rr,overall,6,138,5,3,0,20,
Oshimimers#4758,Barometer Juice (Rimin..),rr,biology,6,24,0,0,0,0,
Oshimimers#4758,Barometer Juice (Rimin..),rr,chemistry,6,24,2,0,0,8,
Oshimimers#4758,Barometer Juice (Rimin..),rr,energy,6,18,0,1,0,0,
Oshimimers#4758,Barometer Juice (Rimin..),rr,ess,6,24,0,0,0,0,
Oshimimers#4758,Barometer Juice (Rimin..),rr,math,6,24,2,2,0,8,
Oshimimers#4758,Barometer Juice (Rimin..),rr,physics,6,24,1,0,0,4,
Yuzu#9297,Jcc,rr,overall,6,138,5,10,0,20,
Yuzu#9297,Jcc,rr,biology,6,24,1,0,0,4,
Yuzu#9297,Jcc,rr,chemistry,6,24,1,4,0,4,
Yuzu#9297,Jcc,rr,energy,6,18,1,0,0,4,
Yuzu#9297,Jcc,rr,ess,6,24,1,2,0,4,
Yuzu#9297,Jcc,rr,math,6,24,0,2,0,0,
Yuzu#9297,Jcc,rr,physics,6,24,1,2,0,4,
Avani#8445,Exploding Kittens,rr,overall,6,138,7,5,2,20,
Avani#8445,Exploding Kittens,rr,biology,6,24,4,3,2,8,
Avani#8445,Exploding Kittens,rr,chemistry,6,24,2,0,0,8,
Avani#8445,Exploding Kittens,rr,energy,6,18,1,1,0,4,
Avani#8445,Exploding Kittens,rr,ess,6,24,0,1,0,0,
Avani#8445,Exploding Kittens,rr,math,6,24,0,0,0,0,
Avani#8445,Exploding Kittens,rr,physics,6,24,0,0,0,0,
Liszt#9517,Jams Knights,rr,overall,6,138,5,8,0,20,
Liszt#9517,Jams Knights,rr,biology,6,24,0,0,0,0,
Liszt#9517,Jams Knights,rr,chemistry,6,24,2,3,0,8,
Liszt#9517,Jams Knights,rr,energy,6,18,0,1,0,0,
Liszt#9517,Jams Knights,rr,ess,6,24,1,2,0,4,
Liszt#9517,Jams Knights,rr,math,6,24,2,0,0,8,
Liszt#9517,Jams Knights,rr,physics,6,24,0,2,0,0,
Asia(#2172,Jams Knights,rr,overall,5,115,4,23,0,16,
Asia(#2172,Jams Knights,rr,biology,5,20,0,3,0,0,
Asia(#2172,Jams Knights,rr,chemistry,5,20,0,2,0,0,
Asia(#2172,Jams Knights,rr,energy,5,15,0,3,0,0,
Asia(#2172,Jams Knights,rr,ess,5,20,1,9,0,4,
Asia(#2172,Jams Knights,rr,math,5,20,1,4,0,4,
Asia(#2172,Jams Knights,rr,physics,5,20,2,2,0,8,
Hsuehpooy#7813,Choate,rr,overall,5,115,4,11,0,16,
Hsuehpooy#7813,Choate,rr,biology,5,20,0,0,0,0,
Hsuehpooy#7813,Choate,rr,chemistry,5,20,0,1,0,0,
Hsuehpooy#7813,Choate,rr,energy,5,15,1,1,0,4,
Hsuehpooy#7813,Choate,rr,ess,5,20,2,9,0,8,
Hsuehpooy#7813,Choate,rr,math,5,20,0,0,0,0,
Hsuehpooy#7813,Choate,rr,physics,5,20,1,0,0,4,
Tada#0888,JP Stevens 2,rr,overall,5,115,5,16,1,16,
Tada#0888,JP Stevens 2,rr,biology,5,20,1,3,0,4,
Tada#0888,JP Stevens 2,rr,chemistry,5,20,2,2,1,4,
Tada#0888,JP Stevens 2,rr,energy,5,15,0,2,0,0,
Tada#0888,JP Stevens 2,rr,ess,5,20,0,1,0,0,
Tada#0888,JP Stevens 2,rr,math,5,20,1,2,0,4,
Tada#0888,JP Stevens 2,rr,physics,5,20,1,6,0,4,
Arsonist,Asle,rr,overall,5,115,4,24,0,16,
Arsonist,Asle,rr,biology,5,20,1,10,0,4,
Arsonist,Asle,rr,chemistry,5,20,0,5,0,0,
Arsonist,Asle,rr,energy,5,15,1,4,0,4,
Arsonist,Asle,rr,ess,5,20,1,5,0,4,
Arsonist,Asle,rr,math,5,20,0,0,0,0,
Arsonist,Asle,rr,physics,5,20,1,0,0,4,
Cowisgreat#8946,JP Stevens 3,rr,overall,4,92,3,4,0,12,
Cowisgreat#8946,JP Stevens 3,rr,biology,4,16,1,1,0,4,
Cowisgreat#8946,JP Stevens 3,rr,chemistry,4,16,0,1,0,0,
Cowisgreat#8946,JP Stevens 3,rr,energy,4,12,1,1,0,4,
Cowisgreat#8946,JP Stevens 3,rr,ess,4,16,1,1,0,4,
Cowisgreat#8946,JP Stevens 3,rr,math,4,16,0,0,0,0,
Cowisgreat#8946,JP Stevens 3,rr,physics,4,16,0,0,0,0,
Lutetium071#8427,Darwin,rr,overall,8,174,6,21,0,24,
Lutetium071#8427,Darwin,rr,biology,8,30,0,0,0,0,
Lutetium071#8427,Darwin,rr,chemistry,8,30,5,15,0,20,
Lutetium071#8427,Darwin,rr,energy,8,23,0,2,0,0,
Lutetium071#8427,Darwin,rr,ess,8,30,1,0,0,4,
Lutetium071#8427,Darwin,rr,math,8,30,0,2,0,0,
Lutetium071#8427,Darwin,rr,physics,8,30,0,2,0,0,
Vishwuh#6242,Non-Simps + Vishwa,rr,overall,4,92,3,9,0,12,
Vishwuh#6242,Non-Simps + Vishwa,rr,biology,4,16,1,1,0,4,
Vishwuh#6242,Non-Simps + Vishwa,rr,chemistry,4,16,1,1,0,4,
Vishwuh#6242,Non-Simps + Vishwa,rr,energy,4,12,0,3,0,0,
Vishwuh#6242,Non-Simps + Vishwa,rr,ess,4,16,1,2,0,4,
Vishwuh#6242,Non-Simps + Vishwa,rr,math,4,16,0,0,0,0,
Vishwuh#6242,Non-Simps + Vishwa,rr,physics,4,16,0,2,0,0,
Bananaman272#2042,Lexington 3,rr,overall,4,92,5,13,2,12,
Bananaman272#2042,Lexington 3,rr,biology,4,16,0,0,1,-4,
Bananaman272#2042,Lexington 3,rr,chemistry,4,16,0,2,0,0,
Bananaman272#2042,Lexington 3,rr,energy,4,12,1,1,0,4,
Bananaman272#2042,Lexington 3,rr,ess,4,16,1,3,0,4,
Bananaman272#2042,Lexington 3,rr,math,4,16,3,4,1,8,
Bananaman272#2042,Lexington 3,rr,physics,4,16,0,3,0,0,
Kman268#4769,Ghs,rr,overall,7,161,5,7,0,20,
Kman268#4769,Ghs,rr,biology,7,28,2,3,0,8,
Kman268#4769,Ghs,rr,chemistry,7,28,0,0,0,0,
Kman268#4769,Ghs,rr,energy,7,21,0,3,0,0,
Kman268#4769,Ghs,rr,ess,7,28,1,1,0,4,
Kman268#4769,Ghs,rr,math,7,28,0,0,0,0,
Kman268#4769,Ghs,rr,physics,7,28,2,0,0,8,
Choiboi#3455,Ammoniyum,rr,overall,7,161,5,26,0,20,
Choiboi#3455,Ammoniyum,rr,biology,7,28,0,6,0,0,
Choiboi#3455,Ammoniyum,rr,chemistry,7,28,4,4,0,16,
Choiboi#3455,Ammoniyum,rr,energy,7,21,0,5,0,0,
Choiboi#3455,Ammoniyum,rr,ess,7,28,0,3,0,0,
Choiboi#3455,Ammoniyum,rr,math,7,28,1,6,0,4,
Choiboi#3455,Ammoniyum,rr,physics,7,28,0,2,0,0,
Shinekash3078#7090,River-Hawks-B,rr,overall,6,138,5,8,1,16,
Shinekash3078#7090,River-Hawks-B,rr,biology,6,24,0,1,0,0,
Shinekash3078#7090,River-Hawks-B,rr,chemistry,6,24,2,2,1,4,
Shinekash3078#7090,River-Hawks-B,rr,energy,6,18,1,0,0,4,
Shinekash3078#7090,River-Hawks-B,rr,ess,6,24,1,2,0,4,
Shinekash3078#7090,River-Hawks-B,rr,math,6,24,1,1,0,4,
Shinekash3078#7090,River-Hawks-B,rr,physics,6,24,0,2,0,0,
Derrick#1601,Jcb,rr,overall,6,138,5,18,1,16,
Derrick#1601,Jcb,rr,biology,6,24,1,4,0,4,
Derrick#1601,Jcb,rr,chemistry,6,24,0,5,0,0,
Derrick#1601,Jcb,rr,energy,6,18,0,4,0,0,
Derrick#1601,Jcb,rr,ess,6,24,2,0,0,8,
Derrick#1601,Jcb,rr,math,6,24,0,1,0,0,
Derrick#1601,Jcb,rr,physics,6,24,2,4,1,4,
Paper_Shredder #6567,Kdjhs,rr,overall,6,127,4,7,0,16,
Paper_Shredder #6567,Kdjhs,rr,biology,6,22,0,1,0,0,
Paper_Shredder #6567,Kdjhs,rr,chemistry,6,22,1,1,0,4,
Paper_Shredder #6567,Kdjhs,rr,energy,6,17,2,1,0,8,
Paper_Shredder #6567,Kdjhs,rr,ess,6,22,1,4,0,4,
Paper_Shredder #6567,Kdjhs,rr,math,6,22,0,0,0,0,
Paper_Shredder #6567,Kdjhs,rr,physics,6,22,0,0,0,0,
Krishnasenthil20#9276,Lovelace Leaf,rr,overall,6,138,4,8,0,16,
Krishnasenthil20#9276,Lovelace Leaf,rr,biology,6,24,1,1,0,4,
Krishnasenthil20#9276,Lovelace Leaf,rr,chemistry,6,24,2,2,0,8,
Krishnasenthil20#9276,Lovelace Leaf,rr,energy,6,18,0,1,0,0,
Krishnasenthil20#9276,Lovelace Leaf,rr,ess,6,24,0,1,0,0,
Krishnasenthil20#9276,Lovelace Leaf,rr,math,6,24,0,3,0,0,
Krishnasenthil20#9276,Lovelace Leaf,rr,physics,6,24,1,0,0,4,
Ubiquity Phantom#7347,River-Hawks-A,rr,overall,3,69,2,12,0,8,
Ubiquity Phantom#7347,River-Hawks-A,rr,biology,3,12,0,4,0,0,
Ubiquity Phantom#7347,River-Hawks-A,rr,chemistry,3,12,0,5,0,0,
Ubiquity Phantom#7347,River-Hawks-A,rr,energy,3,9,2,0,0,8,
Ubiquity Phantom#7347,River-Hawks-A,rr,ess,3,12,0,1,0,0,
Ubiquity Phantom#7347,River-Hawks-A,rr,math,3,12,0,0,0,0,
Ubiquity Phantom#7347,River-Hawks-A,rr,physics,3,12,0,2,0,0,
Capanator#2595,Bernoulli Bud,rr,overall,3,69,2,7,0,8,
Capanator#2595,Bernoulli Bud,rr,biology,3,12,0,0,0,0,
Capanator#2595,Bernoulli Bud,rr,chemistry,3,12,0,0,0,0,
Capanator#2595,Bernoulli Bud,rr,energy,3,9,1,1,0,4,
Capanator#2595,Bernoulli Bud,rr,ess,3,12,1,6,0,4,
Capanator#2595,Bernoulli Bud,rr,math,3,12,0,0,0,0,
Capanator#2595,Bernoulli Bud,rr,physics,3,12,0,0,0,0,
Serna26#6808,Eagle Wing,rr,overall,5,104,3,2,0,12,
Serna26#6808,Eagle Wing,rr,biology,5,18,3,1,0,12,
Serna26#6808,Eagle Wing,rr,chemistry,5,18,0,0,0,0,
Serna26#6808,Eagle Wing,rr,energy,5,14,0,1,0,0,
Serna26#6808,Eagle Wing,rr,ess,5,18,0,0,0,0,
Serna26#6808,Eagle Wing,rr,math,5,18,0,0,0,0,
Serna26#6808,Eagle Wing,rr,physics,5,18,0,0,0,0,
Xin Zhen#8147,Cinnabar Rolls,rr,overall,5,115,3,11,0,12,
Xin Zhen#8147,Cinnabar Rolls,rr,biology,5,20,1,1,0,4,
Xin Zhen#8147,Cinnabar Rolls,rr,chemistry,5,20,0,4,0,0,
Xin Zhen#8147,Cinnabar Rolls,rr,energy,5,15,0,3,0,0,
Xin Zhen#8147,Cinnabar Rolls,rr,ess,5,20,1,0,0,4,
Xin Zhen#8147,Cinnabar Rolls,rr,math,5,20,0,1,0,0,
Xin Zhen#8147,Cinnabar Rolls,rr,physics,5,20,1,2,0,4,
Noobmaster69#9558,Lexington 3,rr,overall,5,115,3,2,0,12,
Noobmaster69#9558,Lexington 3,rr,biology,5,20,1,0,0,4,
Noobmaster69#9558,Lexington 3,rr,chemistry,5,20,0,0,0,0,
Noobmaster69#9558,Lexington 3,rr,energy,5,15,0,1,0,0,
Noobmaster69#9558,Lexington 3,rr,ess,5,20,2,1,0,8,
Noobmaster69#9558,Lexington 3,rr,math,5,20,0,0,0,0,
Noobmaster69#9558,Lexington 3,rr,physics,5,20,0,0,0,0,
Whisperrock#5883,Eagle Talon,rr,overall,5,115,3,0,0,12,
Whisperrock#5883,Eagle Talon,rr,biology,5,20,0,0,0,0,
Whisperrock#5883,Eagle Talon,rr,chemistry,5,20,0,0,0,0,
Whisperrock#5883,Eagle Talon,rr,energy,5,15,0,0,0,0,
Whisperrock#5883,Eagle Talon,rr,ess,5,20,0,0,0,0,
Whisperrock#5883,Eagle Talon,rr,math,5,20,2,0,0,8,
Whisperrock#5883,Eagle Talon,rr,physics,5,20,1,0,0,4,
Felicity#4519,PRISMS,rr,overall,5,115,4,1,1,12,
Felicity#4519,PRISMS,rr,biology,5,20,1,1,0,4,
Felicity#4519,PRISMS,rr,chemistry,5,20,1,0,0,4,
Felicity#4519,PRISMS,rr,energy,5,15,0,0,0,0,
Felicity#4519,PRISMS,rr,ess,5,20,0,0,0,0,
Felicity#4519,PRISMS,rr,math,5,20,2,0,1,4,
Felicity#4519,PRISMS,rr,physics,5,20,0,0,0,0,
F1Ux#1153,Asle(Acid Sounds Like Electricity),rr,overall,2,46,1,9,0,4,
F1Ux#1153,Asle(Acid Sounds Like Electricity),rr,biology,2,8,1,3,0,4,
F1Ux#1153,Asle(Acid Sounds Like Electricity),rr,chemistry,2,8,0,3,0,0,
F1Ux#1153,Asle(Acid Sounds Like Electricity),rr,energy,2,6,0,0,0,0,
F1Ux#1153,Asle(Acid Sounds Like Electricity),rr,ess,2,8,0,2,0,0,
F1Ux#1153,Asle(Acid Sounds Like Electricity),rr,math,2,8,0,0,0,0,
F1Ux#1153,Asle(Acid Sounds Like Electricity),rr,physics,2,8,0,1,0,0,
Hershey#6493,River-Hawks-B,rr,overall,6,138,3,9,0,12,
Hershey#6493,River-Hawks-B,rr,biology,6,24,0,1,0,0,
Hershey#6493,River-Hawks-B,rr,chemistry,6,24,0,1,0,0,
Hershey#6493,River-Hawks-B,rr,energy,6,18,0,2,0,0,
Hershey#6493,River-Hawks-B,rr,ess,6,24,0,1,0,0,
Hershey#6493,River-Hawks-B,rr,math,6,24,2,1,0,8,
Hershey#6493,River-Hawks-B,rr,physics,6,24,1,3,0,4,
Animatingmuon#7601,Idiom,rr,overall,6,138,3,13,0,12,
Animatingmuon#7601,Idiom,rr,biology,6,24,0,2,0,0,
Animatingmuon#7601,Idiom,rr,chemistry,6,24,0,3,0,0,
Animatingmuon#7601,Idiom,rr,energy,6,18,0,0,0,0,
Animatingmuon#7601,Idiom,rr,ess,6,24,2,5,0,8,
Animatingmuon#7601,Idiom,rr,math,6,24,0,0,0,0,
Animatingmuon#7601,Idiom,rr,physics,6,24,1,3,0,4,
Iii.Ii.111#4231,Jahaj,rr,overall,2,46,3,9,2,4,
Iii.Ii.111#4231,Jahaj,rr,biology,2,8,1,3,1,0,
Iii.Ii.111#4231,Jahaj,rr,chemistry,2,8,1,2,0,4,
Iii.Ii.111#4231,Jahaj,rr,energy,2,6,1,2,1,0,
Iii.Ii.111#4231,Jahaj,rr,ess,2,8,0,2,0,0,
Iii.Ii.111#4231,Jahaj,rr,math,2,8,0,0,0,0,
Iii.Ii.111#4231,Jahaj,rr,physics,2,8,0,0,0,0,
Hentai#8058,Jahaj,rr,overall,4,92,2,7,0,8,
Hentai#8058,Jahaj,rr,biology,4,16,0,0,0,0,
Hentai#8058,Jahaj,rr,chemistry,4,16,2,2,0,8,
Hentai#8058,Jahaj,rr,energy,4,12,0,1,0,0,
Hentai#8058,Jahaj,rr,ess,4,16,0,0,0,0,
Hentai#8058,Jahaj,rr,math,4,16,0,2,0,0,
Hentai#8058,Jahaj,rr,physics,4,16,0,2,0,0,
Ank Tutti Frutti#6694,Reddy 1,rr,overall,4,92,3,9,1,8,
Ank Tutti Frutti#6694,Reddy 1,rr,biology,4,16,0,2,0,0,
Ank Tutti Frutti#6694,Reddy 1,rr,chemistry,4,16,1,4,1,0,
Ank Tutti Frutti#6694,Reddy 1,rr,energy,4,12,2,2,0,8,
Ank Tutti Frutti#6694,Reddy 1,rr,ess,4,16,0,1,0,0,
Ank Tutti Frutti#6694,Reddy 1,rr,math,4,16,0,0,0,0,
Ank Tutti Frutti#6694,Reddy 1,rr,physics,4,16,0,0,0,0,
Srimadub#3822,Hwite Bread C,rr,overall,2,46,1,3,0,4,
Srimadub#3822,Hwite Bread C,rr,biology,2,8,0,1,0,0,
Srimadub#3822,Hwite Bread C,rr,chemistry,2,8,0,0,0,0,
Srimadub#3822,Hwite Bread C,rr,energy,2,6,0,0,0,0,
Srimadub#3822,Hwite Bread C,rr,ess,2,8,0,0,0,0,
Srimadub#3822,Hwite Bread C,rr,math,2,8,1,0,0,4,
Srimadub#3822,Hwite Bread C,rr,physics,2,8,0,2,0,0,
Alexwin0806#5989,Ladoooo,rr,overall,6,138,3,10,0,12,
Alexwin0806#5989,Ladoooo,rr,biology,6,24,1,1,0,4,
Alexwin0806#5989,Ladoooo,rr,chemistry,6,24,1,1,0,4,
Alexwin0806#5989,Ladoooo,rr,energy,6,18,0,2,0,0,
Alexwin0806#5989,Ladoooo,rr,ess,6,24,0,3,0,0,
Alexwin0806#5989,Ladoooo,rr,math,6,24,0,1,0,0,
Alexwin0806#5989,Ladoooo,rr,physics,6,24,1,2,0,4,
Xcg16#0891,Crabohydrates,rr,overall,6,138,3,14,0,12,
Xcg16#0891,Crabohydrates,rr,biology,6,24,0,0,0,0,
Xcg16#0891,Crabohydrates,rr,chemistry,6,24,1,8,0,4,
Xcg16#0891,Crabohydrates,rr,energy,6,18,1,2,0,4,
Xcg16#0891,Crabohydrates,rr,ess,6,24,1,0,0,4,
Xcg16#0891,Crabohydrates,rr,math,6,24,0,2,0,0,
Xcg16#0891,Crabohydrates,rr,physics,6,24,0,2,0,0,
Vision#3405,Sans-Undertale,rr,overall,6,138,3,1,0,12,
Vision#3405,Sans-Undertale,rr,biology,6,24,0,0,0,0,
Vision#3405,Sans-Undertale,rr,chemistry,6,24,1,0,0,4,
Vision#3405,Sans-Undertale,rr,energy,6,18,2,0,0,8,
Vision#3405,Sans-Undertale,rr,ess,6,24,0,0,0,0,
Vision#3405,Sans-Undertale,rr,math,6,24,0,0,0,0,
Vision#3405,Sans-Undertale,rr,physics,6,24,0,1,0,0,
Rambutans#5142,Westy Besties,rr,overall,6,138,3,1,0,12,
Rambutans#5142,Westy Besties,rr,biology,6,24,3,1,0,12,
Rambutans#5142,Westy Besties,rr,chemistry,6,24,0,0,0,0,
Rambutans#5142,Westy Besties,rr,energy,6,18,0,0,0,0,
Rambutans#5142,Westy Besties,rr,ess,6,24,0,0,0,0,
Rambutans#5142,Westy Besties,rr,math,6,24,0,0,0,0,
Rambutans#5142,Westy Besties,rr,physics,6,24,0,0,0,0,
Ian Chan#3595,Exploding Kittens,rr,overall,6,138,4,2,1,12,
Ian Chan#3595,Exploding Kittens,rr,biology,6,24,0,0,0,0,
Ian Chan#3595,Exploding Kittens,rr,chemistry,6,24,0,0,0,0,
Ian Chan#3595,Exploding Kittens,rr,energy,6,18,0,0,0,0,
Ian Chan#3595,Exploding Kittens,rr,ess,6,24,0,0,0,0,
Ian Chan#3595,Exploding Kittens,rr,math,6,24,3,0,1,8,
Ian Chan#3595,Exploding Kittens,rr,physics,6,24,1,2,0,4,
Kahtrashcan#1966,Hwite Bread A,rr,overall,4,92,4,1,2,8,
Kahtrashcan#1966,Hwite Bread A,rr,biology,4,16,0,0,0,0,
Kahtrashcan#1966,Hwite Bread A,rr,chemistry,4,16,0,0,0,0,
Kahtrashcan#1966,Hwite Bread A,rr,energy,4,12,0,0,0,0,
Kahtrashcan#1966,Hwite Bread A,rr,ess,4,16,0,0,0,0,
Kahtrashcan#1966,Hwite Bread A,rr,math,4,16,0,0,1,-4,
Kahtrashcan#1966,Hwite Bread A,rr,physics,4,16,4,1,1,12,
Yudhiish#1793,JP Stevens 2,rr,overall,4,92,2,10,0,8,
Yudhiish#1793,JP Stevens 2,rr,biology,4,16,1,2,0,4,
Yudhiish#1793,JP Stevens 2,rr,chemistry,4,16,0,1,0,0,
Yudhiish#1793,JP Stevens 2,rr,energy,4,12,1,1,0,4,
Yudhiish#1793,JP Stevens 2,rr,ess,4,16,0,2,0,0,
Yudhiish#1793,JP Stevens 2,rr,math,4,16,0,3,0,0,
Yudhiish#1793,JP Stevens 2,rr,physics,4,16,0,1,0,0,
Toofa#6177,Hwite Bread B,rr,overall,5,105,4,3,2,8,
Toofa#6177,Hwite Bread B,rr,biology,5,18,0,0,0,0,
Toofa#6177,Hwite Bread B,rr,chemistry,5,18,2,0,1,4,
Toofa#6177,Hwite Bread B,rr,energy,5,14,0,1,1,-4,
Toofa#6177,Hwite Bread B,rr,ess,5,18,0,0,0,0,
Toofa#6177,Hwite Bread B,rr,math,5,18,1,0,0,4,
Toofa#6177,Hwite Bread B,rr,physics,5,18,1,2,0,4,
Eknoor Dhaliwal#2095,JP Stevens 4,rr,overall,5,115,2,1,0,8,
Eknoor Dhaliwal#2095,JP Stevens 4,rr,biology,5,20,0,0,0,0,
Eknoor Dhaliwal#2095,JP Stevens 4,rr,chemistry,5,20,0,1,0,0,
Eknoor Dhaliwal#2095,JP Stevens 4,rr,energy,5,15,1,0,0,4,
Eknoor Dhaliwal#2095,JP Stevens 4,rr,ess,5,20,0,0,0,0,
Eknoor Dhaliwal#2095,JP Stevens 4,rr,math,5,20,0,0,0,0,
Eknoor Dhaliwal#2095,JP Stevens 4,rr,physics,5,20,1,0,0,4,
Irrelevant#8959,Harker Hawks,rr,overall,5,115,2,3,0,8,
Irrelevant#8959,Harker Hawks,rr,biology,5,20,1,1,0,4,
Irrelevant#8959,Harker Hawks,rr,chemistry,5,20,1,1,0,4,
Irrelevant#8959,Harker Hawks,rr,energy,5,15,0,0,0,0,
Irrelevant#8959,Harker Hawks,rr,ess,5,20,0,1,0,0,
Irrelevant#8959,Harker Hawks,rr,math,5,20,0,0,0,0,
Irrelevant#8959,Harker Hawks,rr,physics,5,20,0,0,0,0,
Chris.Io#3232,Westy Besties,rr,overall,5,115,3,6,1,8,
Chris.Io#3232,Westy Besties,rr,biology,5,20,0,0,0,0,
Chris.Io#3232,Westy Besties,rr,chemistry,5,20,0,1,0,0,
Chris.Io#3232,Westy Besties,rr,energy,5,15,0,0,0,0,
Chris.Io#3232,Westy Besties,rr,ess,5,20,0,0,0,0,
Chris.Io#3232,Westy Besties,rr,math,5,20,0,2,1,-4,
Chris.Io#3232,Westy Besties,rr,physics,5,20,3,3,0,12,
Dekiofsa#9555,Names Are Hard,rr,overall,5,115,2,0,0,8,
Dekiofsa#9555,Names Are Hard,rr,biology,5,20,0,0,0,0,
Dekiofsa#9555,Names Are Hard,rr,chemistry,5,20,0,0,0,0,
Dekiofsa#9555,Names Are Hard,rr,energy,5,15,1,0,0,4,
Dekiofsa#9555,Names Are Hard,rr,ess,5,20,1,0,0,4,
Dekiofsa#9555,Names Are Hard,rr,math,5,20,0,0,0,0,
Dekiofsa#9555,Names Are Hard,rr,physics,5,20,0,0,0,0,
Lagisnotreal No#8402,Eagle Talon,rr,overall,5,115,2,5,0,8,
Lagisnotreal No#8402,Eagle Talon,rr,biology,5,20,0,0,0,0,
Lagisnotreal No#8402,Eagle Talon,rr,chemistry,5,20,0,0,0,0,
Lagisnotreal No#8402,Eagle Talon,rr,energy,5,15,0,0,0,0,
Lagisnotreal No#8402,Eagle Talon,rr,ess,5,20,0,1,0,0,
Lagisnotreal No#8402,Eagle Talon,rr,math,5,20,2,2,0,8,
Lagisnotreal No#8402,Eagle Talon,rr,physics,5,20,0,2,0,0,
Hk1290#4554,River-Hawks-B,rr,overall,5,115,2,3,0,8,
Hk1290#4554,River-Hawks-B,rr,biology,5,20,0,0,0,0,
Hk1290#4554,River-Hawks-B,rr,chemistry,5,20,0,0,0,0,
Hk1290#4554,River-Hawks-B,rr,energy,5,15,0,1,0,0,
Hk1290#4554,River-Hawks-B,rr,ess,5,20,0,0,0,0,
Hk1290#4554,River-Hawks-B,rr,math,5,20,1,1,0,4,
Hk1290#4554,River-Hawks-B,rr,physics,5,20,1,1,0,4,
Aloevera#6675,Ammoniyum,rr,overall,6,138,2,6,0,8,
Aloevera#6675,Ammoniyum,rr,biology,6,24,0,3,0,0,
Aloevera#6675,Ammoniyum,rr,chemistry,6,24,0,0,0,0,
Aloevera#6675,Ammoniyum,rr,energy,6,18,1,0,0,4,
Aloevera#6675,Ammoniyum,rr,ess,6,24,1,0,0,4,
Aloevera#6675,Ammoniyum,rr,math,6,24,0,0,0,0,
Aloevera#6675,Ammoniyum,rr,physics,6,24,0,3,0,0,
Titanium 47#4982,Reddy 1,rr,overall,3,69,1,6,0,4,
Titanium 47#4982,Reddy 1,rr,biology,3,12,0,4,0,0,
Titanium 47#4982,Reddy 1,rr,chemistry,3,12,1,1,0,4,
Titanium 47#4982,Reddy 1,rr,energy,3,9,0,0,0,0,
Titanium 47#4982,Reddy 1,rr,ess,3,12,0,1,0,0,
Titanium 47#4982,Reddy 1,rr,math,3,12,0,0,0,0,
Titanium 47#4982,Reddy 1,rr,physics,3,12,0,0,0,0,
Stormtorch#1128,Panthers,rr,overall,6,138,2,3,0,8,
Stormtorch#1128,Panthers,rr,biology,6,24,1,0,0,4,
Stormtorch#1128,Panthers,rr,chemistry,6,24,0,1,0,0,
Stormtorch#1128,Panthers,rr,energy,6,18,0,1,0,0,
Stormtorch#1128,Panthers,rr,ess,6,24,1,0,0,4,
Stormtorch#1128,Panthers,rr,math,6,24,0,0,0,0,
Stormtorch#1128,Panthers,rr,physics,6,24,0,1,0,0,
Sovereign#0964,Scioly,rr,overall,6,138,2,4,0,8,
Sovereign#0964,Scioly,rr,biology,6,24,0,0,0,0,
Sovereign#0964,Scioly,rr,chemistry,6,24,0,1,0,0,
Sovereign#0964,Scioly,rr,energy,6,18,1,1,0,4,
Sovereign#0964,Scioly,rr,ess,6,24,1,0,0,4,
Sovereign#0964,Scioly,rr,math,6,24,0,1,0,0,
Sovereign#0964,Scioly,rr,physics,6,24,0,1,0,0,
Nacl#4068,Jams Knights,rr,overall,6,138,3,11,1,8,
Nacl#4068,Jams Knights,rr,biology,6,24,2,1,0,8,
Nacl#4068,Jams Knights,rr,chemistry,6,24,0,2,0,0,
Nacl#4068,Jams Knights,rr,energy,6,18,0,2,1,-4,
Nacl#4068,Jams Knights,rr,ess,6,24,0,2,0,0,
Nacl#4068,Jams Knights,rr,math,6,24,1,1,0,4,
Nacl#4068,Jams Knights,rr,physics,6,24,0,3,0,0,
Hriday#2679,Lex E (Con),rr,overall,3,69,2,1,1,4,
Hriday#2679,Lex E (Con),rr,biology,3,12,1,0,0,4,
Hriday#2679,Lex E (Con),rr,chemistry,3,12,0,0,0,0,
Hriday#2679,Lex E (Con),rr,energy,3,9,1,1,0,4,
Hriday#2679,Lex E (Con),rr,ess,3,12,0,0,0,0,
Hriday#2679,Lex E (Con),rr,math,3,12,0,0,1,-4,
Hriday#2679,Lex E (Con),rr,physics,3,12,0,0,0,0,
Rishii#2577,Scarlet-Pixels,rr,overall,3,69,1,5,0,4,
Rishii#2577,Scarlet-Pixels,rr,biology,3,12,1,3,0,4,
Rishii#2577,Scarlet-Pixels,rr,chemistry,3,12,0,0,0,0,
Rishii#2577,Scarlet-Pixels,rr,energy,3,9,0,1,0,0,
Rishii#2577,Scarlet-Pixels,rr,ess,3,12,0,0,0,0,
Rishii#2577,Scarlet-Pixels,rr,math,3,12,0,0,0,0,
Rishii#2577,Scarlet-Pixels,rr,physics,3,12,0,1,0,0,
Tencor7144#2297,Idiom,rr,overall,3,69,1,0,0,4,
Tencor7144#2297,Idiom,rr,biology,3,12,1,0,0,4,
Tencor7144#2297,Idiom,rr,chemistry,3,12,0,0,0,0,
Tencor7144#2297,Idiom,rr,energy,3,9,0,0,0,0,
Tencor7144#2297,Idiom,rr,ess,3,12,0,0,0,0,
Tencor7144#2297,Idiom,rr,math,3,12,0,0,0,0,
Tencor7144#2297,Idiom,rr,physics,3,12,0,0,0,0,
Da Butterfly#3993,Eeeeyaaaa,rr,overall,3,69,1,3,0,4,
Da Butterfly#3993,Eeeeyaaaa,rr,biology,3,12,0,1,0,0,
Da Butterfly#3993,Eeeeyaaaa,rr,chemistry,3,12,1,0,0,4,
Da Butterfly#3993,Eeeeyaaaa,rr,energy,3,9,0,1,0,0,
Da Butterfly#3993,Eeeeyaaaa,rr,ess,3,12,0,0,0,0,
Da Butterfly#3993,Eeeeyaaaa,rr,math,3,12,0,0,0,0,
Da Butterfly#3993,Eeeeyaaaa,rr,physics,3,12,0,1,0,0,
33496#1463,Pikmd,rr,overall,3,69,1,3,0,4,
33496#1463,Pikmd,rr,biology,3,12,0,1,0,0,
33496#1463,Pikmd,rr,chemistry,3,12,1,1,0,4,
33496#1463,Pikmd,rr,energy,3,9,0,1,0,0,
33496#1463,Pikmd,rr,ess,3,12,0,0,0,0,
33496#1463,Pikmd,rr,math,3,12,0,0,0,0,
33496#1463,Pikmd,rr,physics,3,12,0,0,0,0,
Ian Yoon#3710,Scioly,rr,overall,7,161,2,16,0,8,
Ian Yoon#3710,Scioly,rr,biology,7,28,0,0,0,0,
Ian Yoon#3710,Scioly,rr,chemistry,7,28,0,2,0,0,
Ian Yoon#3710,Scioly,rr,energy,7,21,0,0,0,0,
Ian Yoon#3710,Scioly,rr,ess,7,28,1,9,0,4,
Ian Yoon#3710,Scioly,rr,math,7,28,0,3,0,0,
Ian Yoon#3710,Scioly,rr,physics,7,28,1,2,0,4,
Charcoal#1181,Non-Simps + Vishwa,rr,overall,7,161,2,13,0,8,
Charcoal#1181,Non-Simps + Vishwa,rr,biology,7,28,0,0,0,0,
Charcoal#1181,Non-Simps + Vishwa,rr,chemistry,7,28,1,4,0,4,
Charcoal#1181,Non-Simps + Vishwa,rr,energy,7,21,0,3,0,0,
Charcoal#1181,Non-Simps + Vishwa,rr,ess,7,28,0,1,0,0,
Charcoal#1181,Non-Simps + Vishwa,rr,math,7,28,0,1,0,0,
Charcoal#1181,Non-Simps + Vishwa,rr,physics,7,28,1,4,0,4,
Olivia#7077,Knights,rr,overall,4,92,1,2,0,4,
Olivia#7077,Knights,rr,biology,4,16,1,1,0,4,
Olivia#7077,Knights,rr,chemistry,4,16,0,0,0,0,
Olivia#7077,Knights,rr,energy,4,12,0,1,0,0,
Olivia#7077,Knights,rr,ess,4,16,0,0,0,0,
Olivia#7077,Knights,rr,math,4,16,0,0,0,0,
Olivia#7077,Knights,rr,physics,4,16,0,0,0,0,
Jude#4011,Crimson-Pixels,rr,overall,4,92,1,9,0,4,
Jude#4011,Crimson-Pixels,rr,biology,4,16,0,0,0,0,
Jude#4011,Crimson-Pixels,rr,chemistry,4,16,0,3,0,0,
Jude#4011,Crimson-Pixels,rr,energy,4,12,1,1,0,4,
Jude#4011,Crimson-Pixels,rr,ess,4,16,0,2,0,0,
Jude#4011,Crimson-Pixels,rr,math,4,16,0,0,0,0,
Jude#4011,Crimson-Pixels,rr,physics,4,16,0,3,0,0,
Cindy#8037,Lovelace Leaf,rr,overall,4,92,1,4,0,4,
Cindy#8037,Lovelace Leaf,rr,biology,4,16,0,0,0,0,
Cindy#8037,Lovelace Leaf,rr,chemistry,4,16,0,0,0,0,
Cindy#8037,Lovelace Leaf,rr,energy,4,12,0,1,0,0,
Cindy#8037,Lovelace Leaf,rr,ess,4,16,0,0,0,0,
Cindy#8037,Lovelace Leaf,rr,math,4,16,1,2,0,4,
Cindy#8037,Lovelace Leaf,rr,physics,4,16,0,1,0,0,
Jonathan Hu#9386,Sodium Hypobromite,rr,overall,4,92,1,1,0,4,
Jonathan Hu#9386,Sodium Hypobromite,rr,biology,4,16,0,0,0,0,
Jonathan Hu#9386,Sodium Hypobromite,rr,chemistry,4,16,0,0,0,0,
Jonathan Hu#9386,Sodium Hypobromite,rr,energy,4,12,1,0,0,4,
Jonathan Hu#9386,Sodium Hypobromite,rr,ess,4,16,0,0,0,0,
Jonathan Hu#9386,Sodium Hypobromite,rr,math,4,16,0,0,0,0,
Jonathan Hu#9386,Sodium Hypobromite,rr,physics,4,16,0,1,0,0,
Lucy Wang#8863,Idiom,rr,overall,5,115,1,2,0,4,
Lucy Wang#8863,Idiom,rr,biology,5,20,0,0,0,0,
Lucy Wang#8863,Idiom,rr,chemistry,5,20,1,1,0,4,
Lucy Wang#8863,Idiom,rr,energy,5,15,0,1,0,0,
Lucy Wang#8863,Idiom,rr,ess,5,20,0,0,0,0,
Lucy Wang#8863,Idiom,rr,math,5,20,0,0,0,0,
Lucy Wang#8863,Idiom,rr,physics,5,20,0,0,0,0,
Shlokypoky#9182,Big Dippers,rr,overall,5,115,3,6,2,4,
Shlokypoky#9182,Big Dippers,rr,biology,5,20,1,0,0,4,
Shlokypoky#9182,Big Dippers,rr,chemistry,5,20,0,1,0,0,
Shlokypoky#9182,Big Dippers,rr,energy,5,15,0,0,0,0,
Shlokypoky#9182,Big Dippers,rr,ess,5,20,0,5,2,-8,
Shlokypoky#9182,Big Dippers,rr,math,5,20,0,0,0,0,
Shlokypoky#9182,Big Dippers,rr,physics,5,20,2,0,0,8,
Cationic#6041,Harker Hawks,rr,overall,5,115,2,3,1,4,
Cationic#6041,Harker Hawks,rr,biology,5,20,0,0,0,0,
Cationic#6041,Harker Hawks,rr,chemistry,5,20,0,1,0,0,
Cationic#6041,Harker Hawks,rr,energy,5,15,0,1,1,-4,
Cationic#6041,Harker Hawks,rr,ess,5,20,0,1,0,0,
Cationic#6041,Harker Hawks,rr,math,5,20,1,0,0,4,
Cationic#6041,Harker Hawks,rr,physics,5,20,1,0,0,4,
Mr_67#1546,Barometer Juice (Rimin..),rr,overall,5,115,1,0,0,4,
Mr_67#1546,Barometer Juice (Rimin..),rr,biology,5,20,0,0,0,0,
Mr_67#1546,Barometer Juice (Rimin..),rr,chemistry,5,20,0,0,0,0,
Mr_67#1546,Barometer Juice (Rimin..),rr,energy,5,15,0,0,0,0,
Mr_67#1546,Barometer Juice (Rimin..),rr,ess,5,20,0,0,0,0,
Mr_67#1546,Barometer Juice (Rimin..),rr,math,5,20,1,0,0,4,
Mr_67#1546,Barometer Juice (Rimin..),rr,physics,5,20,0,0,0,0,
Seaotter#8353,Centennial,rr,overall,5,103,3,2,2,4,
Seaotter#8353,Centennial,rr,biology,5,18,0,0,0,0,
Seaotter#8353,Centennial,rr,chemistry,5,18,0,0,0,0,
Seaotter#8353,Centennial,rr,energy,5,13,0,0,1,-4,
Seaotter#8353,Centennial,rr,ess,5,18,3,2,1,8,
Seaotter#8353,Centennial,rr,math,5,18,0,0,0,0,
Seaotter#8353,Centennial,rr,physics,5,18,0,0,0,0,
Ingeniouscod#5898,JP Stevens 4,rr,overall,6,138,1,5,0,4,
Ingeniouscod#5898,JP Stevens 4,rr,biology,6,24,0,1,0,0,
Ingeniouscod#5898,JP Stevens 4,rr,chemistry,6,24,0,0,0,0,
Ingeniouscod#5898,JP Stevens 4,rr,energy,6,18,0,0,0,0,
Ingeniouscod#5898,JP Stevens 4,rr,ess,6,24,0,1,0,0,
Ingeniouscod#5898,JP Stevens 4,rr,math,6,24,0,2,0,0,
Ingeniouscod#5898,JP Stevens 4,rr,physics,6,24,1,1,0,4,
Tridant#9903,Jcc,rr,overall,6,138,1,8,0,4,
Tridant#9903,Jcc,rr,biology,6,24,1,0,0,4,
Tridant#9903,Jcc,rr,chemistry,6,24,0,2,0,0,
Tridant#9903,Jcc,rr,energy,6,18,0,3,0,0,
Tridant#9903,Jcc,rr,ess,6,24,0,1,0,0,
Tridant#9903,Jcc,rr,math,6,24,0,1,0,0,
Tridant#9903,Jcc,rr,physics,6,24,0,1,0,0,
Xplt#4416,Exploding Kittens,rr,overall,6,138,2,4,1,4,
Xplt#4416,Exploding Kittens,rr,biology,6,24,0,0,0,0,
Xplt#4416,Exploding Kittens,rr,chemistry,6,24,0,0,0,0,
Xplt#4416,Exploding Kittens,rr,energy,6,18,0,0,0,0,
Xplt#4416,Exploding Kittens,rr,ess,6,24,0,1,1,-4,
Xplt#4416,Exploding Kittens,rr,math,6,24,2,3,0,8,
Xplt#4416,Exploding Kittens,rr,physics,6,24,0,0,0,0,
Yak$H#5709,Asle(Acid Sounds Like Electricity),rr,overall,7,161,1,4,0,4,
Yak$H#5709,Asle(Acid Sounds Like Electricity),rr,biology,7,28,1,2,0,4,
Yak$H#5709,Asle(Acid Sounds Like Electricity),rr,chemistry,7,28,0,0,0,0,
Yak$H#5709,Asle(Acid Sounds Like Electricity),rr,energy,7,21,0,1,0,0,
Yak$H#5709,Asle(Acid Sounds Like Electricity),rr,ess,7,28,0,1,0,0,
Yak$H#5709,Asle(Acid Sounds Like Electricity),rr,math,7,28,0,0,0,0,
Yak$H#5709,Asle(Acid Sounds Like Electricity),rr,physics,7,28,0,0,0,0,
Shinybro64#1122,Non-Simps + Vishwa,rr,overall,7,150,1,28,0,4,
Shinybro64#1122,Non-Simps + Vishwa,rr,biology,7,26,0,5,0,0,
Shinybro64#1122,Non-Simps + Vishwa,rr,chemistry,7,26,0,4,0,0,
Shinybro64#1122,Non-Simps + Vishwa,rr,energy,7,20,0,6,0,0,
Shinybro64#1122,Non-Simps + Vishwa,rr,ess,7,26,0,7,0,0,
Shinybro64#1122,Non-Simps + Vishwa,rr,math,7,26,0,1,0,0,
Shinybro64#1122,Non-Simps + Vishwa,rr,physics,7,26,1,5,0,4,
Harold#0240,Lynbrook C,rr,overall,2,46,2,2,2,0,
Harold#0240,Lynbrook C,rr,biology,2,8,2,0,1,4,
Harold#0240,Lynbrook C,rr,chemistry,2,8,0,0,0,0,
Harold#0240,Lynbrook C,rr,energy,2,6,0,1,0,0,
Harold#0240,Lynbrook C,rr,ess,2,8,0,0,1,-4,
Harold#0240,Lynbrook C,rr,math,2,8,0,0,0,0,
Harold#0240,Lynbrook C,rr,physics,2,8,0,1,0,0,
Vibhore#7278,Hwite Bread C,rr,overall,2,46,0,1,0,0,
Vibhore#7278,Hwite Bread C,rr,biology,2,8,0,0,0,0,
Vibhore#7278,Hwite Bread C,rr,chemistry,2,8,0,0,0,0,
Vibhore#7278,Hwite Bread C,rr,energy,2,6,0,1,0,0,
Vibhore#7278,Hwite Bread C,rr,ess,2,8,0,0,0,0,
Vibhore#7278,Hwite Bread C,rr,math,2,8,0,0,0,0,
Vibhore#7278,Hwite Bread C,rr,physics,2,8,0,0,0,0,
Wesley Wong#5216,JP Stevens 4,rr,overall,6,138,0,2,0,0,
Wesley Wong#5216,JP Stevens 4,rr,biology,6,24,0,0,0,0,
Wesley Wong#5216,JP Stevens 4,rr,chemistry,6,24,0,0,0,0,
Wesley Wong#5216,JP Stevens 4,rr,energy,6,18,0,0,0,0,
Wesley Wong#5216,JP Stevens 4,rr,ess,6,24,0,1,0,0,
Wesley Wong#5216,JP Stevens 4,rr,math,6,24,0,0,0,0,
Wesley Wong#5216,JP Stevens 4,rr,physics,6,24,0,1,0,0,
The Weeknd#0923,Little Dippers,rr,overall,3,69,0,3,0,0,
The Weeknd#0923,Little Dippers,rr,biology,3,12,0,0,0,0,
The Weeknd#0923,Little Dippers,rr,chemistry,3,12,0,0,0,0,
The Weeknd#0923,Little Dippers,rr,energy,3,9,0,0,0,0,
The Weeknd#0923,Little Dippers,rr,ess,3,12,0,1,0,0,
The Weeknd#0923,Little Dippers,rr,math,3,12,0,0,0,0,
The Weeknd#0923,Little Dippers,rr,physics,3,12,0,2,0,0,
Kowaree#1101,Kdjhs,rr,overall,4,80,1,3,1,0,
Kowaree#1101,Kdjhs,rr,biology,4,14,1,1,1,0,
Kowaree#1101,Kdjhs,rr,chemistry,4,14,0,0,0,0,
Kowaree#1101,Kdjhs,rr,energy,4,10,0,0,0,0,
Kowaree#1101,Kdjhs,rr,ess,4,14,0,0,0,0,
Kowaree#1101,Kdjhs,rr,math,4,14,0,0,0,0,
Kowaree#1101,Kdjhs,rr,physics,4,14,0,2,0,0,
Ay#0815,Jca,rr,overall,1,23,0,4,0,0,
Ay#0815,Jca,rr,biology,1,4,0,0,0,0,
Ay#0815,Jca,rr,chemistry,1,4,0,0,0,0,
Ay#0815,Jca,rr,energy,1,3,0,1,0,0,
Ay#0815,Jca,rr,ess,1,4,0,3,0,0,
Ay#0815,Jca,rr,math,1,4,0,0,0,0,
Ay#0815,Jca,rr,physics,1,4,0,0,0,0,
Supergremlin#7895,Yeetus Thy Fetus,rr,overall,2,46,1,6,1,0,
Supergremlin#7895,Yeetus Thy Fetus,rr,biology,2,8,0,0,0,0,
Supergremlin#7895,Yeetus Thy Fetus,rr,chemistry,2,8,0,1,0,0,
Supergremlin#7895,Yeetus Thy Fetus,rr,energy,2,6,0,0,0,0,
Supergremlin#7895,Yeetus Thy Fetus,rr,ess,2,8,1,2,1,0,
Supergremlin#7895,Yeetus Thy Fetus,rr,math,2,8,0,1,0,0,
Supergremlin#7895,Yeetus Thy Fetus,rr,physics,2,8,0,2,0,0,
Aditie#1334,Campbell Soup,rr,overall,5,115,1,0,1,0,
Aditie#1334,Campbell Soup,rr,biology,5,20,0,0,0,0,
Aditie#1334,Campbell Soup,rr,chemistry,5,20,1,0,0,4,
Aditie#1334,Campbell Soup,rr,energy,5,15,0,0,0,0,
Aditie#1334,Campbell Soup,rr,ess,5,20,0,0,0,0,
Aditie#1334,Campbell Soup,rr,math,5,20,0,0,1,-4,
Aditie#1334,Campbell Soup,rr,physics,5,20,0,0,0,0,
Amsterdam#3552,Crimson-Pixels,rr,overall,2,46,0,5,0,0,
Amsterdam#3552,Crimson-Pixels,rr,biology,2,8,0,1,0,0,
Amsterdam#3552,Crimson-Pixels,rr,chemistry,2,8,0,0,0,0,
Amsterdam#3552,Crimson-Pixels,rr,energy,2,6,0,0,0,0,
Amsterdam#3552,Crimson-Pixels,rr,ess,2,8,0,3,0,0,
Amsterdam#3552,Crimson-Pixels,rr,math,2,8,0,0,0,0,
Amsterdam#3552,Crimson-Pixels,rr,physics,2,8,0,1,0,0,
Namita#8218,Los Niños,rr,overall,4,92,1,7,1,0,
Namita#8218,Los Niños,rr,biology,4,16,0,1,1,-4,
Namita#8218,Los Niños,rr,chemistry,4,16,0,0,0,0,
Namita#8218,Los Niños,rr,energy,4,12,0,0,0,0,
Namita#8218,Los Niños,rr,ess,4,16,1,5,0,4,
Namita#8218,Los Niños,rr,math,4,16,0,0,0,0,
Namita#8218,Los Niños,rr,physics,4,16,0,1,0,0,
Sachiko#9539,Barometer Juice (Rimin..),rr,overall,4,92,0,3,0,0,
Sachiko#9539,Barometer Juice (Rimin..),rr,biology,4,16,0,2,0,0,
Sachiko#9539,Barometer Juice (Rimin..),rr,chemistry,4,16,0,1,0,0,
Sachiko#9539,Barometer Juice (Rimin..),rr,energy,4,12,0,0,0,0,
Sachiko#9539,Barometer Juice (Rimin..),rr,ess,4,16,0,0,0,0,
Sachiko#9539,Barometer Juice (Rimin..),rr,math,4,16,0,0,0,0,
Sachiko#9539,Barometer Juice (Rimin..),rr,physics,4,16,0,0,0,0,
Allusion#0092,Sodium Hypobromite,rr,overall,3,69,1,2,1,0,
Allusion#0092,Sodium Hypobromite,rr,biology,3,12,0,1,1,-4,
Allusion#0092,Sodium Hypobromite,rr,chemistry,3,12,0,0,0,0,
Allusion#0092,Sodium Hypobromite,rr,energy,3,9,0,1,0,0,
Allusion#0092,Sodium Hypobromite,rr,ess,3,12,1,0,0,4,
Allusion#0092,Sodium Hypobromite,rr,math,3,12,0,0,0,0,
Allusion#0092,Sodium Hypobromite,rr,physics,3,12,0,0,0,0,
Supersree#8620,Foot,rr,overall,1,23,0,1,0,0,
Supersree#8620,Foot,rr,biology,1,4,0,0,0,0,
Supersree#8620,Foot,rr,chemistry,1,4,0,0,0,0,
Supersree#8620,Foot,rr,energy,1,3,0,0,0,0,
Supersree#8620,Foot,rr,ess,1,4,0,0,0,0,
Supersree#8620,Foot,rr,math,1,4,0,0,0,0,
Supersree#8620,Foot,rr,physics,1,4,0,1,0,0,
Eva#1035,Lovelace Leaf,rr,overall,4,92,0,8,0,0,
Eva#1035,Lovelace Leaf,rr,biology,4,16,0,3,0,0,
Eva#1035,Lovelace Leaf,rr,chemistry,4,16,0,0,0,0,
Eva#1035,Lovelace Leaf,rr,energy,4,12,0,0,0,0,
Eva#1035,Lovelace Leaf,rr,ess,4,16,0,3,0,0,
Eva#1035,Lovelace Leaf,rr,math,4,16,0,1,0,0,
Eva#1035,Lovelace Leaf,rr,physics,4,16,0,1,0,0,
Em X#2161,Centennial,rr,overall,6,138,1,1,1,0,
Em X#2161,Centennial,rr,biology,6,24,1,1,0,4,
Em X#2161,Centennial,rr,chemistry,6,24,0,0,0,0,
Em X#2161,Centennial,rr,energy,6,18,0,0,0,0,
Em X#2161,Centennial,rr,ess,6,24,0,0,1,-4,
Em X#2161,Centennial,rr,math,6,24,0,0,0,0,
Em X#2161,Centennial,rr,physics,6,24,0,0,0,0,
Bellz#9346,Choate,rr,overall,1,23,0,1,0,0,
Bellz#9346,Choate,rr,biology,1,4,0,0,0,0,
Bellz#9346,Choate,rr,chemistry,1,4,0,0,0,0,
Bellz#9346,Choate,rr,energy,1,3,0,0,0,0,
Bellz#9346,Choate,rr,ess,1,4,0,1,0,0,
Bellz#9346,Choate,rr,math,1,4,0,0,0,0,
Bellz#9346,Choate,rr,physics,1,4,0,0,0,0,
Krimson#0249,Little Dippers,rr,overall,1,23,0,2,0,0,
Krimson#0249,Little Dippers,rr,biology,1,4,0,0,0,0,
Krimson#0249,Little Dippers,rr,chemistry,1,4,0,0,0,0,
Krimson#0249,Little Dippers,rr,energy,1,3,0,1,0,0,
Krimson#0249,Little Dippers,rr,ess,1,4,0,0,0,0,
Krimson#0249,Little Dippers,rr,math,1,4,0,1,0,0,
Krimson#0249,Little Dippers,rr,physics,1,4,0,0,0,0,
Tan#3875,The Green And White,rr,overall,1,23,0,2,0,0,
Tan#3875,The Green And White,rr,biology,1,4,0,0,0,0,
Tan#3875,The Green And White,rr,chemistry,1,4,0,0,0,0,
Tan#3875,The Green And White,rr,energy,1,3,0,0,0,0,
Tan#3875,The Green And White,rr,ess,1,4,0,2,0,0,
Tan#3875,The Green And White,rr,math,1,4,0,0,0,0,
Tan#3875,The Green And White,rr,physics,1,4,0,0,0,0,
Goyalish#9242,Darwin,rr,overall,6,138,1,7,2,-4,
Goyalish#9242,Darwin,rr,biology,6,24,0,1,0,0,
Goyalish#9242,Darwin,rr,chemistry,6,24,0,1,0,0,
Goyalish#9242,Darwin,rr,energy,6,18,0,0,1,-4,
Goyalish#9242,Darwin,rr,ess,6,24,1,3,0,4,
Goyalish#9242,Darwin,rr,math,6,24,0,1,0,0,
Goyalish#9242,Darwin,rr,physics,6,24,0,1,1,-4,
Sia #4855,Lynbrook C,rr,overall,3,69,0,3,1,-4,
Sia #4855,Lynbrook C,rr,biology,3,12,0,1,0,0,
Sia #4855,Lynbrook C,rr,chemistry,3,12,0,0,0,0,
Sia #4855,Lynbrook C,rr,energy,3,9,0,0,1,-4,
Sia #4855,Lynbrook C,rr,ess,3,12,0,0,0,0,
Sia #4855,Lynbrook C,rr,math,3,12,0,0,0,0,
Sia #4855,Lynbrook C,rr,physics,3,12,0,2,0,0,
Theenash Sengupta#0096,Harker Hawks,rr,overall,4,92,5,30,7,-8,
Theenash Sengupta#0096,Harker Hawks,rr,biology,4,16,1,4,2,-4,
Theenash Sengupta#0096,Harker Hawks,rr,chemistry,4,16,0,6,0,0,
Theenash Sengupta#0096,Harker Hawks,rr,energy,4,12,1,2,1,0,
Theenash Sengupta#0096,Harker Hawks,rr,ess,4,16,1,8,2,-4,
Theenash Sengupta#0096,Harker Hawks,rr,math,4,16,1,4,1,0,
Theenash Sengupta#0096,Harker Hawks,rr,physics,4,16,1,6,1,0,
Anibro#5690,Harker Hawks,rr,overall,2,46,3,6,4,-4,
Anibro#5690,Harker Hawks,rr,biology,2,8,1,0,1,0,
Anibro#5690,Harker Hawks,rr,chemistry,2,8,1,1,0,4,
Anibro#5690,Harker Hawks,rr,energy,2,6,1,0,1,0,
Anibro#5690,Harker Hawks,rr,ess,2,8,0,2,1,-4,
Anibro#5690,Harker Hawks,rr,math,2,8,0,0,1,-4,
Anibro#5690,Harker Hawks,rr,physics,2,8,0,3,0,0,
Blu#2410,Foot,rr,overall,1,23,0,0,1,-4,
Blu#2410,Foot,rr,biology,1,4,0,0,1,-4,
Blu#2410,Foot,rr,chemistry,1,4,0,0,0,0,
Blu#2410,Foot,rr,energy,1,3,0,0,0,0,
Blu#2410,Foot,rr,ess,1,4,0,0,0,0,
Blu#2410,Foot,rr,math,1,4,0,0,0,0,
Blu#2410,Foot,rr,physics,1,4,0,0,0,0,
