player,team,scope,subject,gp,tuh,correct,zeros,negs,points,ppg
Anurag Sodhi,Centennial,all,overall,10,240,144,39,9,540,
Anurag Sodhi,Centennial,all,other,10,40,20,6,1,76,
Anurag Sodhi,Centennial,all,math,10,40,16,14,2,56,
Anurag Sodhi,Centennial,all,chemistry,10,40,38,0,0,152,
Anurag Sodhi,Centennial,all,ess,10,40,21,9,2,76,
Anurag Sodhi,Centennial,all,biology,10,40,22,4,2,80,
Anurag Sodhi,Centennial,all,physics,10,40,27,6,2,100,
Kushal Aluru,JP Stevens A,all,overall,8,192,80,22,13,268,
Kushal Aluru,JP Stevens A,all,other,8,32,16,5,3,52,
Kushal Aluru,JP Stevens A,all,math,8,32,4,2,1,12,
Kushal Aluru,JP Stevens A,all,chemistry,8,32,6,3,2,16,
Kushal Aluru,JP Stevens A,all,ess,8,32,17,5,0,68,
Kushal Aluru,JP Stevens A,all,biology,8,32,20,2,6,56,
Kushal Aluru,JP Stevens A,all,physics,8,32,17,5,1,64,
Luke Mo,duPont Manual,all,overall,6,144,50,8,7,172,
Luke Mo,duPont Manual,all,other,6,24,9,2,0,36,
Luke Mo,duPont Manual,all,math,6,24,10,1,3,28,
Luke Mo,duPont Manual,all,chemistry,6,24,12,0,0,48,
Luke Mo,duPont Manual,all,ess,6,24,2,2,0,8,
Luke Mo,duPont Manual,all,biology,6,24,13,0,2,44,
Luke Mo,duPont Manual,all,physics,6,24,4,3,2,8,
Archi Prasad,Tupelo,all,overall,5,120,36,24,1,140,
Archi Prasad,Tupelo,all,other,5,20,7,4,0,28,
Archi Prasad,Tupelo,all,math,5,20,8,4,1,28,
Archi Prasad,Tupelo,all,chemistry,5,20,8,6,0,32,
Archi Prasad,Tupelo,all,ess,5,20,2,1,0,8,
Archi Prasad,Tupelo,all,biology,5,20,8,3,0,32,
Archi Prasad,Tupelo,all,physics,5,20,3,6,0,12,
Caleb Zhao,Blair A,all,overall,9,216,71,6,8,252,
Caleb Zhao,Blair A,all,other,9,36,14,1,1,52,
Caleb Zhao,Blair A,all,math,9,36,0,0,0,0,
Caleb Zhao,Blair A,all,chemistry,9,36,26,1,2,96,
Caleb Zhao,Blair A,all,ess,9,36,4,2,1,12,
Caleb Zhao,Blair A,all,biology,9,36,24,2,4,80,
Caleb Zhao,Blair A,all,physics,9,36,3,0,0,12,
Vidur Kothur,Lindbergh A,all,overall,5,120,35,23,2,132,
Vidur Kothur,Lindbergh A,all,other,5,20,3,2,0,12,
Vidur Kothur,Lindbergh A,all,math,5,20,9,4,0,36,
Vidur Kothur,Lindbergh A,all,chemistry,5,20,8,4,1,28,
Vidur Kothur,Lindbergh A,all,ess,5,20,7,2,0,28,
Vidur Kothur,Lindbergh A,all,biology,5,20,4,4,0,16,
Vidur Kothur,Lindbergh A,all,physics,5,20,4,7,1,12,
Daniel Jung,Lexington B,all,overall,7,168,50,12,4,184,
Daniel Jung,Lexington B,all,other,7,28,13,1,0,52,
Daniel Jung,Lexington B,all,math,7,28,0,0,0,0,
Daniel Jung,Lexington B,all,chemistry,7,28,10,4,0,40,
Daniel Jung,Lexington B,all,ess,7,28,19,3,2,68,
Daniel Jung,Lexington B,all,biology,7,28,8,2,2,24,
Daniel Jung,Lexington B,all,physics,7,28,0,2,0,0,
Sharvaa Selvan,AHS Broward A,all,overall,6,144,39,23,0,156,
Sharvaa Selvan,AHS Broward A,all,other,6,24,4,1,0,16,
Sharvaa Selvan,AHS Broward A,all,math,6,24,9,5,0,36,
Sharvaa Selvan,AHS Broward A,all,chemistry,6,24,17,3,0,68,
Sharvaa Selvan,AHS Broward A,all,ess,6,24,2,9,0,8,
Sharvaa Selvan,AHS Broward A,all,biology,6,24,1,1,0,4,
Sharvaa Selvan,AHS Broward A,all,physics,6,24,6,4,0,24,
Vinay Menon,Edison B,all,overall,5,120,32,20,0,128,
Vinay Menon,Edison B,all,other,5,20,7,6,0,28,
Vinay Menon,Edison B,all,math,5,20,4,4,0,16,
Vinay Menon,Edison B,all,chemistry,5,20,2,2,0,8,
Vinay Menon,Edison B,all,ess,5,20,5,3,0,20,
Vinay Menon,Edison B,all,biology,5,20,8,0,0,32,
Vinay Menon,Edison B,all,physics,5,20,6,5,0,24,
Viraj Negandhi,Dulles A,all,overall,10,240,67,13,3,256,
Viraj Negandhi,Dulles A,all,other,10,40,9,3,1,32,
Viraj Negandhi,Dulles A,all,math,10,40,8,0,0,32,
Viraj Negandhi,Dulles A,all,chemistry,10,40,20,4,1,76,
Viraj Negandhi,Dulles A,all,ess,10,40,13,1,0,52,
Viraj Negandhi,Dulles A,all,biology,10,40,7,3,0,28,
Viraj Negandhi,Dulles A,all,physics,10,40,10,2,1,36,
Jeffrey Huang,Wayland A,all,overall,4,96,24,19,0,96,
Jeffrey Huang,Wayland A,all,other,4,16,2,3,0,8,
Jeffrey Huang,Wayland A,all,math,4,16,7,3,0,28,
Jeffrey Huang,Wayland A,all,chemistry,4,16,6,3,0,24,
Jeffrey Huang,Wayland A,all,ess,4,16,4,5,0,16,
Jeffrey Huang,Wayland A,all,biology,4,16,2,0,0,8,
Jeffrey Huang,Wayland A,all,physics,4,16,3,5,0,12,
MASON,Westminster,all,overall,9,216,61,21,9,208,
MASON,Westminster,all,other,9,36,8,9,2,24,
MASON,Westminster,all,math,9,36,3,1,1,8,
MASON,Westminster,all,chemistry,9,36,1,0,0,4,
MASON,Westminster,all,ess,9,36,23,8,3,80,
MASON,Westminster,all,biology,9,36,22,2,2,80,
MASON,Westminster,all,physics,9,36,4,1,1,12,
Coston Autry,Maryville B,all,overall,5,120,37,26,9,112,
Coston Autry,Maryville B,all,other,5,20,6,4,1,20,
Coston Autry,Maryville B,all,math,5,20,5,2,0,20,
Coston Autry,Maryville B,all,chemistry,5,20,4,6,4,0,
Coston Autry,Maryville B,all,ess,5,20,7,3,1,24,
Coston Autry,Maryville B,all,biology,5,20,12,4,2,40,
Coston Autry,Maryville B,all,physics,5,20,3,7,1,8,
Andrey Nikitin,Buchholz A,all,overall,9,216,62,12,12,200,
Andrey Nikitin,Buchholz A,all,other,9,36,12,3,3,36,
Andrey Nikitin,Buchholz A,all,math,9,36,5,0,1,16,
Andrey Nikitin,Buchholz A,all,chemistry,9,36,1,0,0,4,
Andrey Nikitin,Buchholz A,all,ess,9,36,14,4,5,36,
Andrey Nikitin,Buchholz A,all,biology,9,36,23,4,2,84,
Andrey Nikitin,Buchholz A,all,physics,9,36,7,1,1,24,
Hassan Rizwan,MCA,all,overall,6,144,33,19,0,132,
Hassan Rizwan,MCA,all,other,6,24,4,2,0,16,
Hassan Rizwan,MCA,all,math,6,24,4,0,0,16,
Hassan Rizwan,MCA,all,chemistry,6,24,11,2,0,44,
Hassan Rizwan,MCA,all,ess,6,24,3,5,0,12,
Hassan Rizwan,MCA,all,biology,6,24,4,4,0,16,
Hassan Rizwan,MCA,all,physics,6,24,7,6,0,28,
Saheb Gulati,SCDS,all,overall,4,96,24,19,2,88,
Saheb Gulati,SCDS,all,other,4,16,5,4,0,20,
Saheb Gulati,SCDS,all,math,4,16,6,3,0,24,
Saheb Gulati,SCDS,all,chemistry,4,16,0,3,0,0,
Saheb Gulati,SCDS,all,ess,4,16,11,2,0,44,
Saheb Gulati,SCDS,all,biology,4,16,1,3,1,0,
Saheb Gulati,SCDS,all,physics,4,16,1,4,1,0,
Jeffery Tong,Naperville North A,all,overall,6,144,32,18,0,128,
Jeffery Tong,Naperville North A,all,other,6,24,4,4,0,16,
Jeffery Tong,Naperville North A,all,math,6,24,1,1,0,4,
Jeffery Tong,Naperville North A,all,chemistry,6,24,10,5,0,40,
Jeffery Tong,Naperville North A,all,ess,6,24,6,0,0,24,
Jeffery Tong,Naperville North A,all,biology,6,24,9,3,0,36,
Jeffery Tong,Naperville North A,all,physics,6,24,2,5,0,8,
Eli Mrug,ASFA A,all,overall,8,192,54,30,13,164,
Eli Mrug,ASFA A,all,other,8,32,10,1,3,28,
Eli Mrug,ASFA A,all,math,8,32,16,5,2,56,
Eli Mrug,ASFA A,all,chemistry,8,32,9,10,3,24,
Eli Mrug,ASFA A,all,ess,8,32,10,6,0,40,
Eli Mrug,ASFA A,all,biology,8,32,2,1,1,4,
Eli Mrug,ASFA A,all,physics,8,32,7,7,4,12,
Safal Kamath,POBJFK,all,overall,4,96,21,15,1,80,
Safal Kamath,POBJFK,all,other,4,16,1,2,0,4,
Safal Kamath,POBJFK,all,math,4,16,10,2,0,40,
Safal Kamath,POBJFK,all,chemistry,4,16,3,7,0,12,
Safal Kamath,POBJFK,all,ess,4,16,2,3,0,8,
Safal Kamath,POBJFK,all,biology,4,16,2,1,1,4,
Safal Kamath,POBJFK,all,physics,4,16,3,0,0,12,
Adithya Madduri,Maryville A,all,overall,4,96,22,21,2,80,
Adithya Madduri,Maryville A,all,other,4,16,4,3,1,12,
Adithya Madduri,Maryville A,all,math,4,16,1,4,0,4,
Adithya Madduri,Maryville A,all,chemistry,4,16,5,4,0,20,
Adithya Madduri,Maryville A,all,ess,4,16,4,2,1,12,
Adithya Madduri,Maryville A,all,biology,4,16,5,4,0,20,
Adithya Madduri,Maryville A,all,physics,4,16,3,4,0,12,
Harsh Ambardekar,Green Hope A,all,overall,7,168,38,14,3,140,
Harsh Ambardekar,Green Hope A,all,other,7,28,1,2,0,4,
Harsh Ambardekar,Green Hope A,all,math,7,28,7,5,0,28,
Harsh Ambardekar,Green Hope A,all,chemistry,7,28,3,0,0,12,
Harsh Ambardekar,Green Hope A,all,ess,7,28,18,3,2,64,
Harsh Ambardekar,Green Hope A,all,biology,7,28,0,0,0,0,
Harsh Ambardekar,Green Hope A,all,physics,7,28,9,4,1,32,
Neha Chopade,Bob Jones,all,overall,5,120,26,15,2,96,
Neha Chopade,Bob Jones,all,other,5,20,5,1,0,20,
Neha Chopade,Bob Jones,all,math,5,20,1,0,0,4,
Neha Chopade,Bob Jones,all,chemistry,5,20,6,6,1,20,
Neha Chopade,Bob Jones,all,ess,5,20,5,2,0,20,
Neha Chopade,Bob Jones,all,biology,5,20,4,2,1,12,
Neha Chopade,Bob Jones,all,physics,5,20,5,4,0,20,
Joseph Chen,RMHS A,all,overall,6,144,35,31,7,112,
Joseph Chen,RMHS A,all,other,6,24,7,7,1,24,
Joseph Chen,RMHS A,all,math,6,24,0,0,0,0,
Joseph Chen,RMHS A,all,chemistry,6,24,8,8,2,24,
Joseph Chen,RMHS A,all,ess,6,24,4,4,0,16,
Joseph Chen,RMHS A,all,biology,6,24,11,6,3,32,
Joseph Chen,RMHS A,all,physics,6,24,5,6,1,16,
NN B: Kai Liu,Naperville North B,all,overall,4,96,19,7,1,72,
NN B: Kai Liu,Naperville North B,all,other,4,16,1,1,0,4,
NN B: Kai Liu,Naperville North B,all,math,4,16,5,1,0,20,
NN B: Kai Liu,Naperville North B,all,chemistry,4,16,4,2,1,12,
NN B: Kai Liu,Naperville North B,all,ess,4,16,1,1,0,4,
NN B: Kai Liu,Naperville North B,all,biology,4,16,2,0,0,8,
NN B: Kai Liu,Naperville North B,all,physics,4,16,6,2,0,24,
Nicholas Dang,Buchholz A,all,overall,9,216,45,6,5,160,
Nicholas Dang,Buchholz A,all,other,9,36,3,1,0,12,
Nicholas Dang,Buchholz A,all,math,9,36,17,3,0,68,
Nicholas Dang,Buchholz A,all,chemistry,9,36,19,2,3,64,
Nicholas Dang,Buchholz A,all,ess,9,36,0,0,0,0,
Nicholas Dang,Buchholz A,all,biology,9,36,3,0,0,12,
Nicholas Dang,Buchholz A,all,physics,9,36,3,0,2,4,
Evin Liang,Lexington A,all,overall,12,288,63,14,10,212,
Evin Liang,Lexington A,all,other,12,48,12,1,3,36,
Evin Liang,Lexington A,all,math,12,48,17,3,2,60,
Evin Liang,Lexington A,all,chemistry,12,48,4,1,2,8,
Evin Liang,Lexington A,all,ess,12,48,8,2,1,28,
Evin Liang,Lexington A,all,biology,12,48,3,1,0,12,
Evin Liang,Lexington A,all,physics,12,48,19,6,2,68,
Vibav Tammisetti,Rickards,all,overall,4,96,19,12,2,68,
Vibav Tammisetti,Rickards,all,other,4,16,4,2,1,12,
Vibav Tammisetti,Rickards,all,math,4,16,5,3,0,20,
Vibav Tammisetti,Rickards,all,chemistry,4,16,0,1,0,0,
Vibav Tammisetti,Rickards,all,ess,4,16,2,2,1,4,
Vibav Tammisetti,Rickards,all,biology,4,16,6,0,0,24,
Vibav Tammisetti,Rickards,all,physics,4,16,2,4,0,8,
Ryan Eto,Iolani A,all,overall,6,144,27,16,2,100,
Ryan Eto,Iolani A,all,other,6,24,4,4,0,16,
Ryan Eto,Iolani A,all,math,6,24,6,1,1,20,
Ryan Eto,Iolani A,all,chemistry,6,24,4,2,0,16,
Ryan Eto,Iolani A,all,ess,6,24,10,1,1,36,
Ryan Eto,Iolani A,all,biology,6,24,0,4,0,0,
Ryan Eto,Iolani A,all,physics,6,24,3,4,0,12,
Richard Zheng,MSMS,all,overall,6,144,29,19,4,100,
Richard Zheng,MSMS,all,other,6,24,4,3,2,8,
Richard Zheng,MSMS,all,math,6,24,5,4,0,20,
Richard Zheng,MSMS,all,chemistry,6,24,8,3,0,32,
Richard Zheng,MSMS,all,ess,6,24,1,1,0,4,
Richard Zheng,MSMS,all,biology,6,24,7,4,1,24,
Richard Zheng,MSMS,all,physics,6,24,4,4,1,12,
Armaan Patel,Glastonbury A,all,overall,5,120,21,20,1,80,
Armaan Patel,Glastonbury A,all,other,5,20,3,3,1,8,
Armaan Patel,Glastonbury A,all,math,5,20,0,1,0,0,
Armaan Patel,Glastonbury A,all,chemistry,5,20,7,5,0,28,
Armaan Patel,Glastonbury A,all,ess,5,20,2,1,0,8,
Armaan Patel,Glastonbury A,all,biology,5,20,7,6,0,28,
Armaan Patel,Glastonbury A,all,physics,5,20,2,4,0,8,
Taksh Patel,Fayetteville,all,overall,4,96,16,10,0,64,
Taksh Patel,Fayetteville,all,other,4,16,1,3,0,4,
Taksh Patel,Fayetteville,all,math,4,16,0,0,0,0,
Taksh Patel,Fayetteville,all,chemistry,4,16,3,3,0,12,
Taksh Patel,Fayetteville,all,ess,4,16,1,2,0,4,
Taksh Patel,Fayetteville,all,biology,4,16,2,1,0,8,
Taksh Patel,Fayetteville,all,physics,4,16,9,1,0,36,
Justin Feder,PRISMS,all,overall,7,168,29,24,2,108,
Justin Feder,PRISMS,all,other,7,28,4,5,1,12,
Justin Feder,PRISMS,all,math,7,28,0,0,0,0,
Justin Feder,PRISMS,all,chemistry,7,28,2,2,0,8,
Justin Feder,PRISMS,all,ess,7,28,9,6,0,36,
Justin Feder,PRISMS,all,biology,7,28,9,7,1,32,
Justin Feder,PRISMS,all,physics,7,28,5,4,0,20,
Darshan Nawin Giriraj,AMSA B,all,overall,4,96,16,6,1,60,
Darshan Nawin Giriraj,AMSA B,all,other,4,16,4,0,0,16,
Darshan Nawin Giriraj,AMSA B,all,math,4,16,1,0,0,4,
Darshan Nawin Giriraj,AMSA B,all,chemistry,4,16,3,1,0,12,
Darshan Nawin Giriraj,AMSA B,all,ess,4,16,3,1,0,12,
Darshan Nawin Giriraj,AMSA B,all,biology,4,16,3,2,0,12,
Darshan Nawin Giriraj,AMSA B,all,physics,4,16,2,2,1,4,
LibertyAPraneelA,Liberty A,all,overall,4,96,16,6,1,60,
LibertyAPraneelA,Liberty A,all,other,4,16,4,1,1,12,
LibertyAPraneelA,Liberty A,all,math,4,16,2,0,0,8,
LibertyAPraneelA,Liberty A,all,chemistry,4,16,4,0,0,16,
LibertyAPraneelA,Liberty A,all,ess,4,16,5,0,0,20,
LibertyAPraneelA,Liberty A,all,biology,4,16,1,1,0,4,
LibertyAPraneelA,Liberty A,all,physics,4,16,0,4,0,0,
Bryan TANG,Grand Oaks,all,overall,4,96,19,24,4,60,
Bryan TANG,Grand Oaks,all,other,4,16,3,4,0,12,
Bryan TANG,Grand Oaks,all,math,4,16,1,6,0,4,
Bryan TANG,Grand Oaks,all,chemistry,4,16,7,3,2,20,
Bryan TANG,Grand Oaks,all,ess,4,16,2,5,0,8,
Bryan TANG,Grand Oaks,all,biology,4,16,2,2,1,4,
Bryan TANG,Grand Oaks,all,physics,4,16,4,4,1,12,
Agastya Kalagarla,Edison A,all,overall,4,96,19,14,4,60,
Agastya Kalagarla,Edison A,all,other,4,16,3,1,1,8,
Agastya Kalagarla,Edison A,all,math,4,16,2,2,1,4,
Agastya Kalagarla,Edison A,all,chemistry,4,16,4,5,0,16,
Agastya Kalagarla,Edison A,all,ess,4,16,5,1,0,20,
Agastya Kalagarla,Edison A,all,biology,4,16,3,3,0,12,
Agastya Kalagarla,Edison A,all,physics,4,16,2,2,2,0,
Rohan Suri,Ladue,all,overall,8,192,31,17,1,120,
Rohan Suri,Ladue,all,other,8,32,7,3,0,28,
Rohan Suri,Ladue,all,math,8,32,0,1,0,0,
Rohan Suri,Ladue,all,chemistry,8,32,13,4,0,52,
Rohan Suri,Ladue,all,ess,8,32,3,2,0,12,
Rohan Suri,Ladue,all,biology,8,32,3,5,1,8,
Rohan Suri,Ladue,all,physics,8,32,5,2,0,20,
Alexander Patton,Green Hope A,all,overall,7,168,26,8,0,104,
Alexander Patton,Green Hope A,all,other,7,28,9,1,0,36,
Alexander Patton,Green Hope A,all,math,7,28,0,0,0,0,
Alexander Patton,Green Hope A,all,chemistry,7,28,10,4,0,40,
Alexander Patton,Green Hope A,all,ess,7,28,0,1,0,0,
Alexander Patton,Green Hope A,all,biology,7,28,1,0,0,4,
Alexander Patton,Green Hope A,all,physics,7,28,6,2,0,24,
Dylan Randall,MSMS,all,overall,6,144,23,4,1,88,
Dylan Randall,MSMS,all,other,6,24,0,0,0,0,
Dylan Randall,MSMS,all,math,6,24,0,0,0,0,
Dylan Randall,MSMS,all,chemistry,6,24,0,0,0,0,
Dylan Randall,MSMS,all,ess,6,24,17,2,0,68,
Dylan Randall,MSMS,all,biology,6,24,3,2,1,8,
Dylan Randall,MSMS,all,physics,6,24,3,0,0,12,
Damon Gurvich,Lexington A,all,overall,12,288,46,6,3,172,
Damon Gurvich,Lexington A,all,other,12,48,13,2,0,52,
Damon Gurvich,Lexington A,all,math,12,48,1,0,0,4,
Damon Gurvich,Lexington A,all,chemistry,12,48,0,0,0,0,
Damon Gurvich,Lexington A,all,ess,12,48,1,0,0,4,
Damon Gurvich,Lexington A,all,biology,12,48,25,4,3,88,
Damon Gurvich,Lexington A,all,physics,12,48,6,0,0,24,
Peter Wang,PRISMS,all,overall,7,168,25,6,0,100,
Peter Wang,PRISMS,all,other,7,28,0,0,0,0,
Peter Wang,PRISMS,all,math,7,28,9,1,0,36,
Peter Wang,PRISMS,all,chemistry,7,28,12,5,0,48,
Peter Wang,PRISMS,all,ess,7,28,0,0,0,0,
Peter Wang,PRISMS,all,biology,7,28,0,0,0,0,
Peter Wang,PRISMS,all,physics,7,28,4,0,0,16,
Shaunak Gaiki,BRHS,all,overall,4,96,14,5,0,56,
Shaunak Gaiki,BRHS,all,other,4,16,3,1,0,12,
Shaunak Gaiki,BRHS,all,math,4,16,7,0,0,28,
Shaunak Gaiki,BRHS,all,chemistry,4,16,3,2,0,12,
Shaunak Gaiki,BRHS,all,ess,4,16,1,1,0,4,
Shaunak Gaiki,BRHS,all,biology,4,16,0,1,0,0,
Shaunak Gaiki,BRHS,all,physics,4,16,0,0,0,0,
Ashrith Kollu,JP Stevens B,all,overall,4,96,15,13,1,56,
Ashrith Kollu,JP Stevens B,all,other,4,16,3,2,1,8,
Ashrith Kollu,JP Stevens B,all,math,4,16,4,3,0,16,
Ashrith Kollu,JP Stevens B,all,chemistry,4,16,2,2,0,8,
Ashrith Kollu,JP Stevens B,all,ess,4,16,3,2,0,12,
Ashrith Kollu,JP Stevens B,all,biology,4,16,1,2,0,4,
Ashrith Kollu,JP Stevens B,all,physics,4,16,2,2,0,8,
Harinarayan AsooriSriram,MCA,all,overall,6,144,22,11,1,84,
Harinarayan AsooriSriram,MCA,all,other,6,24,7,1,0,28,
Harinarayan AsooriSriram,MCA,all,math,6,24,2,1,1,4,
Harinarayan AsooriSriram,MCA,all,chemistry,6,24,1,1,0,4,
Harinarayan AsooriSriram,MCA,all,ess,6,24,5,2,0,20,
Harinarayan AsooriSriram,MCA,all,biology,6,24,4,2,0,16,
Harinarayan AsooriSriram,MCA,all,physics,6,24,3,3,0,12,
Terry Lin,Rickards,all,overall,4,96,15,9,1,56,
Terry Lin,Rickards,all,other,4,16,2,0,0,8,
Terry Lin,Rickards,all,math,4,16,0,0,0,0,
Terry Lin,Rickards,all,chemistry,4,16,6,5,0,24,
Terry Lin,Rickards,all,ess,4,16,2,1,0,8,
Terry Lin,Rickards,all,biology,4,16,3,2,0,12,
Terry Lin,Rickards,all,physics,4,16,2,1,1,4,
Michael Wei,Buchholz B,all,overall,5,120,18,11,1,68,
Michael Wei,Buchholz B,all,other,5,20,1,0,0,4,
Michael Wei,Buchholz B,all,math,5,20,1,1,0,4,
Michael Wei,Buchholz B,all,chemistry,5,20,3,1,1,8,
Michael Wei,Buchholz B,all,ess,5,20,9,5,0,36,
Michael Wei,Buchholz B,all,biology,5,20,0,0,0,0,
Michael Wei,Buchholz B,all,physics,5,20,4,4,0,16,
Abhinav Pothuri,Buchholz B,all,overall,5,120,25,14,8,68,
Abhinav Pothuri,Buchholz B,all,other,5,20,3,3,3,0,
Abhinav Pothuri,Buchholz B,all,math,5,20,9,0,1,32,
Abhinav Pothuri,Buchholz B,all,chemistry,5,20,5,5,1,16,
Abhinav Pothuri,Buchholz B,all,ess,5,20,0,0,1,-4,
Abhinav Pothuri,Buchholz B,all,biology,5,20,4,4,1,12,
Abhinav Pothuri,Buchholz B,all,physics,5,20,4,2,1,12,
Yuvan Chali,Ladue,all,overall,8,192,29,8,2,108,
Yuvan Chali,Ladue,all,other,8,32,9,1,0,36,
Yuvan Chali,Ladue,all,math,8,32,0,0,0,0,
Yuvan Chali,Ladue,all,chemistry,8,32,8,2,1,28,
Yuvan Chali,Ladue,all,ess,8,32,6,3,1,20,
Yuvan Chali,Ladue,all,biology,8,32,4,2,0,16,
Yuvan Chali,Ladue,all,physics,8,32,2,0,0,8,
Dev Jayram,AHS Broward B,all,overall,6,144,20,22,0,80,
Dev Jayram,AHS Broward B,all,other,6,24,1,2,0,4,
Dev Jayram,AHS Broward B,all,math,6,24,10,4,0,40,
Dev Jayram,AHS Broward B,all,chemistry,6,24,1,4,0,4,
Dev Jayram,AHS Broward B,all,ess,6,24,1,4,0,4,
Dev Jayram,AHS Broward B,all,biology,6,24,1,1,0,4,
Dev Jayram,AHS Broward B,all,physics,6,24,6,7,0,24,
Allison (‘Iolani A),Iolani A,all,overall,6,144,20,5,0,80,
Allison (‘Iolani A),Iolani A,all,other,6,24,3,1,0,12,
Allison (‘Iolani A),Iolani A,all,math,6,24,0,0,0,0,
Allison (‘Iolani A),Iolani A,all,chemistry,6,24,3,2,0,12,
Allison (‘Iolani A),Iolani A,all,ess,6,24,7,1,0,28,
Allison (‘Iolani A),Iolani A,all,biology,6,24,0,0,0,0,
Allison (‘Iolani A),Iolani A,all,physics,6,24,7,1,0,28,
Ryan Styron,Longwood,all,overall,4,96,13,16,0,52,
Ryan Styron,Longwood,all,other,4,16,1,3,0,4,
Ryan Styron,Longwood,all,math,4,16,1,1,0,4,
Ryan Styron,Longwood,all,chemistry,4,16,1,4,0,4,
Ryan Styron,Longwood,all,ess,4,16,5,2,0,20,
Ryan Styron,Longwood,all,biology,4,16,1,2,0,4,
Ryan Styron,Longwood,all,physics,4,16,4,4,0,16,
Niyathi Iyengar,New Canaan,all,overall,4,96,14,7,1,52,
Niyathi Iyengar,New Canaan,all,other,4,16,2,3,0,8,
Niyathi Iyengar,New Canaan,all,math,4,16,0,0,0,0,
Niyathi Iyengar,New Canaan,all,chemistry,4,16,5,1,0,20,
Niyathi Iyengar,New Canaan,all,ess,4,16,3,1,0,12,
Niyathi Iyengar,New Canaan,all,biology,4,16,4,2,1,12,
Niyathi Iyengar,New Canaan,all,physics,4,16,0,0,0,0,
McNair Shah,ASFA B,all,overall,4,96,17,22,4,52,
McNair Shah,ASFA B,all,other,4,16,4,4,1,12,
McNair Shah,ASFA B,all,math,4,16,6,5,1,20,
McNair Shah,ASFA B,all,chemistry,4,16,2,4,0,8,
McNair Shah,ASFA B,all,ess,4,16,1,2,0,4,
McNair Shah,ASFA B,all,biology,4,16,1,0,1,0,
McNair Shah,ASFA B,all,physics,4,16,3,7,1,8,
Jingkang Wu,RMHS B,all,overall,5,120,17,22,1,64,
Jingkang Wu,RMHS B,all,other,5,20,4,5,1,12,
Jingkang Wu,RMHS B,all,math,5,20,2,3,0,8,
Jingkang Wu,RMHS B,all,chemistry,5,20,2,2,0,8,
Jingkang Wu,RMHS B,all,ess,5,20,3,2,0,12,
Jingkang Wu,RMHS B,all,biology,5,20,3,8,0,12,
Jingkang Wu,RMHS B,all,physics,5,20,3,2,0,12,
Annie Guo,RMHS A,all,overall,6,144,19,2,0,76,
Annie Guo,RMHS A,all,other,6,24,1,0,0,4,
Annie Guo,RMHS A,all,math,6,24,17,1,0,68,
Annie Guo,RMHS A,all,chemistry,6,24,0,0,0,0,
Annie Guo,RMHS A,all,ess,6,24,0,0,0,0,
Annie Guo,RMHS A,all,biology,6,24,0,0,0,0,
Annie Guo,RMHS A,all,physics,6,24,1,1,0,4,
Michael Chen,Collierville,all,overall,8,192,28,17,3,100,
Michael Chen,Collierville,all,other,8,32,8,4,0,32,
Michael Chen,Collierville,all,math,8,32,3,2,0,12,
Michael Chen,Collierville,all,chemistry,8,32,0,0,0,0,
Michael Chen,Collierville,all,ess,8,32,17,4,2,60,
Michael Chen,Collierville,all,biology,8,32,0,1,1,-4,
Michael Chen,Collierville,all,physics,8,32,0,6,0,0,
Arowyn Casenhiser,Maryville C,all,overall,4,96,12,13,0,48,
Arowyn Casenhiser,Maryville C,all,other,4,16,5,1,0,20,
Arowyn Casenhiser,Maryville C,all,math,4,16,1,1,0,4,
Arowyn Casenhiser,Maryville C,all,chemistry,4,16,1,2,0,4,
Arowyn Casenhiser,Maryville C,all,ess,4,16,3,2,0,12,
Arowyn Casenhiser,Maryville C,all,biology,4,16,2,7,0,8,
Arowyn Casenhiser,Maryville C,all,physics,4,16,0,0,0,0,
Annabelle Zhang,Wayland B,all,overall,4,96,12,15,0,48,
Annabelle Zhang,Wayland B,all,other,4,16,1,0,0,4,
Annabelle Zhang,Wayland B,all,math,4,16,2,2,0,8,
Annabelle Zhang,Wayland B,all,chemistry,4,16,3,4,0,12,
Annabelle Zhang,Wayland B,all,ess,4,16,3,0,0,12,
Annabelle Zhang,Wayland B,all,biology,4,16,1,3,0,4,
Annabelle Zhang,Wayland B,all,physics,4,16,2,6,0,8,
Andrew Zhao,RMHS C,all,overall,4,96,16,22,4,48,
Andrew Zhao,RMHS C,all,other,4,16,5,1,0,20,
Andrew Zhao,RMHS C,all,math,4,16,3,4,1,8,
Andrew Zhao,RMHS C,all,chemistry,4,16,3,5,0,12,
Andrew Zhao,RMHS C,all,ess,4,16,1,5,1,0,
Andrew Zhao,RMHS C,all,biology,4,16,3,2,2,4,
Andrew Zhao,RMHS C,all,physics,4,16,1,5,0,4,
Om Lad,JP Stevens B,all,overall,4,96,13,10,1,48,
Om Lad,JP Stevens B,all,other,4,16,2,2,0,8,
Om Lad,JP Stevens B,all,math,4,16,2,0,0,8,
Om Lad,JP Stevens B,all,chemistry,4,16,1,1,0,4,
Om Lad,JP Stevens B,all,ess,4,16,1,3,0,4,
Om Lad,JP Stevens B,all,biology,4,16,4,1,0,16,
Om Lad,JP Stevens B,all,physics,4,16,3,3,1,8,
Sid Ganapathy,BRHS,all,overall,4,96,13,10,1,48,
Sid Ganapathy,BRHS,all,other,4,16,2,1,0,8,
Sid Ganapathy,BRHS,all,math,4,16,0,1,0,0,
Sid Ganapathy,BRHS,all,chemistry,4,16,3,1,0,12,
Sid Ganapathy,BRHS,all,ess,4,16,3,2,0,12,
Sid Ganapathy,BRHS,all,biology,4,16,5,3,1,16,
Sid Ganapathy,BRHS,all,physics,4,16,0,2,0,0,
Evan Zhang,Blair C,all,overall,8,192,25,30,1,96,
Evan Zhang,Blair C,all,other,8,32,4,6,0,16,
Evan Zhang,Blair C,all,math,8,32,10,4,1,36,
Evan Zhang,Blair C,all,chemistry,8,32,2,3,0,8,
Evan Zhang,Blair C,all,ess,8,32,5,4,0,20,
Evan Zhang,Blair C,all,biology,8,32,2,6,0,8,
Evan Zhang,Blair C,all,physics,8,32,2,7,0,8,
Gugan Thuduppathy,Blair C,all,overall,8,192,27,11,3,96,
Gugan Thuduppathy,Blair C,all,other,8,32,3,1,0,12,
Gugan Thuduppathy,Blair C,all,math,8,32,3,1,0,12,
Gugan Thuduppathy,Blair C,all,chemistry,8,32,9,6,0,36,
Gugan Thuduppathy,Blair C,all,ess,8,32,4,1,1,12,
Gugan Thuduppathy,Blair C,all,biology,8,32,2,0,1,4,
Gugan Thuduppathy,Blair C,all,physics,8,32,6,2,1,20,
Sky Wang,Green Hope B,all,overall,5,120,14,10,0,56,
Sky Wang,Green Hope B,all,other,5,20,3,2,0,12,
Sky Wang,Green Hope B,all,math,5,20,1,0,0,4,
Sky Wang,Green Hope B,all,chemistry,5,20,7,4,0,28,
Sky Wang,Green Hope B,all,ess,5,20,1,0,0,4,
Sky Wang,Green Hope B,all,biology,5,20,1,2,0,4,
Sky Wang,Green Hope B,all,physics,5,20,1,2,0,4,
Derek You,John Adams,all,overall,4,96,13,10,2,44,
Derek You,John Adams,all,other,4,16,2,3,1,4,
Derek You,John Adams,all,math,4,16,1,1,1,0,
Derek You,John Adams,all,chemistry,4,16,0,0,0,0,
Derek You,John Adams,all,ess,4,16,7,2,0,28,
Derek You,John Adams,all,biology,4,16,0,0,0,0,
Derek You,John Adams,all,physics,4,16,3,4,0,12,
Alan Chen,Fayetteville,all,overall,4,96,11,5,0,44,
Alan Chen,Fayetteville,all,other,4,16,4,0,0,16,
Alan Chen,Fayetteville,all,math,4,16,1,0,0,4,
Alan Chen,Fayetteville,all,chemistry,4,16,1,2,0,4,
Alan Chen,Fayetteville,all,ess,4,16,3,3,0,12,
Alan Chen,Fayetteville,all,biology,4,16,1,0,0,4,
Alan Chen,Fayetteville,all,physics,4,16,1,0,0,4,
Rishi Chowdhury,Northville,all,overall,4,96,11,3,0,44,
Rishi Chowdhury,Northville,all,other,4,16,4,2,0,16,
Rishi Chowdhury,Northville,all,math,4,16,2,0,0,8,
Rishi Chowdhury,Northville,all,chemistry,4,16,0,0,0,0,
Rishi Chowdhury,Northville,all,ess,4,16,4,0,0,16,
Rishi Chowdhury,Northville,all,biology,4,16,0,0,0,0,
Rishi Chowdhury,Northville,all,physics,4,16,1,1,0,4,
Jerry Song,Blair B,all,overall,7,168,29,16,10,76,
Jerry Song,Blair B,all,other,7,28,3,2,1,8,
Jerry Song,Blair B,all,math,7,28,5,3,5,0,
Jerry Song,Blair B,all,chemistry,7,28,5,4,0,20,
Jerry Song,Blair B,all,ess,7,28,5,2,0,20,
Jerry Song,Blair B,all,biology,7,28,6,2,1,20,
Jerry Song,Blair B,all,physics,7,28,5,3,3,8,
JD Hagood,MSMS,all,overall,6,144,16,7,0,64,
JD Hagood,MSMS,all,other,6,24,4,0,0,16,
JD Hagood,MSMS,all,math,6,24,4,2,0,16,
JD Hagood,MSMS,all,chemistry,6,24,3,1,0,12,
JD Hagood,MSMS,all,ess,6,24,0,1,0,0,
JD Hagood,MSMS,all,biology,6,24,2,0,0,8,
JD Hagood,MSMS,all,physics,6,24,3,3,0,12,
Albert Tang,Westminster,all,overall,9,216,29,4,5,96,
Albert Tang,Westminster,all,other,9,36,0,2,0,0,
Albert Tang,Westminster,all,math,9,36,1,0,0,4,
Albert Tang,Westminster,all,chemistry,9,36,23,2,5,72,
Albert Tang,Westminster,all,ess,9,36,0,0,0,0,
Albert Tang,Westminster,all,biology,9,36,0,0,0,0,
Albert Tang,Westminster,all,physics,9,36,5,0,0,20,
Alex Wang,Poolesville A,all,overall,5,120,17,8,4,52,
Alex Wang,Poolesville A,all,other,5,20,7,0,2,20,
Alex Wang,Poolesville A,all,math,5,20,1,0,0,4,
Alex Wang,Poolesville A,all,chemistry,5,20,1,5,0,4,
Alex Wang,Poolesville A,all,ess,5,20,3,1,0,12,
Alex Wang,Poolesville A,all,biology,5,20,2,1,1,4,
Alex Wang,Poolesville A,all,physics,5,20,3,1,1,8,
Justin Pan,Bob Jones,all,overall,5,120,14,3,1,52,
Justin Pan,Bob Jones,all,other,5,20,0,0,0,0,
Justin Pan,Bob Jones,all,math,5,20,13,2,1,48,
Justin Pan,Bob Jones,all,chemistry,5,20,0,0,0,0,
Justin Pan,Bob Jones,all,ess,5,20,0,0,0,0,
Justin Pan,Bob Jones,all,biology,5,20,0,0,0,0,
Justin Pan,Bob Jones,all,physics,5,20,1,1,0,4,
Jonathan Fan,Blair B,all,overall,7,168,27,3,9,72,
Jonathan Fan,Blair B,all,other,7,28,6,0,5,4,
Jonathan Fan,Blair B,all,math,7,28,1,0,0,4,
Jonathan Fan,Blair B,all,chemistry,7,28,1,0,0,4,
Jonathan Fan,Blair B,all,ess,7,28,3,1,0,12,
Jonathan Fan,Blair B,all,biology,7,28,15,0,4,44,
Jonathan Fan,Blair B,all,physics,7,28,1,2,0,4,
Xinpeng Gao,Brooklyn Tech C,all,overall,4,96,10,19,0,40,
Xinpeng Gao,Brooklyn Tech C,all,other,4,16,2,3,0,8,
Xinpeng Gao,Brooklyn Tech C,all,math,4,16,4,3,0,16,
Xinpeng Gao,Brooklyn Tech C,all,chemistry,4,16,0,3,0,0,
Xinpeng Gao,Brooklyn Tech C,all,ess,4,16,1,2,0,4,
Xinpeng Gao,Brooklyn Tech C,all,biology,4,16,1,3,0,4,
Xinpeng Gao,Brooklyn Tech C,all,physics,4,16,2,5,0,8,
Ian Gifford,AMSA A,all,overall,4,96,10,9,0,40,
Ian Gifford,AMSA A,all,other,4,16,0,0,0,0,
Ian Gifford,AMSA A,all,math,4,16,2,0,0,8,
Ian Gifford,AMSA A,all,chemistry,4,16,4,5,0,16,
Ian Gifford,AMSA A,all,ess,4,16,1,1,0,4,
Ian Gifford,AMSA A,all,biology,4,16,0,1,0,0,
Ian Gifford,AMSA A,all,physics,4,16,3,2,0,12,
Kiran Chandy,Glastonbury B,all,overall,4,96,10,8,0,40,
Kiran Chandy,Glastonbury B,all,other,4,16,2,1,0,8,
Kiran Chandy,Glastonbury B,all,math,4,16,1,1,0,4,
Kiran Chandy,Glastonbury B,all,chemistry,4,16,0,2,0,0,
Kiran Chandy,Glastonbury B,all,ess,4,16,0,0,0,0,
Kiran Chandy,Glastonbury B,all,biology,4,16,3,2,0,12,
Kiran Chandy,Glastonbury B,all,physics,4,16,4,2,0,16,
Srikrishna Bollu,JP Stevens C,all,overall,4,96,12,8,2,40,
Srikrishna Bollu,JP Stevens C,all,other,4,16,1,1,2,-4,
Srikrishna Bollu,JP Stevens C,all,math,4,16,0,0,0,0,
Srikrishna Bollu,JP Stevens C,all,chemistry,4,16,2,3,0,8,
Srikrishna Bollu,JP Stevens C,all,ess,4,16,3,1,0,12,
Srikrishna Bollu,JP Stevens C,all,biology,4,16,4,2,0,16,
Srikrishna Bollu,JP Stevens C,all,physics,4,16,2,1,0,8,
Anya Ramrakhiani,Canterbury,all,overall,4,96,11,19,1,40,
Anya Ramrakhiani,Canterbury,all,other,4,16,1,3,0,4,
Anya Ramrakhiani,Canterbury,all,math,4,16,1,0,0,4,
Anya Ramrakhiani,Canterbury,all,chemistry,4,16,2,4,1,4,
Anya Ramrakhiani,Canterbury,all,ess,4,16,3,2,0,12,
Anya Ramrakhiani,Canterbury,all,biology,4,16,0,7,0,0,
Anya Ramrakhiani,Canterbury,all,physics,4,16,4,3,0,16,
Nicholas Godwin,ASFA B,all,overall,4,96,13,3,3,40,
Nicholas Godwin,ASFA B,all,other,4,16,3,1,0,12,
Nicholas Godwin,ASFA B,all,math,4,16,0,0,0,0,
Nicholas Godwin,ASFA B,all,chemistry,4,16,0,1,1,-4,
Nicholas Godwin,ASFA B,all,ess,4,16,4,1,0,16,
Nicholas Godwin,ASFA B,all,biology,4,16,6,0,1,20,
Nicholas Godwin,ASFA B,all,physics,4,16,0,0,1,-4,
Krish Prajapati,Collierville,all,overall,8,192,20,12,0,80,
Krish Prajapati,Collierville,all,other,8,32,0,1,0,0,
Krish Prajapati,Collierville,all,math,8,32,2,1,0,8,
Krish Prajapati,Collierville,all,chemistry,8,32,5,4,0,20,
Krish Prajapati,Collierville,all,ess,8,32,0,0,0,0,
Krish Prajapati,Collierville,all,biology,8,32,13,6,0,52,
Krish Prajapati,Collierville,all,physics,8,32,0,0,0,0,
Srihari Hebbar,Northville,all,overall,4,96,12,15,2,40,
Srihari Hebbar,Northville,all,other,4,16,1,1,0,4,
Srihari Hebbar,Northville,all,math,4,16,2,2,1,4,
Srihari Hebbar,Northville,all,chemistry,4,16,1,5,1,0,
Srihari Hebbar,Northville,all,ess,4,16,0,0,0,0,
Srihari Hebbar,Northville,all,biology,4,16,4,3,0,16,
Srihari Hebbar,Northville,all,physics,4,16,4,4,0,16,
Jerry Xu,Lexington B,all,overall,7,168,18,10,1,68,
Jerry Xu,Lexington B,all,other,7,28,0,1,0,0,
Jerry Xu,Lexington B,all,math,7,28,8,0,0,32,
Jerry Xu,Lexington B,all,chemistry,7,28,3,0,0,12,
Jerry Xu,Lexington B,all,ess,7,28,0,1,0,0,
Jerry Xu,Lexington B,all,biology,7,28,5,3,1,16,
Jerry Xu,Lexington B,all,physics,7,28,2,5,0,8,
Dhira Vadlamudi,Poolesville B,all,overall,5,120,12,19,0,48,
Dhira Vadlamudi,Poolesville B,all,other,5,20,1,1,0,4,
Dhira Vadlamudi,Poolesville B,all,math,5,20,1,1,0,4,
Dhira Vadlamudi,Poolesville B,all,chemistry,5,20,6,5,0,24,
Dhira Vadlamudi,Poolesville B,all,ess,5,20,0,4,0,0,
Dhira Vadlamudi,Poolesville B,all,biology,5,20,2,5,0,8,
Dhira Vadlamudi,Poolesville B,all,physics,5,20,1,3,0,4,
Vishwa Balamurugan,BOW A,all,overall,5,120,13,12,1,48,
Vishwa Balamurugan,BOW A,all,other,5,20,4,2,0,16,
Vishwa Balamurugan,BOW A,all,math,5,20,1,0,0,4,
Vishwa Balamurugan,BOW A,all,chemistry,5,20,0,3,0,0,
Vishwa Balamurugan,BOW A,all,ess,5,20,6,2,0,24,
Vishwa Balamurugan,BOW A,all,biology,5,20,2,1,0,8,
Vishwa Balamurugan,BOW A,all,physics,5,20,0,4,1,-4,
Ronuk Gadamsetty,Quail Valley,all,overall,4,96,9,17,0,36,
Ronuk Gadamsetty,Quail Valley,all,other,4,16,1,4,0,4,
Ronuk Gadamsetty,Quail Valley,all,math,4,16,0,1,0,0,
Ronuk Gadamsetty,Quail Valley,all,chemistry,4,16,2,3,0,8,
Ronuk Gadamsetty,Quail Valley,all,ess,4,16,4,2,0,16,
Ronuk Gadamsetty,Quail Valley,all,biology,4,16,2,5,0,8,
Ronuk Gadamsetty,Quail Valley,all,physics,4,16,0,2,0,0,
Ari,Iolani B,all,overall,4,96,10,8,1,36,
Ari,Iolani B,all,other,4,16,4,0,0,16,
Ari,Iolani B,all,math,4,16,0,0,0,0,
Ari,Iolani B,all,chemistry,4,16,0,1,0,0,
Ari,Iolani B,all,ess,4,16,3,2,0,12,
Ari,Iolani B,all,biology,4,16,0,1,0,0,
Ari,Iolani B,all,physics,4,16,3,4,1,8,
Benjamin Y,Princeton,all,overall,4,96,9,9,0,36,
Benjamin Y,Princeton,all,other,4,16,1,0,0,4,
Benjamin Y,Princeton,all,math,4,16,5,6,0,20,
Benjamin Y,Princeton,all,chemistry,4,16,1,0,0,4,
Benjamin Y,Princeton,all,ess,4,16,2,2,0,8,
Benjamin Y,Princeton,all,biology,4,16,0,0,0,0,
Benjamin Y,Princeton,all,physics,4,16,0,1,0,0,
Shreyas Ekanathan,Lexington A,all,overall,12,288,28,6,1,108,
Shreyas Ekanathan,Lexington A,all,other,12,48,3,1,0,12,
Shreyas Ekanathan,Lexington A,all,math,12,48,11,2,0,44,
Shreyas Ekanathan,Lexington A,all,chemistry,12,48,0,0,0,0,
Shreyas Ekanathan,Lexington A,all,ess,12,48,12,2,1,44,
Shreyas Ekanathan,Lexington A,all,biology,12,48,1,0,0,4,
Shreyas Ekanathan,Lexington A,all,physics,12,48,1,1,0,4,
Tony Gao,Glastonbury A,all,overall,5,120,12,5,1,44,
Tony Gao,Glastonbury A,all,other,5,20,2,1,0,8,
Tony Gao,Glastonbury A,all,math,5,20,1,2,0,4,
Tony Gao,Glastonbury A,all,chemistry,5,20,1,0,0,4,
Tony Gao,Glastonbury A,all,ess,5,20,8,2,1,28,
Tony Gao,Glastonbury A,all,biology,5,20,0,0,0,0,
Tony Gao,Glastonbury A,all,physics,5,20,0,0,0,0,
Shivani Hancock,RMHS B,all,overall,5,120,10,10,0,40,
Shivani Hancock,RMHS B,all,other,5,20,2,0,0,8,
Shivani Hancock,RMHS B,all,math,5,20,2,3,0,8,
Shivani Hancock,RMHS B,all,chemistry,5,20,1,3,0,4,
Shivani Hancock,RMHS B,all,ess,5,20,3,1,0,12,
Shivani Hancock,RMHS B,all,biology,5,20,0,0,0,0,
Shivani Hancock,RMHS B,all,physics,5,20,1,3,0,4,
Ethan Lee,Princeton,all,overall,4,96,9,7,1,32,
Ethan Lee,Princeton,all,other,4,16,2,1,0,8,
Ethan Lee,Princeton,all,math,4,16,0,2,0,0,
Ethan Lee,Princeton,all,chemistry,4,16,1,0,0,4,
Ethan Lee,Princeton,all,ess,4,16,0,1,0,0,
Ethan Lee,Princeton,all,biology,4,16,0,0,0,0,
Ethan Lee,Princeton,all,physics,4,16,6,3,1,20,
Aditya Jain,Ladue,all,overall,8,192,17,10,1,64,
Aditya Jain,Ladue,all,other,8,32,0,1,0,0,
Aditya Jain,Ladue,all,math,8,32,6,4,0,24,
Aditya Jain,Ladue,all,chemistry,8,32,0,0,0,0,
Aditya Jain,Ladue,all,ess,8,32,1,0,0,4,
Aditya Jain,Ladue,all,biology,8,32,1,1,0,4,
Aditya Jain,Ladue,all,physics,8,32,9,4,1,32,
Vivek Chandy,Glastonbury A,all,overall,5,120,10,6,0,40,
Vivek Chandy,Glastonbury A,all,other,5,20,1,2,0,4,
Vivek Chandy,Glastonbury A,all,math,5,20,3,0,0,12,
Vivek Chandy,Glastonbury A,all,chemistry,5,20,0,0,0,0,
Vivek Chandy,Glastonbury A,all,ess,5,20,1,0,0,4,
Vivek Chandy,Glastonbury A,all,biology,5,20,0,1,0,0,
Vivek Chandy,Glastonbury A,all,physics,5,20,5,3,0,20,
George Kopf,Princeton,all,overall,4,96,8,2,0,32,
George Kopf,Princeton,all,other,4,16,1,0,0,4,
George Kopf,Princeton,all,math,4,16,0,0,0,0,
George Kopf,Princeton,all,chemistry,4,16,0,0,0,0,
George Kopf,Princeton,all,ess,4,16,0,0,0,0,
George Kopf,Princeton,all,biology,4,16,7,2,0,28,
George Kopf,Princeton,all,physics,4,16,0,0,0,0,
Samanyu Ganesh,Westminster,all,overall,9,216,19,3,1,72,
Samanyu Ganesh,Westminster,all,other,9,36,4,0,1,12,
Samanyu Ganesh,Westminster,all,math,9,36,13,2,0,52,
Samanyu Ganesh,Westminster,all,chemistry,9,36,0,0,0,0,
Samanyu Ganesh,Westminster,all,ess,9,36,0,0,0,0,
Samanyu Ganesh,Westminster,all,biology,9,36,0,0,0,0,
Samanyu Ganesh,Westminster,all,physics,9,36,2,1,0,8,
Ryan Shao,Brooklyn Tech A,all,overall,4,96,9,3,1,32,
Ryan Shao,Brooklyn Tech A,all,other,4,16,0,1,0,0,
Ryan Shao,Brooklyn Tech A,all,math,4,16,0,0,0,0,
Ryan Shao,Brooklyn Tech A,all,chemistry,4,16,1,0,0,4,
Ryan Shao,Brooklyn Tech A,all,ess,4,16,0,0,0,0,
Ryan Shao,Brooklyn Tech A,all,biology,4,16,8,2,1,28,
Ryan Shao,Brooklyn Tech A,all,physics,4,16,0,0,0,0,
Sumedh Vangara,Poolesville A,all,overall,5,120,14,2,4,40,
Sumedh Vangara,Poolesville A,all,other,5,20,0,0,1,-4,
Sumedh Vangara,Poolesville A,all,math,5,20,8,0,2,24,
Sumedh Vangara,Poolesville A,all,chemistry,5,20,1,0,0,4,
Sumedh Vangara,Poolesville A,all,ess,5,20,0,0,0,0,
Sumedh Vangara,Poolesville A,all,biology,5,20,0,0,0,0,
Sumedh Vangara,Poolesville A,all,physics,5,20,5,2,1,16,
Ahan Mishra,Buchholz A,all,overall,9,216,21,6,4,68,
Ahan Mishra,Buchholz A,all,other,9,36,3,1,0,12,
Ahan Mishra,Buchholz A,all,math,9,36,8,1,0,32,
Ahan Mishra,Buchholz A,all,chemistry,9,36,1,0,0,4,
Ahan Mishra,Buchholz A,all,ess,9,36,0,0,0,0,
Ahan Mishra,Buchholz A,all,biology,9,36,0,0,0,0,
Ahan Mishra,Buchholz A,all,physics,9,36,9,4,4,20,
Andy Xu,JP Stevens A,all,overall,8,192,17,10,2,60,
Andy Xu,JP Stevens A,all,other,8,32,2,1,1,4,
Andy Xu,JP Stevens A,all,math,8,32,3,5,0,12,
Andy Xu,JP Stevens A,all,chemistry,8,32,12,2,0,48,
Andy Xu,JP Stevens A,all,ess,8,32,0,0,0,0,
Andy Xu,JP Stevens A,all,biology,8,32,0,0,0,0,
Andy Xu,JP Stevens A,all,physics,8,32,0,2,1,-4,
Avery Yang,Green Hope B,all,overall,5,120,12,13,3,36,
Avery Yang,Green Hope B,all,other,5,20,2,1,0,8,
Avery Yang,Green Hope B,all,math,5,20,5,2,2,12,
Avery Yang,Green Hope B,all,chemistry,5,20,1,1,1,0,
Avery Yang,Green Hope B,all,ess,5,20,2,2,0,8,
Avery Yang,Green Hope B,all,biology,5,20,1,5,0,4,
Avery Yang,Green Hope B,all,physics,5,20,1,2,0,4,
Puja C,Bob Jones,all,overall,5,120,9,2,0,36,
Puja C,Bob Jones,all,other,5,20,3,1,0,12,
Puja C,Bob Jones,all,math,5,20,0,0,0,0,
Puja C,Bob Jones,all,chemistry,5,20,0,0,0,0,
Puja C,Bob Jones,all,ess,5,20,3,0,0,12,
Puja C,Bob Jones,all,biology,5,20,3,1,0,12,
Puja C,Bob Jones,all,physics,5,20,0,0,0,0,
Siddardh Budamagunta,Green Hope B,all,overall,5,120,13,4,4,36,
Siddardh Budamagunta,Green Hope B,all,other,5,20,4,1,0,16,
Siddardh Budamagunta,Green Hope B,all,math,5,20,0,0,0,0,
Siddardh Budamagunta,Green Hope B,all,chemistry,5,20,0,0,0,0,
Siddardh Budamagunta,Green Hope B,all,ess,5,20,7,2,2,20,
Siddardh Budamagunta,Green Hope B,all,biology,5,20,1,0,0,4,
Siddardh Budamagunta,Green Hope B,all,physics,5,20,1,1,2,-4,
Eliana Koro,Brooklyn Tech A,all,overall,4,96,7,18,0,28,
Eliana Koro,Brooklyn Tech A,all,other,4,16,2,3,0,8,
Eliana Koro,Brooklyn Tech A,all,math,4,16,0,2,0,0,
Eliana Koro,Brooklyn Tech A,all,chemistry,4,16,3,4,0,12,
Eliana Koro,Brooklyn Tech A,all,ess,4,16,2,2,0,8,
Eliana Koro,Brooklyn Tech A,all,biology,4,16,0,0,0,0,
Eliana Koro,Brooklyn Tech A,all,physics,4,16,0,7,0,0,
Isaac Charney,Lindbergh B,all,overall,4,96,8,16,1,28,
Isaac Charney,Lindbergh B,all,other,4,16,2,1,0,8,
Isaac Charney,Lindbergh B,all,math,4,16,3,3,0,12,
Isaac Charney,Lindbergh B,all,chemistry,4,16,2,1,0,8,
Isaac Charney,Lindbergh B,all,ess,4,16,1,2,1,0,
Isaac Charney,Lindbergh B,all,biology,4,16,0,3,0,0,
Isaac Charney,Lindbergh B,all,physics,4,16,0,6,0,0,
Cooper Davis,POBJFK,all,overall,4,96,7,5,0,28,
Cooper Davis,POBJFK,all,other,4,16,3,1,0,12,
Cooper Davis,POBJFK,all,math,4,16,1,0,0,4,
Cooper Davis,POBJFK,all,chemistry,4,16,0,0,0,0,
Cooper Davis,POBJFK,all,ess,4,16,0,1,0,0,
Cooper Davis,POBJFK,all,biology,4,16,0,0,0,0,
Cooper Davis,POBJFK,all,physics,4,16,3,3,0,12,
Rishi Ghatta,Longwood,all,overall,4,96,7,6,0,28,
Rishi Ghatta,Longwood,all,other,4,16,1,3,0,4,
Rishi Ghatta,Longwood,all,math,4,16,2,1,0,8,
Rishi Ghatta,Longwood,all,chemistry,4,16,1,2,0,4,
Rishi Ghatta,Longwood,all,ess,4,16,1,0,0,4,
Rishi Ghatta,Longwood,all,biology,4,16,2,0,0,8,
Rishi Ghatta,Longwood,all,physics,4,16,0,0,0,0,
Chloe Sanada,Iolani B,all,overall,4,96,8,8,1,28,
Chloe Sanada,Iolani B,all,other,4,16,2,1,1,4,
Chloe Sanada,Iolani B,all,math,4,16,0,0,0,0,
Chloe Sanada,Iolani B,all,chemistry,4,16,1,2,0,4,
Chloe Sanada,Iolani B,all,ess,4,16,2,1,0,8,
Chloe Sanada,Iolani B,all,biology,4,16,2,2,0,8,
Chloe Sanada,Iolani B,all,physics,4,16,1,2,0,4,
Patrick Qiu,Maryville C,all,overall,4,96,10,11,3,28,
Patrick Qiu,Maryville C,all,other,4,16,2,2,0,8,
Patrick Qiu,Maryville C,all,math,4,16,4,3,2,8,
Patrick Qiu,Maryville C,all,chemistry,4,16,4,3,1,12,
Patrick Qiu,Maryville C,all,ess,4,16,0,2,0,0,
Patrick Qiu,Maryville C,all,biology,4,16,0,0,0,0,
Patrick Qiu,Maryville C,all,physics,4,16,0,1,0,0,
Erik,Green Hope A,all,overall,7,168,14,8,2,48,
Erik,Green Hope A,all,other,7,28,0,0,0,0,
Erik,Green Hope A,all,math,7,28,0,0,0,0,
Erik,Green Hope A,all,chemistry,7,28,2,1,0,8,
Erik,Green Hope A,all,ess,7,28,0,0,0,0,
Erik,Green Hope A,all,biology,7,28,12,7,2,40,
Erik,Green Hope A,all,physics,7,28,0,0,0,0,
Himashi Balasuriya,AHS Broward B,all,overall,6,144,12,4,2,40,
Himashi Balasuriya,AHS Broward B,all,other,6,24,3,0,1,8,
Himashi Balasuriya,AHS Broward B,all,math,6,24,1,1,0,4,
Himashi Balasuriya,AHS Broward B,all,chemistry,6,24,0,1,1,-4,
Himashi Balasuriya,AHS Broward B,all,ess,6,24,4,1,0,16,
Himashi Balasuriya,AHS Broward B,all,biology,6,24,4,1,0,16,
Himashi Balasuriya,AHS Broward B,all,physics,6,24,0,0,0,0,
James Tan,Poolesville B,all,overall,5,120,8,6,0,32,
James Tan,Poolesville B,all,other,5,20,2,0,0,8,
James Tan,Poolesville B,all,math,5,20,1,1,0,4,
James Tan,Poolesville B,all,chemistry,5,20,1,1,0,4,
James Tan,Poolesville B,all,ess,5,20,2,1,0,8,
James Tan,Poolesville B,all,biology,5,20,1,0,0,4,
James Tan,Poolesville B,all,physics,5,20,1,2,0,4,
Rushil Shah,Dulles A,all,overall,10,240,16,4,0,64,
Rushil Shah,Dulles A,all,other,10,40,0,0,0,0,
Rushil Shah,Dulles A,all,math,10,40,8,1,0,32,
Rushil Shah,Dulles A,all,chemistry,10,40,0,0,0,0,
Rushil Shah,Dulles A,all,ess,10,40,4,2,0,16,
Rushil Shah,Dulles A,all,biology,10,40,0,0,0,0,
Rushil Shah,Dulles A,all,physics,10,40,4,1,0,16,
Jackson Sibley,Tupelo,all,overall,5,120,9,11,1,32,
Jackson Sibley,Tupelo,all,other,5,20,2,1,0,8,
Jackson Sibley,Tupelo,all,math,5,20,0,1,0,0,
Jackson Sibley,Tupelo,all,chemistry,5,20,0,2,0,0,
Jackson Sibley,Tupelo,all,ess,5,20,3,3,1,8,
Jackson Sibley,Tupelo,all,biology,5,20,0,2,0,0,
Jackson Sibley,Tupelo,all,physics,5,20,4,2,0,16,
Neel Bhattacharyya,Poolesville A,all,overall,5,120,11,9,3,32,
Neel Bhattacharyya,Poolesville A,all,other,5,20,1,3,1,0,
Neel Bhattacharyya,Poolesville A,all,math,5,20,1,1,1,0,
Neel Bhattacharyya,Poolesville A,all,chemistry,5,20,5,0,0,20,
Neel Bhattacharyya,Poolesville A,all,ess,5,20,3,2,1,8,
Neel Bhattacharyya,Poolesville A,all,biology,5,20,0,2,0,0,
Neel Bhattacharyya,Poolesville A,all,physics,5,20,1,1,0,4,
Justin Chen,Blair A,all,overall,9,216,24,11,10,56,
Justin Chen,Blair A,all,other,9,36,3,0,1,8,
Justin Chen,Blair A,all,math,9,36,5,2,2,12,
Justin Chen,Blair A,all,chemistry,9,36,0,0,0,0,
Justin Chen,Blair A,all,ess,9,36,9,4,2,28,
Justin Chen,Blair A,all,biology,9,36,0,0,0,0,
Justin Chen,Blair A,all,physics,9,36,7,5,5,8,
Glisic Nevena,Brooklyn Tech B,all,overall,4,96,6,4,0,24,
Glisic Nevena,Brooklyn Tech B,all,other,4,16,1,1,0,4,
Glisic Nevena,Brooklyn Tech B,all,math,4,16,2,0,0,8,
Glisic Nevena,Brooklyn Tech B,all,chemistry,4,16,1,0,0,4,
Glisic Nevena,Brooklyn Tech B,all,ess,4,16,1,1,0,4,
Glisic Nevena,Brooklyn Tech B,all,biology,4,16,0,2,0,0,
Glisic Nevena,Brooklyn Tech B,all,physics,4,16,1,0,0,4,
Avinash Aravind,Edison A,all,overall,4,96,6,6,0,24,
Avinash Aravind,Edison A,all,other,4,16,2,2,0,8,
Avinash Aravind,Edison A,all,math,4,16,1,1,0,4,
Avinash Aravind,Edison A,all,chemistry,4,16,0,0,0,0,
Avinash Aravind,Edison A,all,ess,4,16,2,2,0,8,
Avinash Aravind,Edison A,all,biology,4,16,1,0,0,4,
Avinash Aravind,Edison A,all,physics,4,16,0,1,0,0,
Logan Lee,Iolani B,all,overall,4,96,6,5,0,24,
Logan Lee,Iolani B,all,other,4,16,0,1,0,0,
Logan Lee,Iolani B,all,math,4,16,5,0,0,20,
Logan Lee,Iolani B,all,chemistry,4,16,0,1,0,0,
Logan Lee,Iolani B,all,ess,4,16,0,1,0,0,
Logan Lee,Iolani B,all,biology,4,16,1,1,0,4,
Logan Lee,Iolani B,all,physics,4,16,0,1,0,0,
Shreyan Singha,AHS Broward B,all,overall,6,144,9,7,0,36,
Shreyan Singha,AHS Broward B,all,other,6,24,3,0,0,12,
Shreyan Singha,AHS Broward B,all,math,6,24,0,0,0,0,
Shreyan Singha,AHS Broward B,all,chemistry,6,24,1,2,0,4,
Shreyan Singha,AHS Broward B,all,ess,6,24,0,4,0,0,
Shreyan Singha,AHS Broward B,all,biology,6,24,5,1,0,20,
Shreyan Singha,AHS Broward B,all,physics,6,24,0,0,0,0,
Asher Shmidov,Brooklyn Tech A,all,overall,4,96,6,6,0,24,
Asher Shmidov,Brooklyn Tech A,all,other,4,16,1,1,0,4,
Asher Shmidov,Brooklyn Tech A,all,math,4,16,4,3,0,16,
Asher Shmidov,Brooklyn Tech A,all,chemistry,4,16,0,1,0,0,
Asher Shmidov,Brooklyn Tech A,all,ess,4,16,1,1,0,4,
Asher Shmidov,Brooklyn Tech A,all,biology,4,16,0,0,0,0,
Asher Shmidov,Brooklyn Tech A,all,physics,4,16,0,0,0,0,
Arnav Doshi,Quail Valley,all,overall,4,96,8,7,2,24,
Arnav Doshi,Quail Valley,all,other,4,16,0,1,1,-4,
Arnav Doshi,Quail Valley,all,math,4,16,1,2,0,4,
Arnav Doshi,Quail Valley,all,chemistry,4,16,1,0,0,4,
Arnav Doshi,Quail Valley,all,ess,4,16,2,0,0,8,
Arnav Doshi,Quail Valley,all,biology,4,16,2,0,1,4,
Arnav Doshi,Quail Valley,all,physics,4,16,2,4,0,8,
Biraj Pokhrel,Lindbergh B,all,overall,4,96,6,16,0,24,
Biraj Pokhrel,Lindbergh B,all,other,4,16,1,2,0,4,
Biraj Pokhrel,Lindbergh B,all,math,4,16,0,1,0,0,
Biraj Pokhrel,Lindbergh B,all,chemistry,4,16,1,3,0,4,
Biraj Pokhrel,Lindbergh B,all,ess,4,16,1,3,0,4,
Biraj Pokhrel,Lindbergh B,all,biology,4,16,1,4,0,4,
Biraj Pokhrel,Lindbergh B,all,physics,4,16,2,3,0,8,
Eshaan Dhaliwal,SCDS,all,overall,4,96,6,4,0,24,
Eshaan Dhaliwal,SCDS,all,other,4,16,0,0,0,0,
Eshaan Dhaliwal,SCDS,all,math,4,16,0,0,0,0,
Eshaan Dhaliwal,SCDS,all,chemistry,4,16,5,2,0,20,
Eshaan Dhaliwal,SCDS,all,ess,4,16,0,0,0,0,
Eshaan Dhaliwal,SCDS,all,biology,4,16,1,1,0,4,
Eshaan Dhaliwal,SCDS,all,physics,4,16,0,1,0,0,
Alan Wu,AHS Broward A,all,overall,6,144,9,2,0,36,
Alan Wu,AHS Broward A,all,other,6,24,2,0,0,8,
Alan Wu,AHS Broward A,all,math,6,24,1,0,0,4,
Alan Wu,AHS Broward A,all,chemistry,6,24,0,0,0,0,
Alan Wu,AHS Broward A,all,ess,6,24,1,0,0,4,
Alan Wu,AHS Broward A,all,biology,6,24,0,0,0,0,
Alan Wu,AHS Broward A,all,physics,6,24,5,2,0,20,
Kian Dhawan,Blair C,all,overall,8,192,13,10,1,48,
Kian Dhawan,Blair C,all,other,8,32,2,1,1,4,
Kian Dhawan,Blair C,all,math,8,32,5,2,0,20,
Kian Dhawan,Blair C,all,chemistry,8,32,1,0,0,4,
Kian Dhawan,Blair C,all,ess,8,32,2,2,0,8,
Kian Dhawan,Blair C,all,biology,8,32,2,3,0,8,
Kian Dhawan,Blair C,all,physics,8,32,1,2,0,4,
Tanmay Gupta,Lexington B,all,overall,7,168,10,5,0,40,
Tanmay Gupta,Lexington B,all,other,7,28,1,3,0,4,
Tanmay Gupta,Lexington B,all,math,7,28,1,0,0,4,
Tanmay Gupta,Lexington B,all,chemistry,7,28,0,1,0,0,
Tanmay Gupta,Lexington B,all,ess,7,28,0,0,0,0,
Tanmay Gupta,Lexington B,all,biology,7,28,2,0,0,8,
Tanmay Gupta,Lexington B,all,physics,7,28,6,1,0,24,
Daniel Ling,Poolesville B,all,overall,5,120,7,3,0,28,
Daniel Ling,Poolesville B,all,other,5,20,1,0,0,4,
Daniel Ling,Poolesville B,all,math,5,20,2,0,0,8,
Daniel Ling,Poolesville B,all,chemistry,5,20,0,0,0,0,
Daniel Ling,Poolesville B,all,ess,5,20,3,0,0,12,
Daniel Ling,Poolesville B,all,biology,5,20,0,2,0,0,
Daniel Ling,Poolesville B,all,physics,5,20,1,1,0,4,
Devin Cross,Glastonbury A,all,overall,5,120,7,6,0,28,
Devin Cross,Glastonbury A,all,other,5,20,1,1,0,4,
Devin Cross,Glastonbury A,all,math,5,20,1,0,0,4,
Devin Cross,Glastonbury A,all,chemistry,5,20,2,2,0,8,
Devin Cross,Glastonbury A,all,ess,5,20,0,2,0,0,
Devin Cross,Glastonbury A,all,biology,5,20,0,0,0,0,
Devin Cross,Glastonbury A,all,physics,5,20,3,1,0,12,
Anant,Dulles A,all,overall,10,240,18,5,4,56,
Anant,Dulles A,all,other,10,40,1,0,0,4,
Anant,Dulles A,all,math,10,40,4,4,1,12,
Anant,Dulles A,all,chemistry,10,40,10,0,3,28,
Anant,Dulles A,all,ess,10,40,0,0,0,0,
Anant,Dulles A,all,biology,10,40,0,0,0,0,
Anant,Dulles A,all,physics,10,40,3,1,0,12,
Harris Chen,Collierville,all,overall,8,192,11,7,0,44,
Harris Chen,Collierville,all,other,8,32,0,0,0,0,
Harris Chen,Collierville,all,math,8,32,1,4,0,4,
Harris Chen,Collierville,all,chemistry,8,32,6,2,0,24,
Harris Chen,Collierville,all,ess,8,32,0,0,0,0,
Harris Chen,Collierville,all,biology,8,32,0,0,0,0,
Harris Chen,Collierville,all,physics,8,32,4,1,0,16,
Rishi Yellamraju,ASFA A,all,overall,8,192,12,5,1,44,
Rishi Yellamraju,ASFA A,all,other,8,32,1,1,0,4,
Rishi Yellamraju,ASFA A,all,math,8,32,3,0,0,12,
Rishi Yellamraju,ASFA A,all,chemistry,8,32,1,0,0,4,
Rishi Yellamraju,ASFA A,all,ess,8,32,2,0,0,8,
Rishi Yellamraju,ASFA A,all,biology,8,32,4,3,0,16,
Rishi Yellamraju,ASFA A,all,physics,8,32,1,1,1,0,
Aaron Lin,Ladue,all,overall,8,192,13,2,2,44,
Aaron Lin,Ladue,all,other,8,32,1,0,0,4,
Aaron Lin,Ladue,all,math,8,32,10,1,2,32,
Aaron Lin,Ladue,all,chemistry,8,32,0,0,0,0,
Aaron Lin,Ladue,all,ess,8,32,0,0,0,0,
Aaron Lin,Ladue,all,biology,8,32,1,0,0,4,
Aaron Lin,Ladue,all,physics,8,32,1,1,0,4,
Rithvik Marri,AHS Broward A,all,overall,6,144,9,1,1,32,
Rithvik Marri,AHS Broward A,all,other,6,24,3,0,0,12,
Rithvik Marri,AHS Broward A,all,math,6,24,2,0,0,8,
Rithvik Marri,AHS Broward A,all,chemistry,6,24,0,0,0,0,
Rithvik Marri,AHS Broward A,all,ess,6,24,1,0,0,4,
Rithvik Marri,AHS Broward A,all,biology,6,24,3,1,1,8,
Rithvik Marri,AHS Broward A,all,physics,6,24,0,0,0,0,
Justin Lu,Iolani A,all,overall,6,144,9,2,1,32,
Justin Lu,Iolani A,all,other,6,24,0,0,0,0,
Justin Lu,Iolani A,all,math,6,24,4,0,0,16,
Justin Lu,Iolani A,all,chemistry,6,24,0,0,0,0,
Justin Lu,Iolani A,all,ess,6,24,0,0,0,0,
Justin Lu,Iolani A,all,biology,6,24,5,2,1,16,
Justin Lu,Iolani A,all,physics,6,24,0,0,0,0,
Stephen Chen,Blair A,all,overall,9,216,16,6,4,48,
Stephen Chen,Blair A,all,other,9,36,2,2,3,-4,
Stephen Chen,Blair A,all,math,9,36,2,0,0,8,
Stephen Chen,Blair A,all,chemistry,9,36,0,0,0,0,
Stephen Chen,Blair A,all,ess,9,36,4,0,1,12,
Stephen Chen,Blair A,all,biology,9,36,0,0,0,0,
Stephen Chen,Blair A,all,physics,9,36,8,4,0,32,
Christopher Jin,Blair B,all,overall,7,168,11,8,2,36,
Christopher Jin,Blair B,all,other,7,28,4,1,1,12,
Christopher Jin,Blair B,all,math,7,28,1,0,0,4,
Christopher Jin,Blair B,all,chemistry,7,28,5,2,1,16,
Christopher Jin,Blair B,all,ess,7,28,1,3,0,4,
Christopher Jin,Blair B,all,biology,7,28,0,0,0,0,
Christopher Jin,Blair B,all,physics,7,28,0,2,0,0,
Saqib Baig,Liberty A,all,overall,4,96,5,7,0,20,
Saqib Baig,Liberty A,all,other,4,16,0,1,0,0,
Saqib Baig,Liberty A,all,math,4,16,1,0,0,4,
Saqib Baig,Liberty A,all,chemistry,4,16,1,2,0,4,
Saqib Baig,Liberty A,all,ess,4,16,1,1,0,4,
Saqib Baig,Liberty A,all,biology,4,16,1,1,0,4,
Saqib Baig,Liberty A,all,physics,4,16,1,2,0,4,
KIRA TITOVA,New Canaan,all,overall,4,96,5,10,0,20,
KIRA TITOVA,New Canaan,all,other,4,16,1,1,0,4,
KIRA TITOVA,New Canaan,all,math,4,16,1,0,0,4,
KIRA TITOVA,New Canaan,all,chemistry,4,16,0,2,0,0,
KIRA TITOVA,New Canaan,all,ess,4,16,0,2,0,0,
KIRA TITOVA,New Canaan,all,biology,4,16,0,2,0,0,
KIRA TITOVA,New Canaan,all,physics,4,16,3,3,0,12,
Sanjay Gadadas,John Adams,all,overall,4,96,5,5,0,20,
Sanjay Gadadas,John Adams,all,other,4,16,1,1,0,4,
Sanjay Gadadas,John Adams,all,math,4,16,0,1,0,0,
Sanjay Gadadas,John Adams,all,chemistry,4,16,0,1,0,0,
Sanjay Gadadas,John Adams,all,ess,4,16,1,0,0,4,
Sanjay Gadadas,John Adams,all,biology,4,16,2,2,0,8,
Sanjay Gadadas,John Adams,all,physics,4,16,1,0,0,4,
William Peng,ASFA B,all,overall,4,96,5,1,0,20,
William Peng,ASFA B,all,other,4,16,0,0,0,0,
William Peng,ASFA B,all,math,4,16,0,0,0,0,
William Peng,ASFA B,all,chemistry,4,16,4,0,0,16,
William Peng,ASFA B,all,ess,4,16,0,0,0,0,
William Peng,ASFA B,all,biology,4,16,0,1,0,0,
William Peng,ASFA B,all,physics,4,16,1,0,0,4,
Emily Hu,Naperville North B,all,overall,4,96,7,11,2,20,
Emily Hu,Naperville North B,all,other,4,16,1,2,1,0,
Emily Hu,Naperville North B,all,math,4,16,1,1,0,4,
Emily Hu,Naperville North B,all,chemistry,4,16,2,1,0,8,
Emily Hu,Naperville North B,all,ess,4,16,1,2,1,0,
Emily Hu,Naperville North B,all,biology,4,16,2,2,0,8,
Emily Hu,Naperville North B,all,physics,4,16,0,3,0,0,
Janet Fu,Fayetteville,all,overall,4,96,6,9,1,20,
Janet Fu,Fayetteville,all,other,4,16,3,0,1,8,
Janet Fu,Fayetteville,all,math,4,16,1,2,0,4,
Janet Fu,Fayetteville,all,chemistry,4,16,1,0,0,4,
Janet Fu,Fayetteville,all,ess,4,16,0,2,0,0,
Janet Fu,Fayetteville,all,biology,4,16,1,5,0,4,
Janet Fu,Fayetteville,all,physics,4,16,0,0,0,0,
Chris Chen,Westminster,all,overall,9,216,13,6,2,44,
Chris Chen,Westminster,all,other,9,36,2,0,0,8,
Chris Chen,Westminster,all,math,9,36,1,1,0,4,
Chris Chen,Westminster,all,chemistry,9,36,0,0,0,0,
Chris Chen,Westminster,all,ess,9,36,0,0,0,0,
Chris Chen,Westminster,all,biology,9,36,0,0,0,0,
Chris Chen,Westminster,all,physics,9,36,10,5,2,32,
Nathan Shan,Blair A,all,overall,9,216,12,9,1,44,
Nathan Shan,Blair A,all,other,9,36,2,0,0,8,
Nathan Shan,Blair A,all,math,9,36,10,9,1,36,
Nathan Shan,Blair A,all,chemistry,9,36,0,0,0,0,
Nathan Shan,Blair A,all,ess,9,36,0,0,0,0,
Nathan Shan,Blair A,all,biology,9,36,0,0,0,0,
Nathan Shan,Blair A,all,physics,9,36,0,0,0,0,
ADEEB MOHAMMED,Brooklyn Tech D,all,overall,5,120,6,13,0,24,
ADEEB MOHAMMED,Brooklyn Tech D,all,other,5,20,0,1,0,0,
ADEEB MOHAMMED,Brooklyn Tech D,all,math,5,20,0,5,0,0,
ADEEB MOHAMMED,Brooklyn Tech D,all,chemistry,5,20,2,3,0,8,
ADEEB MOHAMMED,Brooklyn Tech D,all,ess,5,20,2,2,0,8,
ADEEB MOHAMMED,Brooklyn Tech D,all,biology,5,20,2,1,0,8,
ADEEB MOHAMMED,Brooklyn Tech D,all,physics,5,20,0,1,0,0,
Soham Kyada,Poolesville B,all,overall,5,120,6,6,0,24,
Soham Kyada,Poolesville B,all,other,5,20,2,0,0,8,
Soham Kyada,Poolesville B,all,math,5,20,3,2,0,12,
Soham Kyada,Poolesville B,all,chemistry,5,20,0,1,0,0,
Soham Kyada,Poolesville B,all,ess,5,20,1,1,0,4,
Soham Kyada,Poolesville B,all,biology,5,20,0,0,0,0,
Soham Kyada,Poolesville B,all,physics,5,20,0,2,0,0,
Vijay Hans,Buchholz B,all,overall,5,120,6,1,0,24,
Vijay Hans,Buchholz B,all,other,5,20,2,0,0,8,
Vijay Hans,Buchholz B,all,math,5,20,2,0,0,8,
Vijay Hans,Buchholz B,all,chemistry,5,20,0,0,0,0,
Vijay Hans,Buchholz B,all,ess,5,20,0,0,0,0,
Vijay Hans,Buchholz B,all,biology,5,20,1,1,0,4,
Vijay Hans,Buchholz B,all,physics,5,20,1,0,0,4,
Keisuke Kwong,Iolani A,all,overall,6,144,7,0,0,28,
Keisuke Kwong,Iolani A,all,other,6,24,0,0,0,0,
Keisuke Kwong,Iolani A,all,math,6,24,7,0,0,28,
Keisuke Kwong,Iolani A,all,chemistry,6,24,0,0,0,0,
Keisuke Kwong,Iolani A,all,ess,6,24,0,0,0,0,
Keisuke Kwong,Iolani A,all,biology,6,24,0,0,0,0,
Keisuke Kwong,Iolani A,all,physics,6,24,0,0,0,0,
Cedric Xiao,PRISMS,all,overall,7,168,9,3,1,32,
Cedric Xiao,PRISMS,all,other,7,28,0,0,0,0,
Cedric Xiao,PRISMS,all,math,7,28,6,0,0,24,
Cedric Xiao,PRISMS,all,chemistry,7,28,0,0,0,0,
Cedric Xiao,PRISMS,all,ess,7,28,0,0,0,0,
Cedric Xiao,PRISMS,all,biology,7,28,0,1,0,0,
Cedric Xiao,PRISMS,all,physics,7,28,3,2,1,8,
Varun Kute,Green Hope A,all,overall,7,168,8,5,0,32,
Varun Kute,Green Hope A,all,other,7,28,4,1,0,16,
Varun Kute,Green Hope A,all,math,7,28,4,2,0,16,
Varun Kute,Green Hope A,all,chemistry,7,28,0,1,0,0,
Varun Kute,Green Hope A,all,ess,7,28,0,0,0,0,
Varun Kute,Green Hope A,all,biology,7,28,0,1,0,0,
Varun Kute,Green Hope A,all,physics,7,28,0,0,0,0,
Jason Youm,Blair B,all,overall,7,168,10,8,2,32,
Jason Youm,Blair B,all,other,7,28,0,0,0,0,
Jason Youm,Blair B,all,math,7,28,5,3,0,20,
Jason Youm,Blair B,all,chemistry,7,28,1,1,0,4,
Jason Youm,Blair B,all,ess,7,28,3,0,2,4,
Jason Youm,Blair B,all,biology,7,28,0,0,0,0,
Jason Youm,Blair B,all,physics,7,28,1,4,0,4,
Emmanuel Zheng,Buchholz A,all,overall,9,216,11,1,1,40,
Emmanuel Zheng,Buchholz A,all,other,9,36,3,1,0,12,
Emmanuel Zheng,Buchholz A,all,math,9,36,0,0,0,0,
Emmanuel Zheng,Buchholz A,all,chemistry,9,36,0,0,0,0,
Emmanuel Zheng,Buchholz A,all,ess,9,36,8,0,1,28,
Emmanuel Zheng,Buchholz A,all,biology,9,36,0,0,0,0,
Emmanuel Zheng,Buchholz A,all,physics,9,36,0,0,0,0,
Shlok Parija,Dulles A,all,overall,10,240,17,7,6,44,
Shlok Parija,Dulles A,all,other,10,40,1,1,2,-4,
Shlok Parija,Dulles A,all,math,10,40,4,2,1,12,
Shlok Parija,Dulles A,all,chemistry,10,40,0,0,0,0,
Shlok Parija,Dulles A,all,ess,10,40,7,1,1,24,
Shlok Parija,Dulles A,all,biology,10,40,1,0,0,4,
Shlok Parija,Dulles A,all,physics,10,40,4,3,2,8,
Arya Rathi,JP Stevens C,all,overall,4,96,5,10,1,16,
Arya Rathi,JP Stevens C,all,other,4,16,0,3,0,0,
Arya Rathi,JP Stevens C,all,math,4,16,3,3,0,12,
Arya Rathi,JP Stevens C,all,chemistry,4,16,1,0,0,4,
Arya Rathi,JP Stevens C,all,ess,4,16,0,3,0,0,
Arya Rathi,JP Stevens C,all,biology,4,16,0,0,1,-4,
Arya Rathi,JP Stevens C,all,physics,4,16,1,1,0,4,
LibertyBAryaB,Liberty B,all,overall,4,96,6,17,2,16,
LibertyBAryaB,Liberty B,all,other,4,16,2,4,1,4,
LibertyBAryaB,Liberty B,all,math,4,16,0,0,0,0,
LibertyBAryaB,Liberty B,all,chemistry,4,16,0,6,0,0,
LibertyBAryaB,Liberty B,all,ess,4,16,2,3,0,8,
LibertyBAryaB,Liberty B,all,biology,4,16,1,3,1,0,
LibertyBAryaB,Liberty B,all,physics,4,16,1,1,0,4,
Laya Gowder,Liberty B,all,overall,4,96,4,3,0,16,
Laya Gowder,Liberty B,all,other,4,16,0,0,0,0,
Laya Gowder,Liberty B,all,math,4,16,1,0,0,4,
Laya Gowder,Liberty B,all,chemistry,4,16,1,1,0,4,
Laya Gowder,Liberty B,all,ess,4,16,0,0,0,0,
Laya Gowder,Liberty B,all,biology,4,16,1,0,0,4,
Laya Gowder,Liberty B,all,physics,4,16,1,2,0,4,
Valerie Ye,Brooklyn Tech D,all,overall,5,120,5,9,0,20,
Valerie Ye,Brooklyn Tech D,all,other,5,20,1,0,0,4,
Valerie Ye,Brooklyn Tech D,all,math,5,20,1,2,0,4,
Valerie Ye,Brooklyn Tech D,all,chemistry,5,20,0,2,0,0,
Valerie Ye,Brooklyn Tech D,all,ess,5,20,0,1,0,0,
Valerie Ye,Brooklyn Tech D,all,biology,5,20,1,1,0,4,
Valerie Ye,Brooklyn Tech D,all,physics,5,20,2,3,0,8,
Sanshray Singh,AHS Broward A,all,overall,6,144,6,4,0,24,
Sanshray Singh,AHS Broward A,all,other,6,24,3,1,0,12,
Sanshray Singh,AHS Broward A,all,math,6,24,0,0,0,0,
Sanshray Singh,AHS Broward A,all,chemistry,6,24,0,0,0,0,
Sanshray Singh,AHS Broward A,all,ess,6,24,1,1,0,4,
Sanshray Singh,AHS Broward A,all,biology,6,24,2,2,0,8,
Sanshray Singh,AHS Broward A,all,physics,6,24,0,0,0,0,
Patrick Foley,Poolesville A,all,overall,5,120,5,0,0,20,
Patrick Foley,Poolesville A,all,other,5,20,2,0,0,8,
Patrick Foley,Poolesville A,all,math,5,20,0,0,0,0,
Patrick Foley,Poolesville A,all,chemistry,5,20,0,0,0,0,
Patrick Foley,Poolesville A,all,ess,5,20,3,0,0,12,
Patrick Foley,Poolesville A,all,biology,5,20,0,0,0,0,
Patrick Foley,Poolesville A,all,physics,5,20,0,0,0,0,
Shlok Kumar,John Adams,all,overall,4,96,4,10,0,16,
Shlok Kumar,John Adams,all,other,4,16,0,1,0,0,
Shlok Kumar,John Adams,all,math,4,16,2,1,0,8,
Shlok Kumar,John Adams,all,chemistry,4,16,2,2,0,8,
Shlok Kumar,John Adams,all,ess,4,16,0,0,0,0,
Shlok Kumar,John Adams,all,biology,4,16,0,0,0,0,
Shlok Kumar,John Adams,all,physics,4,16,0,6,0,0,
Vatsal Patel,AMSA B,all,overall,4,96,4,19,0,16,
Vatsal Patel,AMSA B,all,other,4,16,0,3,0,0,
Vatsal Patel,AMSA B,all,math,4,16,0,3,0,0,
Vatsal Patel,AMSA B,all,chemistry,4,16,0,3,0,0,
Vatsal Patel,AMSA B,all,ess,4,16,2,2,0,8,
Vatsal Patel,AMSA B,all,biology,4,16,2,3,0,8,
Vatsal Patel,AMSA B,all,physics,4,16,0,5,0,0,
Richard Yan,AMSA C,all,overall,4,96,4,7,0,16,
Richard Yan,AMSA C,all,other,4,16,0,1,0,0,
Richard Yan,AMSA C,all,math,4,16,1,2,0,4,
Richard Yan,AMSA C,all,chemistry,4,16,2,1,0,8,
Richard Yan,AMSA C,all,ess,4,16,0,1,0,0,
Richard Yan,AMSA C,all,biology,4,16,0,0,0,0,
Richard Yan,AMSA C,all,physics,4,16,1,2,0,4,
Deep Patel,Maryville C,all,overall,4,96,4,4,0,16,
Deep Patel,Maryville C,all,other,4,16,0,0,0,0,
Deep Patel,Maryville C,all,math,4,16,0,0,0,0,
Deep Patel,Maryville C,all,chemistry,4,16,0,0,0,0,
Deep Patel,Maryville C,all,ess,4,16,0,0,0,0,
Deep Patel,Maryville C,all,biology,4,16,1,0,0,4,
Deep Patel,Maryville C,all,physics,4,16,3,4,0,12,
Adam Inamasu,Iolani A,all,overall,6,144,6,2,0,24,
Adam Inamasu,Iolani A,all,other,6,24,0,0,0,0,
Adam Inamasu,Iolani A,all,math,6,24,0,0,0,0,
Adam Inamasu,Iolani A,all,chemistry,6,24,3,1,0,12,
Adam Inamasu,Iolani A,all,ess,6,24,0,0,0,0,
Adam Inamasu,Iolani A,all,biology,6,24,0,0,0,0,
Adam Inamasu,Iolani A,all,physics,6,24,3,1,0,12,
Emily Gu,BOW A,all,overall,5,120,6,17,1,20,
Emily Gu,BOW A,all,other,5,20,1,2,0,4,
Emily Gu,BOW A,all,math,5,20,2,1,1,4,
Emily Gu,BOW A,all,chemistry,5,20,2,3,0,8,
Emily Gu,BOW A,all,ess,5,20,0,2,0,0,
Emily Gu,BOW A,all,biology,5,20,0,5,0,0,
Emily Gu,BOW A,all,physics,5,20,1,4,0,4,
Nikhita Katragadda,Liberty A,all,overall,4,96,4,2,0,16,
Nikhita Katragadda,Liberty A,all,other,4,16,3,1,0,12,
Nikhita Katragadda,Liberty A,all,math,4,16,0,0,0,0,
Nikhita Katragadda,Liberty A,all,chemistry,4,16,0,0,0,0,
Nikhita Katragadda,Liberty A,all,ess,4,16,0,0,0,0,
Nikhita Katragadda,Liberty A,all,biology,4,16,1,1,0,4,
Nikhita Katragadda,Liberty A,all,physics,4,16,0,0,0,0,
Sweta Navnith,Naperville North A,all,overall,6,144,6,12,0,24,
Sweta Navnith,Naperville North A,all,other,6,24,0,0,0,0,
Sweta Navnith,Naperville North A,all,math,6,24,1,1,0,4,
Sweta Navnith,Naperville North A,all,chemistry,6,24,1,3,0,4,
Sweta Navnith,Naperville North A,all,ess,6,24,2,4,0,8,
Sweta Navnith,Naperville North A,all,biology,6,24,1,2,0,4,
Sweta Navnith,Naperville North A,all,physics,6,24,1,2,0,4,
Gina Wang,Wayland A,all,overall,4,96,4,5,0,16,
Gina Wang,Wayland A,all,other,4,16,1,3,0,4,
Gina Wang,Wayland A,all,math,4,16,1,0,0,4,
Gina Wang,Wayland A,all,chemistry,4,16,0,0,0,0,
Gina Wang,Wayland A,all,ess,4,16,0,0,0,0,
Gina Wang,Wayland A,all,biology,4,16,2,2,0,8,
Gina Wang,Wayland A,all,physics,4,16,0,0,0,0,
Amruth Nadimpally,JP Stevens C,all,overall,4,96,4,6,0,16,
Amruth Nadimpally,JP Stevens C,all,other,4,16,2,0,0,8,
Amruth Nadimpally,JP Stevens C,all,math,4,16,0,2,0,0,
Amruth Nadimpally,JP Stevens C,all,chemistry,4,16,0,2,0,0,
Amruth Nadimpally,JP Stevens C,all,ess,4,16,0,0,0,0,
Amruth Nadimpally,JP Stevens C,all,biology,4,16,0,0,0,0,
Amruth Nadimpally,JP Stevens C,all,physics,4,16,2,2,0,8,
Krishna Harish,Quail Valley,all,overall,4,96,6,5,2,16,
Krishna Harish,Quail Valley,all,other,4,16,0,1,1,-4,
Krishna Harish,Quail Valley,all,math,4,16,4,2,1,12,
Krishna Harish,Quail Valley,all,chemistry,4,16,0,1,0,0,
Krishna Harish,Quail Valley,all,ess,4,16,1,0,0,4,
Krishna Harish,Quail Valley,all,biology,4,16,1,0,0,4,
Krishna Harish,Quail Valley,all,physics,4,16,0,1,0,0,
Pragya Singh,Edison A,all,overall,4,96,4,6,0,16,
Pragya Singh,Edison A,all,other,4,16,0,1,0,0,
Pragya Singh,Edison A,all,math,4,16,1,3,0,4,
Pragya Singh,Edison A,all,chemistry,4,16,0,0,0,0,
Pragya Singh,Edison A,all,ess,4,16,2,0,0,8,
Pragya Singh,Edison A,all,biology,4,16,0,1,0,0,
Pragya Singh,Edison A,all,physics,4,16,1,1,0,4,
Daniel Zhao,ASFA A,all,overall,8,192,9,11,1,32,
Daniel Zhao,ASFA A,all,other,8,32,2,2,0,8,
Daniel Zhao,ASFA A,all,math,8,32,1,1,0,4,
Daniel Zhao,ASFA A,all,chemistry,8,32,0,0,0,0,
Daniel Zhao,ASFA A,all,ess,8,32,0,2,0,0,
Daniel Zhao,ASFA A,all,biology,8,32,5,4,1,16,
Daniel Zhao,ASFA A,all,physics,8,32,1,2,0,4,
Atri,MCA,all,overall,6,144,7,3,1,24,
Atri,MCA,all,other,6,24,2,0,0,8,
Atri,MCA,all,math,6,24,1,0,0,4,
Atri,MCA,all,chemistry,6,24,1,2,0,4,
Atri,MCA,all,ess,6,24,2,0,1,4,
Atri,MCA,all,biology,6,24,1,0,0,4,
Atri,MCA,all,physics,6,24,0,1,0,0,
Josh Shi,PRISMS,all,overall,7,168,7,3,0,28,
Josh Shi,PRISMS,all,other,7,28,4,2,0,16,
Josh Shi,PRISMS,all,math,7,28,0,0,0,0,
Josh Shi,PRISMS,all,chemistry,7,28,2,0,0,8,
Josh Shi,PRISMS,all,ess,7,28,1,0,0,4,
Josh Shi,PRISMS,all,biology,7,28,0,0,0,0,
Josh Shi,PRISMS,all,physics,7,28,0,1,0,0,
Jack Finneran (AHS Broward A),AHS Broward A,all,overall,6,144,6,3,0,24,
Jack Finneran (AHS Broward A),AHS Broward A,all,other,6,24,0,0,0,0,
Jack Finneran (AHS Broward A),AHS Broward A,all,math,6,24,1,1,0,4,
Jack Finneran (AHS Broward A),AHS Broward A,all,chemistry,6,24,0,0,0,0,
Jack Finneran (AHS Broward A),AHS Broward A,all,ess,6,24,1,0,0,4,
Jack Finneran (AHS Broward A),AHS Broward A,all,biology,6,24,4,0,0,16,
Jack Finneran (AHS Broward A),AHS Broward A,all,physics,6,24,0,2,0,0,
spencerd,Glastonbury A,all,overall,5,120,5,0,0,20,
spencerd,Glastonbury A,all,other,5,20,1,0,0,4,
spencerd,Glastonbury A,all,math,5,20,4,0,0,16,
spencerd,Glastonbury A,all,chemistry,5,20,0,0,0,0,
spencerd,Glastonbury A,all,ess,5,20,0,0,0,0,
spencerd,Glastonbury A,all,biology,5,20,0,0,0,0,
spencerd,Glastonbury A,all,physics,5,20,0,0,0,0,
Divya Krishna,Edison B,all,overall,5,120,5,3,0,20,
Divya Krishna,Edison B,all,other,5,20,2,0,0,8,
Divya Krishna,Edison B,all,math,5,20,1,0,0,4,
Divya Krishna,Edison B,all,chemistry,5,20,1,3,0,4,
Divya Krishna,Edison B,all,ess,5,20,0,0,0,0,
Divya Krishna,Edison B,all,biology,5,20,1,0,0,4,
Divya Krishna,Edison B,all,physics,5,20,0,0,0,0,
Terrence Han,Buchholz B,all,overall,5,120,7,4,2,20,
Terrence Han,Buchholz B,all,other,5,20,3,1,1,8,
Terrence Han,Buchholz B,all,math,5,20,1,0,0,4,
Terrence Han,Buchholz B,all,chemistry,5,20,0,0,0,0,
Terrence Han,Buchholz B,all,ess,5,20,0,1,0,0,
Terrence Han,Buchholz B,all,biology,5,20,2,1,1,4,
Terrence Han,Buchholz B,all,physics,5,20,1,1,0,4,
Anuprabha Dandapat,Lexington A,all,overall,12,288,13,7,2,44,
Anuprabha Dandapat,Lexington A,all,other,12,48,2,0,0,8,
Anuprabha Dandapat,Lexington A,all,math,12,48,0,0,0,0,
Anuprabha Dandapat,Lexington A,all,chemistry,12,48,10,6,2,32,
Anuprabha Dandapat,Lexington A,all,ess,12,48,0,0,0,0,
Anuprabha Dandapat,Lexington A,all,biology,12,48,1,1,0,4,
Anuprabha Dandapat,Lexington A,all,physics,12,48,0,0,0,0,
justin,Dulles A,all,overall,10,240,13,9,4,36,
justin,Dulles A,all,other,10,40,4,6,2,8,
justin,Dulles A,all,math,10,40,0,1,0,0,
justin,Dulles A,all,chemistry,10,40,0,0,0,0,
justin,Dulles A,all,ess,10,40,0,0,0,0,
justin,Dulles A,all,biology,10,40,9,2,2,28,
justin,Dulles A,all,physics,10,40,0,0,0,0,
Felicity Ni,PRISMS,all,overall,7,168,6,2,0,24,
Felicity Ni,PRISMS,all,other,7,28,0,0,0,0,
Felicity Ni,PRISMS,all,math,7,28,3,0,0,12,
Felicity Ni,PRISMS,all,chemistry,7,28,2,0,0,8,
Felicity Ni,PRISMS,all,ess,7,28,0,1,0,0,
Felicity Ni,PRISMS,all,biology,7,28,0,1,0,0,
Felicity Ni,PRISMS,all,physics,7,28,1,0,0,4,
Vallabh Ramesh,duPont Manual,all,overall,6,144,5,5,0,20,
Vallabh Ramesh,duPont Manual,all,other,6,24,3,0,0,12,
Vallabh Ramesh,duPont Manual,all,math,6,24,0,0,0,0,
Vallabh Ramesh,duPont Manual,all,chemistry,6,24,0,0,0,0,
Vallabh Ramesh,duPont Manual,all,ess,6,24,2,4,0,8,
Vallabh Ramesh,duPont Manual,all,biology,6,24,0,1,0,0,
Vallabh Ramesh,duPont Manual,all,physics,6,24,0,0,0,0,
Ishan Joshi,MCA,all,overall,6,144,5,4,0,20,
Ishan Joshi,MCA,all,other,6,24,0,0,0,0,
Ishan Joshi,MCA,all,math,6,24,3,1,0,12,
Ishan Joshi,MCA,all,chemistry,6,24,0,1,0,0,
Ishan Joshi,MCA,all,ess,6,24,1,1,0,4,
Ishan Joshi,MCA,all,biology,6,24,1,0,0,4,
Ishan Joshi,MCA,all,physics,6,24,0,1,0,0,
Srihith Nooka,AHS Broward B,all,overall,6,144,5,2,0,20,
Srihith Nooka,AHS Broward B,all,other,6,24,0,0,0,0,
Srihith Nooka,AHS Broward B,all,math,6,24,0,0,0,0,
Srihith Nooka,AHS Broward B,all,chemistry,6,24,4,1,0,16,
Srihith Nooka,AHS Broward B,all,ess,6,24,0,0,0,0,
Srihith Nooka,AHS Broward B,all,biology,6,24,0,0,0,0,
Srihith Nooka,AHS Broward B,all,physics,6,24,1,1,0,4,
Mohib Ahmed,Maryville B,all,overall,5,120,4,3,0,16,
Mohib Ahmed,Maryville B,all,other,5,20,1,0,0,4,
Mohib Ahmed,Maryville B,all,math,5,20,0,0,0,0,
Mohib Ahmed,Maryville B,all,chemistry,5,20,0,1,0,0,
Mohib Ahmed,Maryville B,all,ess,5,20,1,1,0,4,
Mohib Ahmed,Maryville B,all,biology,5,20,1,0,0,4,
Mohib Ahmed,Maryville B,all,physics,5,20,1,1,0,4,
Veera Singh,Poolesville A,all,overall,5,120,4,4,0,16,
Veera Singh,Poolesville A,all,other,5,20,0,0,0,0,
Veera Singh,Poolesville A,all,math,5,20,0,0,0,0,
Veera Singh,Poolesville A,all,chemistry,5,20,1,0,0,4,
Veera Singh,Poolesville A,all,ess,5,20,0,0,0,0,
Veera Singh,Poolesville A,all,biology,5,20,3,4,0,12,
Veera Singh,Poolesville A,all,physics,5,20,0,0,0,0,
Charvi Koniki,BOW A,all,overall,5,120,5,9,1,16,
Charvi Koniki,BOW A,all,other,5,20,0,1,0,0,
Charvi Koniki,BOW A,all,math,5,20,3,2,0,12,
Charvi Koniki,BOW A,all,chemistry,5,20,0,2,0,0,
Charvi Koniki,BOW A,all,ess,5,20,1,2,1,0,
Charvi Koniki,BOW A,all,biology,5,20,0,1,0,0,
Charvi Koniki,BOW A,all,physics,5,20,1,1,0,4,
Madhav Mandala,Edison B,all,overall,5,120,4,8,0,16,
Madhav Mandala,Edison B,all,other,5,20,0,2,0,0,
Madhav Mandala,Edison B,all,math,5,20,3,1,0,12,
Madhav Mandala,Edison B,all,chemistry,5,20,1,2,0,4,
Madhav Mandala,Edison B,all,ess,5,20,0,1,0,0,
Madhav Mandala,Edison B,all,biology,5,20,0,0,0,0,
Madhav Mandala,Edison B,all,physics,5,20,0,2,0,0,
Aneesh Guda,AMSA A,all,overall,4,96,3,7,0,12,
Aneesh Guda,AMSA A,all,other,4,16,1,1,0,4,
Aneesh Guda,AMSA A,all,math,4,16,1,3,0,4,
Aneesh Guda,AMSA A,all,chemistry,4,16,0,0,0,0,
Aneesh Guda,AMSA A,all,ess,4,16,0,0,0,0,
Aneesh Guda,AMSA A,all,biology,4,16,1,2,0,4,
Aneesh Guda,AMSA A,all,physics,4,16,0,1,0,0,
Eijo Hamada,Brooklyn Tech B,all,overall,4,96,3,4,0,12,
Eijo Hamada,Brooklyn Tech B,all,other,4,16,1,0,0,4,
Eijo Hamada,Brooklyn Tech B,all,math,4,16,1,2,0,4,
Eijo Hamada,Brooklyn Tech B,all,chemistry,4,16,0,0,0,0,
Eijo Hamada,Brooklyn Tech B,all,ess,4,16,1,1,0,4,
Eijo Hamada,Brooklyn Tech B,all,biology,4,16,0,0,0,0,
Eijo Hamada,Brooklyn Tech B,all,physics,4,16,0,1,0,0,
Jiayue Sun,BOW B,all,overall,4,96,3,12,0,12,
Jiayue Sun,BOW B,all,other,4,16,0,2,0,0,
Jiayue Sun,BOW B,all,math,4,16,1,1,0,4,
Jiayue Sun,BOW B,all,chemistry,4,16,0,2,0,0,
Jiayue Sun,BOW B,all,ess,4,16,1,1,0,4,
Jiayue Sun,BOW B,all,biology,4,16,1,1,0,4,
Jiayue Sun,BOW B,all,physics,4,16,0,5,0,0,
ERIC TSANG,Brooklyn Tech A,all,overall,4,96,3,1,0,12,
ERIC TSANG,Brooklyn Tech A,all,other,4,16,1,0,0,4,
ERIC TSANG,Brooklyn Tech A,all,math,4,16,0,1,0,0,
ERIC TSANG,Brooklyn Tech A,all,chemistry,4,16,1,0,0,4,
ERIC TSANG,Brooklyn Tech A,all,ess,4,16,1,0,0,4,
ERIC TSANG,Brooklyn Tech A,all,biology,4,16,0,0,0,0,
ERIC TSANG,Brooklyn Tech A,all,physics,4,16,0,0,0,0,
Nandhana Nair,Wayland B,all,overall,4,96,3,0,0,12,
Nandhana Nair,Wayland B,all,other,4,16,1,0,0,4,
Nandhana Nair,Wayland B,all,math,4,16,0,0,0,0,
Nandhana Nair,Wayland B,all,chemistry,4,16,0,0,0,0,
Nandhana Nair,Wayland B,all,ess,4,16,0,0,0,0,
Nandhana Nair,Wayland B,all,biology,4,16,2,0,0,8,
Nandhana Nair,Wayland B,all,physics,4,16,0,0,0,0,
Anna Ye,Brooklyn Tech B,all,overall,4,96,3,4,0,12,
Anna Ye,Brooklyn Tech B,all,other,4,16,0,0,0,0,
Anna Ye,Brooklyn Tech B,all,math,4,16,0,1,0,0,
Anna Ye,Brooklyn Tech B,all,chemistry,4,16,1,2,0,4,
Anna Ye,Brooklyn Tech B,all,ess,4,16,2,0,0,8,
Anna Ye,Brooklyn Tech B,all,biology,4,16,0,0,0,0,
Anna Ye,Brooklyn Tech B,all,physics,4,16,0,1,0,0,
Keming Meng,Fayetteville,all,overall,4,96,4,2,1,12,
Keming Meng,Fayetteville,all,other,4,16,0,0,0,0,
Keming Meng,Fayetteville,all,math,4,16,4,1,1,12,
Keming Meng,Fayetteville,all,chemistry,4,16,0,0,0,0,
Keming Meng,Fayetteville,all,ess,4,16,0,0,0,0,
Keming Meng,Fayetteville,all,biology,4,16,0,0,0,0,
Keming Meng,Fayetteville,all,physics,4,16,0,1,0,0,
Tony Zhang,BOW B,all,overall,4,96,3,4,0,12,
Tony Zhang,BOW B,all,other,4,16,1,1,0,4,
Tony Zhang,BOW B,all,math,4,16,1,0,0,4,
Tony Zhang,BOW B,all,chemistry,4,16,0,1,0,0,
Tony Zhang,BOW B,all,ess,4,16,0,1,0,0,
Tony Zhang,BOW B,all,biology,4,16,0,1,0,0,
Tony Zhang,BOW B,all,physics,4,16,1,0,0,4,
DURJOY BHADRA,Brooklyn Tech C,all,overall,4,96,3,3,0,12,
DURJOY BHADRA,Brooklyn Tech C,all,other,4,16,0,0,0,0,
DURJOY BHADRA,Brooklyn Tech C,all,math,4,16,0,0,0,0,
DURJOY BHADRA,Brooklyn Tech C,all,chemistry,4,16,2,1,0,8,
DURJOY BHADRA,Brooklyn Tech C,all,ess,4,16,0,2,0,0,
DURJOY BHADRA,Brooklyn Tech C,all,biology,4,16,1,0,0,4,
DURJOY BHADRA,Brooklyn Tech C,all,physics,4,16,0,0,0,0,
Viswa Janapati,Rickards,all,overall,4,96,3,1,0,12,
Viswa Janapati,Rickards,all,other,4,16,0,1,0,0,
Viswa Janapati,Rickards,all,math,4,16,2,0,0,8,
Viswa Janapati,Rickards,all,chemistry,4,16,0,0,0,0,
Viswa Janapati,Rickards,all,ess,4,16,1,0,0,4,
Viswa Janapati,Rickards,all,biology,4,16,0,0,0,0,
Viswa Janapati,Rickards,all,physics,4,16,0,0,0,0,
Jeeval Rambiya,Collierville,all,overall,8,192,6,4,0,24,
Jeeval Rambiya,Collierville,all,other,8,32,2,1,0,8,
Jeeval Rambiya,Collierville,all,math,8,32,0,1,0,0,
Jeeval Rambiya,Collierville,all,chemistry,8,32,0,0,0,0,
Jeeval Rambiya,Collierville,all,ess,8,32,1,0,0,4,
Jeeval Rambiya,Collierville,all,biology,8,32,3,2,0,12,
Jeeval Rambiya,Collierville,all,physics,8,32,0,0,0,0,
Andrew Yuan,New Canaan,all,overall,4,96,3,8,0,12,
Andrew Yuan,New Canaan,all,other,4,16,1,1,0,4,
Andrew Yuan,New Canaan,all,math,4,16,0,3,0,0,
Andrew Yuan,New Canaan,all,chemistry,4,16,2,0,0,8,
Andrew Yuan,New Canaan,all,ess,4,16,0,1,0,0,
Andrew Yuan,New Canaan,all,biology,4,16,0,1,0,0,
Andrew Yuan,New Canaan,all,physics,4,16,0,2,0,0,
JENNY HUANG,Brooklyn Tech B,all,overall,4,96,3,10,0,12,
JENNY HUANG,Brooklyn Tech B,all,other,4,16,2,1,0,8,
JENNY HUANG,Brooklyn Tech B,all,math,4,16,0,1,0,0,
JENNY HUANG,Brooklyn Tech B,all,chemistry,4,16,0,3,0,0,
JENNY HUANG,Brooklyn Tech B,all,ess,4,16,0,1,0,0,
JENNY HUANG,Brooklyn Tech B,all,biology,4,16,1,3,0,4,
JENNY HUANG,Brooklyn Tech B,all,physics,4,16,0,1,0,0,
Saurish Arora,John Adams,all,overall,4,96,3,10,0,12,
Saurish Arora,John Adams,all,other,4,16,0,0,0,0,
Saurish Arora,John Adams,all,math,4,16,1,3,0,4,
Saurish Arora,John Adams,all,chemistry,4,16,1,4,0,4,
Saurish Arora,John Adams,all,ess,4,16,0,0,0,0,
Saurish Arora,John Adams,all,biology,4,16,1,2,0,4,
Saurish Arora,John Adams,all,physics,4,16,0,1,0,0,
Samuel Whitley,Princeton,all,overall,4,96,4,1,1,12,
Samuel Whitley,Princeton,all,other,4,16,2,0,0,8,
Samuel Whitley,Princeton,all,math,4,16,0,0,0,0,
Samuel Whitley,Princeton,all,chemistry,4,16,2,1,1,4,
Samuel Whitley,Princeton,all,ess,4,16,0,0,0,0,
Samuel Whitley,Princeton,all,biology,4,16,0,0,0,0,
Samuel Whitley,Princeton,all,physics,4,16,0,0,0,0,
Tianjun Zhu,Northville,all,overall,4,96,3,1,0,12,
Tianjun Zhu,Northville,all,other,4,16,0,1,0,0,
Tianjun Zhu,Northville,all,math,4,16,0,0,0,0,
Tianjun Zhu,Northville,all,chemistry,4,16,0,0,0,0,
Tianjun Zhu,Northville,all,ess,4,16,0,0,0,0,
Tianjun Zhu,Northville,all,biology,4,16,3,0,0,12,
Tianjun Zhu,Northville,all,physics,4,16,0,0,0,0,
Cas Nguyen,RMHS A,all,overall,6,144,4,4,0,16,
Cas Nguyen,RMHS A,all,other,6,24,2,1,0,8,
Cas Nguyen,RMHS A,all,math,6,24,0,0,0,0,
Cas Nguyen,RMHS A,all,chemistry,6,24,0,0,0,0,
Cas Nguyen,RMHS A,all,ess,6,24,2,2,0,8,
Cas Nguyen,RMHS A,all,biology,6,24,0,0,0,0,
Cas Nguyen,RMHS A,all,physics,6,24,0,1,0,0,
Srijith Chinthalapudi,MCA,all,overall,6,144,5,2,1,16,
Srijith Chinthalapudi,MCA,all,other,6,24,1,1,0,4,
Srijith Chinthalapudi,MCA,all,math,6,24,2,1,0,8,
Srijith Chinthalapudi,MCA,all,chemistry,6,24,0,0,0,0,
Srijith Chinthalapudi,MCA,all,ess,6,24,0,0,0,0,
Srijith Chinthalapudi,MCA,all,biology,6,24,1,0,1,0,
Srijith Chinthalapudi,MCA,all,physics,6,24,1,0,0,4,
Luke Guan,Westminster,all,overall,9,216,7,0,1,24,
Luke Guan,Westminster,all,other,9,36,2,0,0,8,
Luke Guan,Westminster,all,math,9,36,0,0,0,0,
Luke Guan,Westminster,all,chemistry,9,36,0,0,0,0,
Luke Guan,Westminster,all,ess,9,36,0,0,0,0,
Luke Guan,Westminster,all,biology,9,36,5,0,1,16,
Luke Guan,Westminster,all,physics,9,36,0,0,0,0,
Saif Salchak,RMHS A,all,overall,6,144,7,4,3,16,
Saif Salchak,RMHS A,all,other,6,24,1,1,0,4,
Saif Salchak,RMHS A,all,math,6,24,0,2,0,0,
Saif Salchak,RMHS A,all,chemistry,6,24,1,0,1,0,
Saif Salchak,RMHS A,all,ess,6,24,3,1,0,12,
Saif Salchak,RMHS A,all,biology,6,24,0,0,1,-4,
Saif Salchak,RMHS A,all,physics,6,24,2,0,1,4,
Ricky Ye,Blair C,all,overall,8,192,7,12,2,20,
Ricky Ye,Blair C,all,other,8,32,0,1,0,0,
Ricky Ye,Blair C,all,math,8,32,1,1,0,4,
Ricky Ye,Blair C,all,chemistry,8,32,0,0,0,0,
Ricky Ye,Blair C,all,ess,8,32,1,4,0,4,
Ricky Ye,Blair C,all,biology,8,32,1,4,0,4,
Ricky Ye,Blair C,all,physics,8,32,4,2,2,8,
Alex Sheahan,Lindbergh A,all,overall,5,120,3,1,0,12,
Alex Sheahan,Lindbergh A,all,other,5,20,3,1,0,12,
Alex Sheahan,Lindbergh A,all,math,5,20,0,0,0,0,
Alex Sheahan,Lindbergh A,all,chemistry,5,20,0,0,0,0,
Alex Sheahan,Lindbergh A,all,ess,5,20,0,0,0,0,
Alex Sheahan,Lindbergh A,all,biology,5,20,0,0,0,0,
Alex Sheahan,Lindbergh A,all,physics,5,20,0,0,0,0,
Markandeya Yalamanchi,Green Hope B,all,overall,5,120,3,8,0,12,
Markandeya Yalamanchi,Green Hope B,all,other,5,20,0,1,0,0,
Markandeya Yalamanchi,Green Hope B,all,math,5,20,0,2,0,0,
Markandeya Yalamanchi,Green Hope B,all,chemistry,5,20,0,0,0,0,
Markandeya Yalamanchi,Green Hope B,all,ess,5,20,0,0,0,0,
Markandeya Yalamanchi,Green Hope B,all,biology,5,20,0,3,0,0,
Markandeya Yalamanchi,Green Hope B,all,physics,5,20,3,2,0,12,
Michael Miller,Maryville B,all,overall,5,120,3,5,0,12,
Michael Miller,Maryville B,all,other,5,20,0,0,0,0,
Michael Miller,Maryville B,all,math,5,20,1,5,0,4,
Michael Miller,Maryville B,all,chemistry,5,20,1,0,0,4,
Michael Miller,Maryville B,all,ess,5,20,0,0,0,0,
Michael Miller,Maryville B,all,biology,5,20,0,0,0,0,
Michael Miller,Maryville B,all,physics,5,20,1,0,0,4,
Kira Tang,Lexington B,all,overall,7,168,4,3,0,16,
Kira Tang,Lexington B,all,other,7,28,2,1,0,8,
Kira Tang,Lexington B,all,math,7,28,0,0,0,0,
Kira Tang,Lexington B,all,chemistry,7,28,1,0,0,4,
Kira Tang,Lexington B,all,ess,7,28,0,0,0,0,
Kira Tang,Lexington B,all,biology,7,28,0,2,0,0,
Kira Tang,Lexington B,all,physics,7,28,1,0,0,4,
Yunyi Ling,Blair A,all,overall,9,216,6,1,1,20,
Yunyi Ling,Blair A,all,other,9,36,0,0,0,0,
Yunyi Ling,Blair A,all,math,9,36,1,1,0,4,
Yunyi Ling,Blair A,all,chemistry,9,36,3,0,1,8,
Yunyi Ling,Blair A,all,ess,9,36,0,0,0,0,
Yunyi Ling,Blair A,all,biology,9,36,1,0,0,4,
Yunyi Ling,Blair A,all,physics,9,36,1,0,0,4,
LibertyBEiliyahH,Liberty B,all,overall,4,96,2,1,0,8,
LibertyBEiliyahH,Liberty B,all,other,4,16,0,0,0,0,
LibertyBEiliyahH,Liberty B,all,math,4,16,0,0,0,0,
LibertyBEiliyahH,Liberty B,all,chemistry,4,16,1,0,0,4,
LibertyBEiliyahH,Liberty B,all,ess,4,16,1,0,0,4,
LibertyBEiliyahH,Liberty B,all,biology,4,16,0,0,0,0,
LibertyBEiliyahH,Liberty B,all,physics,4,16,0,1,0,0,
Gabriel Hurez-Soler,AMSA A,all,overall,4,96,3,8,1,8,
Gabriel Hurez-Soler,AMSA A,all,other,4,16,1,0,0,4,
Gabriel Hurez-Soler,AMSA A,all,math,4,16,0,0,0,0,
Gabriel Hurez-Soler,AMSA A,all,chemistry,4,16,0,0,0,0,
Gabriel Hurez-Soler,AMSA A,all,ess,4,16,1,5,1,0,
Gabriel Hurez-Soler,AMSA A,all,biology,4,16,1,3,0,4,
Gabriel Hurez-Soler,AMSA A,all,physics,4,16,0,0,0,0,
Jackson Molloy,AMSA C,all,overall,4,96,6,10,4,8,
Jackson Molloy,AMSA C,all,other,4,16,1,3,2,-4,
Jackson Molloy,AMSA C,all,math,4,16,1,0,0,4,
Jackson Molloy,AMSA C,all,chemistry,4,16,1,3,0,4,
Jackson Molloy,AMSA C,all,ess,4,16,2,1,1,4,
Jackson Molloy,AMSA C,all,biology,4,16,1,2,1,0,
Jackson Molloy,AMSA C,all,physics,4,16,0,1,0,0,
Davistator,Collierville,all,overall,8,192,4,14,0,16,
Davistator,Collierville,all,other,8,32,0,5,0,0,
Davistator,Collierville,all,math,8,32,0,0,0,0,
Davistator,Collierville,all,chemistry,8,32,1,2,0,4,
Davistator,Collierville,all,ess,8,32,0,1,0,0,
Davistator,Collierville,all,biology,8,32,0,0,0,0,
Davistator,Collierville,all,physics,8,32,3,6,0,12,
Emily,Centennial,all,overall,10,240,6,3,1,20,
Emily,Centennial,all,other,10,40,2,2,0,8,
Emily,Centennial,all,math,10,40,0,1,0,0,
Emily,Centennial,all,chemistry,10,40,0,0,0,0,
Emily,Centennial,all,ess,10,40,1,0,0,4,
Emily,Centennial,all,biology,10,40,3,0,1,8,
Emily,Centennial,all,physics,10,40,0,0,0,0,
Jonathan Gu,Princeton,all,overall,4,96,2,3,0,8,
Jonathan Gu,Princeton,all,other,4,16,1,0,0,4,
Jonathan Gu,Princeton,all,math,4,16,1,0,0,4,
Jonathan Gu,Princeton,all,chemistry,4,16,0,1,0,0,
Jonathan Gu,Princeton,all,ess,4,16,0,1,0,0,
Jonathan Gu,Princeton,all,biology,4,16,0,0,0,0,
Jonathan Gu,Princeton,all,physics,4,16,0,1,0,0,
Gregory Cohen,Longwood,all,overall,4,96,3,2,1,8,
Gregory Cohen,Longwood,all,other,4,16,0,0,0,0,
Gregory Cohen,Longwood,all,math,4,16,2,2,1,4,
Gregory Cohen,Longwood,all,chemistry,4,16,0,0,0,0,
Gregory Cohen,Longwood,all,ess,4,16,0,0,0,0,
Gregory Cohen,Longwood,all,biology,4,16,0,0,0,0,
Gregory Cohen,Longwood,all,physics,4,16,1,0,0,4,
Jeremy Choi,Iolani B,all,overall,4,96,2,2,0,8,
Jeremy Choi,Iolani B,all,other,4,16,0,0,0,0,
Jeremy Choi,Iolani B,all,math,4,16,1,1,0,4,
Jeremy Choi,Iolani B,all,chemistry,4,16,1,1,0,4,
Jeremy Choi,Iolani B,all,ess,4,16,0,0,0,0,
Jeremy Choi,Iolani B,all,biology,4,16,0,0,0,0,
Jeremy Choi,Iolani B,all,physics,4,16,0,0,0,0,
Kara P,Maryville A,all,overall,4,96,3,6,1,8,
Kara P,Maryville A,all,other,4,16,1,0,1,0,
Kara P,Maryville A,all,math,4,16,0,2,0,0,
Kara P,Maryville A,all,chemistry,4,16,0,0,0,0,
Kara P,Maryville A,all,ess,4,16,2,4,0,8,
Kara P,Maryville A,all,biology,4,16,0,0,0,0,
Kara P,Maryville A,all,physics,4,16,0,0,0,0,
Arnav K,Glastonbury B,all,overall,4,96,2,14,0,8,
Arnav K,Glastonbury B,all,other,4,16,1,2,0,4,
Arnav K,Glastonbury B,all,math,4,16,0,2,0,0,
Arnav K,Glastonbury B,all,chemistry,4,16,0,3,0,0,
Arnav K,Glastonbury B,all,ess,4,16,0,3,0,0,
Arnav K,Glastonbury B,all,biology,4,16,0,3,0,0,
Arnav K,Glastonbury B,all,physics,4,16,1,1,0,4,
Aneesh Maruvada,Liberty A,all,overall,4,96,2,4,0,8,
Aneesh Maruvada,Liberty A,all,other,4,16,0,1,0,0,
Aneesh Maruvada,Liberty A,all,math,4,16,1,2,0,4,
Aneesh Maruvada,Liberty A,all,chemistry,4,16,0,0,0,0,
Aneesh Maruvada,Liberty A,all,ess,4,16,0,1,0,0,
Aneesh Maruvada,Liberty A,all,biology,4,16,0,0,0,0,
Aneesh Maruvada,Liberty A,all,physics,4,16,1,0,0,4,
Abheek Dhawan,Ladue,all,overall,8,192,4,3,0,16,
Abheek Dhawan,Ladue,all,other,8,32,1,1,0,4,
Abheek Dhawan,Ladue,all,math,8,32,0,0,0,0,
Abheek Dhawan,Ladue,all,chemistry,8,32,0,0,0,0,
Abheek Dhawan,Ladue,all,ess,8,32,3,1,0,12,
Abheek Dhawan,Ladue,all,biology,8,32,0,0,0,0,
Abheek Dhawan,Ladue,all,physics,8,32,0,1,0,0,
Damini Rosenblatt,Brooklyn Tech C,all,overall,4,96,2,5,0,8,
Damini Rosenblatt,Brooklyn Tech C,all,other,4,16,0,0,0,0,
Damini Rosenblatt,Brooklyn Tech C,all,math,4,16,1,1,0,4,
Damini Rosenblatt,Brooklyn Tech C,all,chemistry,4,16,0,1,0,0,
Damini Rosenblatt,Brooklyn Tech C,all,ess,4,16,0,1,0,0,
Damini Rosenblatt,Brooklyn Tech C,all,biology,4,16,1,1,0,4,
Damini Rosenblatt,Brooklyn Tech C,all,physics,4,16,0,1,0,0,
Sree Paladugu,duPont Manual,all,overall,6,144,3,5,0,12,
Sree Paladugu,duPont Manual,all,other,6,24,1,0,0,4,
Sree Paladugu,duPont Manual,all,math,6,24,0,0,0,0,
Sree Paladugu,duPont Manual,all,chemistry,6,24,2,2,0,8,
Sree Paladugu,duPont Manual,all,ess,6,24,0,2,0,0,
Sree Paladugu,duPont Manual,all,biology,6,24,0,1,0,0,
Sree Paladugu,duPont Manual,all,physics,6,24,0,0,0,0,
Jonah Xu,duPont Manual,all,overall,6,144,3,1,0,12,
Jonah Xu,duPont Manual,all,other,6,24,2,0,0,8,
Jonah Xu,duPont Manual,all,math,6,24,0,0,0,0,
Jonah Xu,duPont Manual,all,chemistry,6,24,0,0,0,0,
Jonah Xu,duPont Manual,all,ess,6,24,0,0,0,0,
Jonah Xu,duPont Manual,all,biology,6,24,1,0,0,4,
Jonah Xu,duPont Manual,all,physics,6,24,0,1,0,0,
Sriraam Hebbar,Northville,all,overall,4,96,2,0,0,8,
Sriraam Hebbar,Northville,all,other,4,16,0,0,0,0,
Sriraam Hebbar,Northville,all,math,4,16,0,0,0,0,
Sriraam Hebbar,Northville,all,chemistry,4,16,0,0,0,0,
Sriraam Hebbar,Northville,all,ess,4,16,2,0,0,8,
Sriraam Hebbar,Northville,all,biology,4,16,0,0,0,0,
Sriraam Hebbar,Northville,all,physics,4,16,0,0,0,0,
(SCDS) Adam Akins,SCDS,all,overall,4,96,3,3,1,8,
(SCDS) Adam Akins,SCDS,all,other,4,16,2,0,0,8,
(SCDS) Adam Akins,SCDS,all,math,4,16,0,0,0,0,
(SCDS) Adam Akins,SCDS,all,chemistry,4,16,0,1,0,0,
(SCDS) Adam Akins,SCDS,all,ess,4,16,0,0,0,0,
(SCDS) Adam Akins,SCDS,all,biology,4,16,1,2,1,0,
(SCDS) Adam Akins,SCDS,all,physics,4,16,0,0,0,0,
Katherine Wang,Blair B,all,overall,7,168,3,0,0,12,
Katherine Wang,Blair B,all,other,7,28,0,0,0,0,
Katherine Wang,Blair B,all,math,7,28,0,0,0,0,
Katherine Wang,Blair B,all,chemistry,7,28,0,0,0,0,
Katherine Wang,Blair B,all,ess,7,28,3,0,0,12,
Katherine Wang,Blair B,all,biology,7,28,0,0,0,0,
Katherine Wang,Blair B,all,physics,7,28,0,0,0,0,
Ephram Chun,Lexington B,all,overall,7,168,6,3,3,12,
Ephram Chun,Lexington B,all,other,7,28,0,0,0,0,
Ephram Chun,Lexington B,all,math,7,28,6,1,3,12,
Ephram Chun,Lexington B,all,chemistry,7,28,0,1,0,0,
Ephram Chun,Lexington B,all,ess,7,28,0,0,0,0,
Ephram Chun,Lexington B,all,biology,7,28,0,0,0,0,
Ephram Chun,Lexington B,all,physics,7,28,0,1,0,0,
David Zhou,Lexington A,all,overall,12,288,8,1,3,20,
David Zhou,Lexington A,all,other,12,48,0,0,1,-4,
David Zhou,Lexington A,all,math,12,48,0,0,0,0,
David Zhou,Lexington A,all,chemistry,12,48,0,0,0,0,
David Zhou,Lexington A,all,ess,12,48,8,1,2,24,
David Zhou,Lexington A,all,biology,12,48,0,0,0,0,
David Zhou,Lexington A,all,physics,12,48,0,0,0,0,
Teresa Yan,Brooklyn Tech D,all,overall,5,120,2,10,0,8,
Teresa Yan,Brooklyn Tech D,all,other,5,20,1,2,0,4,
Teresa Yan,Brooklyn Tech D,all,math,5,20,0,1,0,0,
Teresa Yan,Brooklyn Tech D,all,chemistry,5,20,0,2,0,0,
Teresa Yan,Brooklyn Tech D,all,ess,5,20,0,2,0,0,
Teresa Yan,Brooklyn Tech D,all,biology,5,20,0,2,0,0,
Teresa Yan,Brooklyn Tech D,all,physics,5,20,1,1,0,4,
Cindy Yao,Lindbergh A,all,overall,5,120,3,9,1,8,
Cindy Yao,Lindbergh A,all,other,5,20,1,0,1,0,
Cindy Yao,Lindbergh A,all,math,5,20,1,0,0,4,
Cindy Yao,Lindbergh A,all,chemistry,5,20,0,0,0,0,
Cindy Yao,Lindbergh A,all,ess,5,20,1,3,0,4,
Cindy Yao,Lindbergh A,all,biology,5,20,0,3,0,0,
Cindy Yao,Lindbergh A,all,physics,5,20,0,3,0,0,
Evan Morris,Tupelo,all,overall,5,120,2,1,0,8,
Evan Morris,Tupelo,all,other,5,20,0,1,0,0,
Evan Morris,Tupelo,all,math,5,20,0,0,0,0,
Evan Morris,Tupelo,all,chemistry,5,20,0,0,0,0,
Evan Morris,Tupelo,all,ess,5,20,2,0,0,8,
Evan Morris,Tupelo,all,biology,5,20,0,0,0,0,
Evan Morris,Tupelo,all,physics,5,20,0,0,0,0,
Dexter Gard,ASFA A,all,overall,8,192,5,2,2,12,
Dexter Gard,ASFA A,all,other,8,32,4,1,0,16,
Dexter Gard,ASFA A,all,math,8,32,0,0,0,0,
Dexter Gard,ASFA A,all,chemistry,8,32,0,0,0,0,
Dexter Gard,ASFA A,all,ess,8,32,0,0,0,0,
Dexter Gard,ASFA A,all,biology,8,32,0,1,1,-4,
Dexter Gard,ASFA A,all,physics,8,32,1,0,1,0,
Vivek Nagarajan,MSMS,all,overall,6,144,2,1,0,8,
Vivek Nagarajan,MSMS,all,other,6,24,2,1,0,8,
Vivek Nagarajan,MSMS,all,math,6,24,0,0,0,0,
Vivek Nagarajan,MSMS,all,chemistry,6,24,0,0,0,0,
Vivek Nagarajan,MSMS,all,ess,6,24,0,0,0,0,
Vivek Nagarajan,MSMS,all,biology,6,24,0,0,0,0,
Vivek Nagarajan,MSMS,all,physics,6,24,0,0,0,0,
Sai Lalitha Kodukula,AHS Broward B,all,overall,6,144,2,3,0,8,
Sai Lalitha Kodukula,AHS Broward B,all,other,6,24,0,1,0,0,
Sai Lalitha Kodukula,AHS Broward B,all,math,6,24,2,0,0,8,
Sai Lalitha Kodukula,AHS Broward B,all,chemistry,6,24,0,0,0,0,
Sai Lalitha Kodukula,AHS Broward B,all,ess,6,24,0,0,0,0,
Sai Lalitha Kodukula,AHS Broward B,all,biology,6,24,0,0,0,0,
Sai Lalitha Kodukula,AHS Broward B,all,physics,6,24,0,2,0,0,
Sumu Vulava,duPont Manual,all,overall,6,144,4,0,2,8,
Sumu Vulava,duPont Manual,all,other,6,24,0,0,0,0,
Sumu Vulava,duPont Manual,all,math,6,24,1,0,1,0,
Sumu Vulava,duPont Manual,all,chemistry,6,24,0,0,0,0,
Sumu Vulava,duPont Manual,all,ess,6,24,3,0,0,12,
Sumu Vulava,duPont Manual,all,biology,6,24,0,0,0,0,
Sumu Vulava,duPont Manual,all,physics,6,24,0,0,1,-4,
Leo Yang,Green Hope A,all,overall,7,168,2,2,0,8,
Leo Yang,Green Hope A,all,other,7,28,0,0,0,0,
Leo Yang,Green Hope A,all,math,7,28,2,2,0,8,
Leo Yang,Green Hope A,all,chemistry,7,28,0,0,0,0,
Leo Yang,Green Hope A,all,ess,7,28,0,0,0,0,
Leo Yang,Green Hope A,all,biology,7,28,0,0,0,0,
Leo Yang,Green Hope A,all,physics,7,28,0,0,0,0,
Pal Patel,Canterbury,all,overall,4,96,1,0,0,4,
Pal Patel,Canterbury,all,other,4,16,0,0,0,0,
Pal Patel,Canterbury,all,math,4,16,0,0,0,0,
Pal Patel,Canterbury,all,chemistry,4,16,0,0,0,0,
Pal Patel,Canterbury,all,ess,4,16,1,0,0,4,
Pal Patel,Canterbury,all,biology,4,16,0,0,0,0,
Pal Patel,Canterbury,all,physics,4,16,0,0,0,0,
Megan Lee,POBJFK,all,overall,4,96,1,1,0,4,
Megan Lee,POBJFK,all,other,4,16,0,0,0,0,
Megan Lee,POBJFK,all,math,4,16,0,0,0,0,
Megan Lee,POBJFK,all,chemistry,4,16,0,0,0,0,
Megan Lee,POBJFK,all,ess,4,16,0,0,0,0,
Megan Lee,POBJFK,all,biology,4,16,1,1,0,4,
Megan Lee,POBJFK,all,physics,4,16,0,0,0,0,
Riya Patel,Maryville A,all,overall,4,96,1,3,0,4,
Riya Patel,Maryville A,all,other,4,16,0,1,0,0,
Riya Patel,Maryville A,all,math,4,16,1,0,0,4,
Riya Patel,Maryville A,all,chemistry,4,16,0,1,0,0,
Riya Patel,Maryville A,all,ess,4,16,0,0,0,0,
Riya Patel,Maryville A,all,biology,4,16,0,1,0,0,
Riya Patel,Maryville A,all,physics,4,16,0,0,0,0,
Tanav Kiran,JP Stevens B,all,overall,4,96,1,2,0,4,
Tanav Kiran,JP Stevens B,all,other,4,16,1,0,0,4,
Tanav Kiran,JP Stevens B,all,math,4,16,0,0,0,0,
Tanav Kiran,JP Stevens B,all,chemistry,4,16,0,1,0,0,
Tanav Kiran,JP Stevens B,all,ess,4,16,0,0,0,0,
Tanav Kiran,JP Stevens B,all,biology,4,16,0,1,0,0,
Tanav Kiran,JP Stevens B,all,physics,4,16,0,0,0,0,
DANIEL YI,Brooklyn Tech C,all,overall,4,96,1,3,0,4,
DANIEL YI,Brooklyn Tech C,all,other,4,16,0,0,0,0,
DANIEL YI,Brooklyn Tech C,all,math,4,16,0,1,0,0,
DANIEL YI,Brooklyn Tech C,all,chemistry,4,16,1,1,0,4,
DANIEL YI,Brooklyn Tech C,all,ess,4,16,0,0,0,0,
DANIEL YI,Brooklyn Tech C,all,biology,4,16,0,0,0,0,
DANIEL YI,Brooklyn Tech C,all,physics,4,16,0,1,0,0,
Kristijonas Bernatonis,Canterbury,all,overall,4,96,1,1,0,4,
Kristijonas Bernatonis,Canterbury,all,other,4,16,0,0,0,0,
Kristijonas Bernatonis,Canterbury,all,math,4,16,0,0,0,0,
Kristijonas Bernatonis,Canterbury,all,chemistry,4,16,0,1,0,0,
Kristijonas Bernatonis,Canterbury,all,ess,4,16,0,0,0,0,
Kristijonas Bernatonis,Canterbury,all,biology,4,16,0,0,0,0,
Kristijonas Bernatonis,Canterbury,all,physics,4,16,1,0,0,4,
LibertyBKritiA,Liberty B,all,overall,4,96,3,9,2,4,
LibertyBKritiA,Liberty B,all,other,4,16,1,1,0,4,
LibertyBKritiA,Liberty B,all,math,4,16,0,2,1,-4,
LibertyBKritiA,Liberty B,all,chemistry,4,16,1,1,0,4,
LibertyBKritiA,Liberty B,all,ess,4,16,1,4,1,0,
LibertyBKritiA,Liberty B,all,biology,4,16,0,0,0,0,
LibertyBKritiA,Liberty B,all,physics,4,16,0,1,0,0,
MELISSA PHILLIPS,New Canaan,all,overall,4,96,1,2,0,4,
MELISSA PHILLIPS,New Canaan,all,other,4,16,0,0,0,0,
MELISSA PHILLIPS,New Canaan,all,math,4,16,0,0,0,0,
MELISSA PHILLIPS,New Canaan,all,chemistry,4,16,1,1,0,4,
MELISSA PHILLIPS,New Canaan,all,ess,4,16,0,0,0,0,
MELISSA PHILLIPS,New Canaan,all,biology,4,16,0,1,0,0,
MELISSA PHILLIPS,New Canaan,all,physics,4,16,0,0,0,0,
Advika,Quail Valley,all,overall,4,96,1,1,0,4,
Advika,Quail Valley,all,other,4,16,0,1,0,0,
Advika,Quail Valley,all,math,4,16,1,0,0,4,
Advika,Quail Valley,all,chemistry,4,16,0,0,0,0,
Advika,Quail Valley,all,ess,4,16,0,0,0,0,
Advika,Quail Valley,all,biology,4,16,0,0,0,0,
Advika,Quail Valley,all,physics,4,16,0,0,0,0,
Odelia Lu,Wayland A,all,overall,4,96,1,0,0,4,
Odelia Lu,Wayland A,all,other,4,16,0,0,0,0,
Odelia Lu,Wayland A,all,math,4,16,1,0,0,4,
Odelia Lu,Wayland A,all,chemistry,4,16,0,0,0,0,
Odelia Lu,Wayland A,all,ess,4,16,0,0,0,0,
Odelia Lu,Wayland A,all,biology,4,16,0,0,0,0,
Odelia Lu,Wayland A,all,physics,4,16,0,0,0,0,
Harshtha Chander,Liberty A,all,overall,4,96,1,1,0,4,
Harshtha Chander,Liberty A,all,other,4,16,0,0,0,0,
Harshtha Chander,Liberty A,all,math,4,16,0,1,0,0,
Harshtha Chander,Liberty A,all,chemistry,4,16,0,0,0,0,
Harshtha Chander,Liberty A,all,ess,4,16,1,0,0,4,
Harshtha Chander,Liberty A,all,biology,4,16,0,0,0,0,
Harshtha Chander,Liberty A,all,physics,4,16,0,0,0,0,
annabelle bristol,New Canaan,all,overall,4,96,1,1,0,4,
annabelle bristol,New Canaan,all,other,4,16,0,0,0,0,
annabelle bristol,New Canaan,all,math,4,16,0,0,0,0,
annabelle bristol,New Canaan,all,chemistry,4,16,0,1,0,0,
annabelle bristol,New Canaan,all,ess,4,16,1,0,0,4,
annabelle bristol,New Canaan,all,biology,4,16,0,0,0,0,
annabelle bristol,New Canaan,all,physics,4,16,0,0,0,0,
Leonard John Saringan,BRHS,all,overall,4,96,1,1,0,4,
Leonard John Saringan,BRHS,all,other,4,16,0,0,0,0,
Leonard John Saringan,BRHS,all,math,4,16,0,0,0,0,
Leonard John Saringan,BRHS,all,chemistry,4,16,0,0,0,0,
Leonard John Saringan,BRHS,all,ess,4,16,0,0,0,0,
Leonard John Saringan,BRHS,all,biology,4,16,0,0,0,0,
Leonard John Saringan,BRHS,all,physics,4,16,1,1,0,4,
Brian Scully,BOW A,all,overall,5,120,1,1,0,4,
Brian Scully,BOW A,all,other,5,20,0,1,0,0,
Brian Scully,BOW A,all,math,5,20,1,0,0,4,
Brian Scully,BOW A,all,chemistry,5,20,0,0,0,0,
Brian Scully,BOW A,all,ess,5,20,0,0,0,0,
Brian Scully,BOW A,all,biology,5,20,0,0,0,0,
Brian Scully,BOW A,all,physics,5,20,0,0,0,0,
abhi ghosh,Poolesville B,all,overall,5,120,1,0,0,4,
abhi ghosh,Poolesville B,all,other,5,20,0,0,0,0,
abhi ghosh,Poolesville B,all,math,5,20,1,0,0,4,
abhi ghosh,Poolesville B,all,chemistry,5,20,0,0,0,0,
abhi ghosh,Poolesville B,all,ess,5,20,0,0,0,0,
abhi ghosh,Poolesville B,all,biology,5,20,0,0,0,0,
abhi ghosh,Poolesville B,all,physics,5,20,0,0,0,0,
Ishaan Rao,Green Hope B,all,overall,5,120,1,0,0,4,
Ishaan Rao,Green Hope B,all,other,5,20,0,0,0,0,
Ishaan Rao,Green Hope B,all,math,5,20,0,0,0,0,
Ishaan Rao,Green Hope B,all,chemistry,5,20,0,0,0,0,
Ishaan Rao,Green Hope B,all,ess,5,20,0,0,0,0,
Ishaan Rao,Green Hope B,all,biology,5,20,1,0,0,4,
Ishaan Rao,Green Hope B,all,physics,5,20,0,0,0,0,
Keshav Ramaswamy,RMHS B,all,overall,5,120,2,8,1,4,
Keshav Ramaswamy,RMHS B,all,other,5,20,1,0,1,0,
Keshav Ramaswamy,RMHS B,all,math,5,20,0,3,0,0,
Keshav Ramaswamy,RMHS B,all,chemistry,5,20,0,2,0,0,
Keshav Ramaswamy,RMHS B,all,ess,5,20,1,0,0,4,
Keshav Ramaswamy,RMHS B,all,biology,5,20,0,1,0,0,
Keshav Ramaswamy,RMHS B,all,physics,5,20,0,2,0,0,
Sofia Arora,JP Stevens A,all,overall,8,192,1,1,0,4,
Sofia Arora,JP Stevens A,all,other,8,32,0,0,0,0,
Sofia Arora,JP Stevens A,all,math,8,32,0,1,0,0,
Sofia Arora,JP Stevens A,all,chemistry,8,32,0,0,0,0,
Sofia Arora,JP Stevens A,all,ess,8,32,0,0,0,0,
Sofia Arora,JP Stevens A,all,biology,8,32,0,0,0,0,
Sofia Arora,JP Stevens A,all,physics,8,32,1,0,0,4,
Chiheng Ma,Canterbury,all,overall,4,96,0,1,0,0,
Chiheng Ma,Canterbury,all,other,4,16,0,0,0,0,
Chiheng Ma,Canterbury,all,math,4,16,0,1,0,0,
Chiheng Ma,Canterbury,all,chemistry,4,16,0,0,0,0,
Chiheng Ma,Canterbury,all,ess,4,16,0,0,0,0,
Chiheng Ma,Canterbury,all,biology,4,16,0,0,0,0,
Chiheng Ma,Canterbury,all,physics,4,16,0,0,0,0,
Anagh Sheth,JP Stevens A,all,overall,8,192,1,5,1,0,
Anagh Sheth,JP Stevens A,all,other,8,32,0,0,0,0,
Anagh Sheth,JP Stevens A,all,math,8,32,0,2,1,-4,
Anagh Sheth,JP Stevens A,all,chemistry,8,32,0,0,0,0,
Anagh Sheth,JP Stevens A,all,ess,8,32,1,0,0,4,
Anagh Sheth,JP Stevens A,all,biology,8,32,0,0,0,0,
Anagh Sheth,JP Stevens A,all,physics,8,32,0,3,0,0,
Jacob Unzicker,Lindbergh A,all,overall,5,120,0,4,0,0,
Jacob Unzicker,Lindbergh A,all,other,5,20,0,1,0,0,
Jacob Unzicker,Lindbergh A,all,math,5,20,0,0,0,0,
Jacob Unzicker,Lindbergh A,all,chemistry,5,20,0,1,0,0,
Jacob Unzicker,Lindbergh A,all,ess,5,20,0,1,0,0,
Jacob Unzicker,Lindbergh A,all,biology,5,20,0,1,0,0,
Jacob Unzicker,Lindbergh A,all,physics,5,20,0,0,0,0,
Atul Kashyap,Centennial,all,overall,10,240,0,2,0,0,
Atul Kashyap,Centennial,all,other,10,40,0,0,0,0,
Atul Kashyap,Centennial,all,math,10,40,0,0,0,0,
Atul Kashyap,Centennial,all,chemistry,10,40,0,0,0,0,
Atul Kashyap,Centennial,all,ess,10,40,0,2,0,0,
Atul Kashyap,Centennial,all,biology,10,40,0,0,0,0,
Atul Kashyap,Centennial,all,physics,10,40,0,0,0,0,
Srivibhu Piratla,AMSA C,all,overall,4,96,0,5,0,0,
Srivibhu Piratla,AMSA C,all,other,4,16,0,1,0,0,
Srivibhu Piratla,AMSA C,all,math,4,16,0,0,0,0,
Srivibhu Piratla,AMSA C,all,chemistry,4,16,0,1,0,0,
Srivibhu Piratla,AMSA C,all,ess,4,16,0,2,0,0,
Srivibhu Piratla,AMSA C,all,biology,4,16,0,1,0,0,
Srivibhu Piratla,AMSA C,all,physics,4,16,0,0,0,0,
Sanjana Razzaque,Grand Oaks,all,overall,4,96,0,5,0,0,
Sanjana Razzaque,Grand Oaks,all,other,4,16,0,1,0,0,
Sanjana Razzaque,Grand Oaks,all,math,4,16,0,2,0,0,
Sanjana Razzaque,Grand Oaks,all,chemistry,4,16,0,0,0,0,
Sanjana Razzaque,Grand Oaks,all,ess,4,16,0,1,0,0,
Sanjana Razzaque,Grand Oaks,all,biology,4,16,0,1,0,0,
Sanjana Razzaque,Grand Oaks,all,physics,4,16,0,0,0,0,
Macy P.,Maryville A,all,overall,4,96,0,2,0,0,
Macy P.,Maryville A,all,other,4,16,0,0,0,0,
Macy P.,Maryville A,all,math,4,16,0,0,0,0,
Macy P.,Maryville A,all,chemistry,4,16,0,0,0,0,
Macy P.,Maryville A,all,ess,4,16,0,0,0,0,
Macy P.,Maryville A,all,biology,4,16,0,1,0,0,
Macy P.,Maryville A,all,physics,4,16,0,1,0,0,
Joshua Chen,Bob Jones,all,overall,5,120,0,2,0,0,
Joshua Chen,Bob Jones,all,other,5,20,0,1,0,0,
Joshua Chen,Bob Jones,all,math,5,20,0,0,0,0,
Joshua Chen,Bob Jones,all,chemistry,5,20,0,0,0,0,
Joshua Chen,Bob Jones,all,ess,5,20,0,0,0,0,
Joshua Chen,Bob Jones,all,biology,5,20,0,0,0,0,
Joshua Chen,Bob Jones,all,physics,5,20,0,1,0,0,
Mahesh Ramani,John Adams,all,overall,4,96,0,1,0,0,
Mahesh Ramani,John Adams,all,other,4,16,0,0,0,0,
Mahesh Ramani,John Adams,all,math,4,16,0,0,0,0,
Mahesh Ramani,John Adams,all,chemistry,4,16,0,1,0,0,
Mahesh Ramani,John Adams,all,ess,4,16,0,0,0,0,
Mahesh Ramani,John Adams,all,biology,4,16,0,0,0,0,
Mahesh Ramani,John Adams,all,physics,4,16,0,0,0,0,
Rovena Abdalla,Brooklyn Tech D,all,overall,5,120,0,1,0,0,
Rovena Abdalla,Brooklyn Tech D,all,other,5,20,0,0,0,0,
Rovena Abdalla,Brooklyn Tech D,all,math,5,20,0,0,0,0,
Rovena Abdalla,Brooklyn Tech D,all,chemistry,5,20,0,0,0,0,
Rovena Abdalla,Brooklyn Tech D,all,ess,5,20,0,0,0,0,
Rovena Abdalla,Brooklyn Tech D,all,biology,5,20,0,1,0,0,
Rovena Abdalla,Brooklyn Tech D,all,physics,5,20,0,0,0,0,
Alex Shuler,SCDS,all,overall,4,96,0,1,0,0,
Alex Shuler,SCDS,all,other,4,16,0,0,0,0,
Alex Shuler,SCDS,all,math,4,16,0,1,0,0,
Alex Shuler,SCDS,all,chemistry,4,16,0,0,0,0,
Alex Shuler,SCDS,all,ess,4,16,0,0,0,0,
Alex Shuler,SCDS,all,biology,4,16,0,0,0,0,
Alex Shuler,SCDS,all,physics,4,16,0,0,0,0,
Karthik Angara,BRHS,all,overall,4,96,0,1,0,0,
Karthik Angara,BRHS,all,other,4,16,0,0,0,0,
Karthik Angara,BRHS,all,math,4,16,0,0,0,0,
Karthik Angara,BRHS,all,chemistry,4,16,0,0,0,0,
Karthik Angara,BRHS,all,ess,4,16,0,0,0,0,
Karthik Angara,BRHS,all,biology,4,16,0,0,0,0,
Karthik Angara,BRHS,all,physics,4,16,0,1,0,0,
Ella Chen,Brooklyn Tech C,all,overall,4,96,0,2,0,0,
Ella Chen,Brooklyn Tech C,all,other,4,16,0,0,0,0,
Ella Chen,Brooklyn Tech C,all,math,4,16,0,1,0,0,
Ella Chen,Brooklyn Tech C,all,chemistry,4,16,0,0,0,0,
Ella Chen,Brooklyn Tech C,all,ess,4,16,0,0,0,0,
Ella Chen,Brooklyn Tech C,all,biology,4,16,0,0,0,0,
Ella Chen,Brooklyn Tech C,all,physics,4,16,0,1,0,0,
Alissa Ye,JP Stevens B,all,overall,4,96,0,4,0,0,
Alissa Ye,JP Stevens B,all,other,4,16,0,0,0,0,
Alissa Ye,JP Stevens B,all,math,4,16,0,0,0,0,
Alissa Ye,JP Stevens B,all,chemistry,4,16,0,2,0,0,
Alissa Ye,JP Stevens B,all,ess,4,16,0,2,0,0,
Alissa Ye,JP Stevens B,all,biology,4,16,0,0,0,0,
Alissa Ye,JP Stevens B,all,physics,4,16,0,0,0,0,
Cade Mairidith,Tupelo,all,overall,5,120,0,1,0,0,
Cade Mairidith,Tupelo,all,other,5,20,0,1,0,0,
Cade Mairidith,Tupelo,all,math,5,20,0,0,0,0,
Cade Mairidith,Tupelo,all,chemistry,5,20,0,0,0,0,
Cade Mairidith,Tupelo,all,ess,5,20,0,0,0,0,
Cade Mairidith,Tupelo,all,biology,5,20,0,0,0,0,
Cade Mairidith,Tupelo,all,physics,5,20,0,0,0,0,
winnie,Brooklyn Tech A,all,overall,4,96,0,1,0,0,
winnie,Brooklyn Tech A,all,other,4,16,0,0,0,0,
winnie,Brooklyn Tech A,all,math,4,16,0,0,0,0,
winnie,Brooklyn Tech A,all,chemistry,4,16,0,0,0,0,
winnie,Brooklyn Tech A,all,ess,4,16,0,1,0,0,
winnie,Brooklyn Tech A,all,biology,4,16,0,0,0,0,
winnie,Brooklyn Tech A,all,physics,4,16,0,0,0,0,
Raymond Zhang,Tupelo,all,overall,5,120,0,1,0,0,
Raymond Zhang,Tupelo,all,other,5,20,0,0,0,0,
Raymond Zhang,Tupelo,all,math,5,20,0,0,0,0,
Raymond Zhang,Tupelo,all,chemistry,5,20,0,0,0,0,
Raymond Zhang,Tupelo,all,ess,5,20,0,0,0,0,
Raymond Zhang,Tupelo,all,biology,5,20,0,1,0,0,
Raymond Zhang,Tupelo,all,physics,5,20,0,0,0,0,
VERA LAPIDUS,Brooklyn Tech B,all,overall,4,96,0,4,0,0,
VERA LAPIDUS,Brooklyn Tech B,all,other,4,16,0,0,0,0,
VERA LAPIDUS,Brooklyn Tech B,all,math,4,16,0,1,0,0,
VERA LAPIDUS,Brooklyn Tech B,all,chemistry,4,16,0,0,0,0,
VERA LAPIDUS,Brooklyn Tech B,all,ess,4,16,0,1,0,0,
VERA LAPIDUS,Brooklyn Tech B,all,biology,4,16,0,0,0,0,
VERA LAPIDUS,Brooklyn Tech B,all,physics,4,16,0,2,0,0,
Chaewoon Kyoung,Blair C,all,overall,8,192,1,0,1,0,
Chaewoon Kyoung,Blair C,all,other,8,32,0,0,0,0,
Chaewoon Kyoung,Blair C,all,math,8,32,0,0,0,0,
Chaewoon Kyoung,Blair C,all,chemistry,8,32,1,0,0,4,
Chaewoon Kyoung,Blair C,all,ess,8,32,0,0,0,0,
Chaewoon Kyoung,Blair C,all,biology,8,32,0,0,0,0,
Chaewoon Kyoung,Blair C,all,physics,8,32,0,0,1,-4,
Alanna Van Tuyl,Maryville B,all,overall,5,120,0,0,1,-4,
Alanna Van Tuyl,Maryville B,all,other,5,20,0,0,1,-4,
Alanna Van Tuyl,Maryville B,all,math,5,20,0,0,0,0,
Alanna Van Tuyl,Maryville B,all,chemistry,5,20,0,0,0,0,
Alanna Van Tuyl,Maryville B,all,ess,5,20,0,0,0,0,
Alanna Van Tuyl,Maryville B,all,biology,5,20,0,0,0,0,
Alanna Van Tuyl,Maryville B,all,physics,5,20,0,0,0,0,
Pranav Balaji,AMSA A,all,overall,4,96,0,6,1,-4,
Pranav Balaji,AMSA A,all,other,4,16,0,2,1,-4,
Pranav Balaji,AMSA A,all,math,4,16,0,1,0,0,
Pranav Balaji,AMSA A,all,chemistry,4,16,0,1,0,0,
Pranav Balaji,AMSA A,all,ess,4,16,0,0,0,0,
Pranav Balaji,AMSA A,all,biology,4,16,0,1,0,0,
Pranav Balaji,AMSA A,all,physics,4,16,0,1,0,0,
Sophia Xie,Wayland A,all,overall,4,96,1,2,2,-4,
Sophia Xie,Wayland A,all,other,4,16,0,0,0,0,
Sophia Xie,Wayland A,all,math,4,16,0,0,0,0,
Sophia Xie,Wayland A,all,chemistry,4,16,1,0,0,4,
Sophia Xie,Wayland A,all,ess,4,16,0,0,0,0,
Sophia Xie,Wayland A,all,biology,4,16,0,2,2,-8,
Sophia Xie,Wayland A,all,physics,4,16,0,0,0,0,
Rishabh Mavatoor,Northville,all,overall,4,96,0,0,1,-4,
Rishabh Mavatoor,Northville,all,other,4,16,0,0,0,0,
Rishabh Mavatoor,Northville,all,math,4,16,0,0,0,0,
Rishabh Mavatoor,Northville,all,chemistry,4,16,0,0,1,-4,
Rishabh Mavatoor,Northville,all,ess,4,16,0,0,0,0,
Rishabh Mavatoor,Northville,all,biology,4,16,0,0,0,0,
Rishabh Mavatoor,Northville,all,physics,4,16,0,0,0,0,
Akhil Kalepalli,BRHS,all,overall,4,96,1,4,2,-4,
Akhil Kalepalli,BRHS,all,other,4,16,0,0,0,0,
Akhil Kalepalli,BRHS,all,math,4,16,0,3,2,-8,
Akhil Kalepalli,BRHS,all,chemistry,4,16,0,1,0,0,
Akhil Kalepalli,BRHS,all,ess,4,16,0,0,0,0,
Akhil Kalepalli,BRHS,all,biology,4,16,1,0,0,4,
Akhil Kalepalli,BRHS,all,physics,4,16,0,0,0,0,
